<?xml version="1.0" encoding="utf-8"?>
<COLLADA xmlns="http://www.collada.org/2005/11/COLLADASchema" version="1.4.1">
  <asset>
    <contributor>
      <authoring_tool>Fusion URDF/XACRO Exporter</authoring_tool>
    </contributor>
    <created>2026-05-12T14:25:33Z</created>
    <modified>2026-05-12T14:25:33Z</modified>
    <unit name="meter" meter="1.0"/>
    <up_axis>Z_UP</up_axis>
  </asset>
  <library_effects>
    <effect id="HP_3D_HR_CB_PA_12__avec_imprimante_3D_en_couleurs_HP_Jet_Fusion_580_-effect">
      <profile_COMMON>
        <technique sid="common">
          <lambert>
            <emission><color>0 0 0 1</color></emission>
            <ambient><color>0.0000 0.0000 0.0000 1</color></ambient>
            <diffuse><color>0.9647 0.9647 0.9529 1</color></diffuse>
            <reflective><color>0 0 0 1</color></reflective>
            <transparent opaque="A_ONE"><color>1 1 1 1</color></transparent>
            <transparency><float>1</float></transparency>
          </lambert>
        </technique>
      </profile_COMMON>
    </effect>
  </library_effects>
  <library_materials>
    <material id="HP_3D_HR_CB_PA_12__avec_imprimante_3D_en_couleurs_HP_Jet_Fusion_580_" name="HP_3D_HR_CB_PA_12_(avec_imprimante_3D_en_couleurs_HP_Jet_Fusion_580)">
      <instance_effect url="#HP_3D_HR_CB_PA_12__avec_imprimante_3D_en_couleurs_HP_Jet_Fusion_580_-effect"/>
    </material>
  </library_materials>
  <library_geometries>
    <geometry id="base_link-mesh" name="base_link">
      <mesh>
        <source id="base_link-mesh-positions">
          <float_array id="base_link-mesh-positions-array" count="12168">-0.111100 -0.015000 0.003000 -0.111747 -0.015085 0.003000 -0.112350 -0.015335 0.003000 -0.112868 -0.015732 0.003000 -0.113265 -0.016250 0.003000 -0.113515 -0.016853 0.003000 -0.113600 -0.017500 0.003000 -0.113515 -0.018147 0.003000 -0.113265 -0.018750 0.003000 -0.112868 -0.019268 0.003000 -0.112350 -0.019665 0.003000 -0.111747 -0.019915 0.003000 -0.111100 -0.020000 0.003000 -0.110453 -0.019915 0.003000 -0.109850 -0.019665 0.003000 -0.109332 -0.019268 0.003000 -0.108935 -0.018750 0.003000 -0.108685 -0.018147 0.003000 -0.108600 -0.017500 0.003000 -0.108685 -0.016853 0.003000 -0.108935 -0.016250 0.003000 -0.109332 -0.015732 0.003000 -0.109850 -0.015335 0.003000 -0.110453 -0.015085 0.003000 -0.111100 -0.015000 0.000000 -0.110453 -0.015085 0.000000 -0.109850 -0.015335 0.000000 -0.109332 -0.015732 0.000000 -0.108935 -0.016250 0.000000 -0.108685 -0.016853 0.000000 -0.108600 -0.017500 0.000000 -0.108685 -0.018147 0.000000 -0.108935 -0.018750 0.000000 -0.109332 -0.019268 0.000000 -0.109850 -0.019665 0.000000 -0.110453 -0.019915 0.000000 -0.111100 -0.020000 0.000000 -0.111747 -0.019915 0.000000 -0.112350 -0.019665 0.000000 -0.112868 -0.019268 0.000000 -0.113265 -0.018750 0.000000 -0.113515 -0.018147 0.000000 -0.113600 -0.017500 0.000000 -0.113515 -0.016853 0.000000 -0.113265 -0.016250 0.000000 -0.112868 -0.015732 0.000000 -0.112350 -0.015335 0.000000 -0.111747 -0.015085 0.000000 0.129553 -0.053500 0.003000 0.129165 -0.053551 0.003000 0.128803 -0.053701 0.003000 0.128492 -0.053939 0.003000 0.128254 -0.054250 0.003000 0.128104 -0.054612 0.003000 0.128053 -0.055000 0.003000 0.128104 -0.055388 0.003000 0.128254 -0.055750 0.003000 0.128492 -0.056061 0.003000 0.128803 -0.056299 0.003000 0.129165 -0.056449 0.003000 0.129553 -0.056500 0.003000 0.129941 -0.056449 0.003000 0.130303 -0.056299 0.003000 0.130614 -0.056061 0.003000 0.130852 -0.055750 0.003000 0.131002 -0.055388 0.003000 0.131053 -0.055000 0.003000 0.131002 -0.054612 0.003000 0.130852 -0.054250 0.003000 0.130614 -0.053939 0.003000 0.130303 -0.053701 0.003000 0.129941 -0.053551 0.003000 0.129553 -0.053500 0.000000 0.129941 -0.053551 0.000000 0.130303 -0.053701 0.000000 0.130614 -0.053939 0.000000 0.130852 -0.054250 0.000000 0.131002 -0.054612 0.000000 0.131053 -0.055000 0.000000 0.131002 -0.055388 0.000000 0.130852 -0.055750 0.000000 0.130614 -0.056061 0.000000 0.130303 -0.056299 0.000000 0.129941 -0.056449 0.000000 0.129553 -0.056500 0.000000 0.129165 -0.056449 0.000000 0.128803 -0.056299 0.000000 0.128492 -0.056061 0.000000 0.128254 -0.055750 0.000000 0.128104 -0.055388 0.000000 0.128053 -0.055000 0.000000 0.128104 -0.054612 0.000000 0.128254 -0.054250 0.000000 0.128492 -0.053939 0.000000 0.128803 -0.053701 0.000000 0.129165 -0.053551 0.000000 0.129553 0.056500 0.003000 0.129165 0.056449 0.003000 0.128803 0.056299 0.003000 0.128492 0.056061 0.003000 0.128254 0.055750 0.003000 0.128104 0.055388 0.003000 0.128053 0.055000 0.003000 0.128104 0.054612 0.003000 0.128254 0.054250 0.003000 0.128492 0.053939 0.003000 0.128803 0.053701 0.003000 0.129165 0.053551 0.003000 0.129553 0.053500 0.003000 0.129941 0.053551 0.003000 0.130303 0.053701 0.003000 0.130614 0.053939 0.003000 0.130852 0.054250 0.003000 0.131002 0.054612 0.003000 0.131053 0.055000 0.003000 0.131002 0.055388 0.003000 0.130852 0.055750 0.003000 0.130614 0.056061 0.003000 0.130303 0.056299 0.003000 0.129941 0.056449 0.003000 0.129553 0.056500 0.000000 0.129941 0.056449 0.000000 0.130303 0.056299 0.000000 0.130614 0.056061 0.000000 0.130852 0.055750 0.000000 0.131002 0.055388 0.000000 0.131053 0.055000 0.000000 0.131002 0.054612 0.000000 0.130852 0.054250 0.000000 0.130614 0.053939 0.000000 0.130303 0.053701 0.000000 0.129941 0.053551 0.000000 0.129553 0.053500 0.000000 0.129165 0.053551 0.000000 0.128803 0.053701 0.000000 0.128492 0.053939 0.000000 0.128254 0.054250 0.000000 0.128104 0.054612 0.000000 0.128053 0.055000 0.000000 0.128104 0.055388 0.000000 0.128254 0.055750 0.000000 0.128492 0.056061 0.000000 0.128803 0.056299 0.000000 0.129165 0.056449 0.000000 -0.080000 0.059000 0.003000 -0.081035 0.058864 0.003000 -0.082000 0.058464 0.003000 -0.082828 0.057828 0.003000 -0.083464 0.057000 0.003000 -0.083864 0.056035 0.003000 -0.084000 0.055000 0.003000 -0.083864 0.053965 0.003000 -0.083464 0.053000 0.003000 -0.082828 0.052172 0.003000 -0.082000 0.051536 0.003000 -0.081035 0.051136 0.003000 -0.080000 0.051000 0.003000 -0.078965 0.051136 0.003000 -0.078000 0.051536 0.003000 -0.077172 0.052172 0.003000 -0.076536 0.053000 0.003000 -0.076136 0.053965 0.003000 -0.076000 0.055000 0.003000 -0.076136 0.056035 0.003000 -0.076536 0.057000 0.003000 -0.077172 0.057828 0.003000 -0.078000 0.058464 0.003000 -0.078965 0.058864 0.003000 -0.080000 0.059000 0.000000 -0.078965 0.058864 0.000000 -0.078000 0.058464 0.000000 -0.077172 0.057828 0.000000 -0.076536 0.057000 0.000000 -0.076136 0.056035 0.000000 -0.076000 0.055000 0.000000 -0.076136 0.053965 0.000000 -0.076536 0.053000 0.000000 -0.077172 0.052172 0.000000 -0.078000 0.051536 0.000000 -0.078965 0.051136 0.000000 -0.080000 0.051000 0.000000 -0.081035 0.051136 0.000000 -0.082000 0.051536 0.000000 -0.082828 0.052172 0.000000 -0.083464 0.053000 0.000000 -0.083864 0.053965 0.000000 -0.084000 0.055000 0.000000 -0.083864 0.056035 0.000000 -0.083464 0.057000 0.000000 -0.082828 0.057828 0.000000 -0.082000 0.058464 0.000000 -0.081035 0.058864 0.000000 0.140000 0.001500 0.003000 0.139612 0.001449 0.003000 0.139250 0.001299 0.003000 0.138939 0.001061 0.003000 0.138701 0.000750 0.003000 0.138551 0.000388 0.003000 0.138500 -0.000000 0.003000 0.138551 -0.000388 0.003000 0.138701 -0.000750 0.003000 0.138939 -0.001061 0.003000 0.139250 -0.001299 0.003000 0.139612 -0.001449 0.003000 0.140000 -0.001500 0.003000 0.140388 -0.001449 0.003000 0.140750 -0.001299 0.003000 0.141061 -0.001061 0.003000 0.141299 -0.000750 0.003000 0.141449 -0.000388 0.003000 0.141500 -0.000000 0.003000 0.141449 0.000388 0.003000 0.141299 0.000750 0.003000 0.141061 0.001061 0.003000 0.140750 0.001299 0.003000 0.140388 0.001449 0.003000 0.140000 0.001500 0.000000 0.140388 0.001449 0.000000 0.140750 0.001299 0.000000 0.141061 0.001061 0.000000 0.141299 0.000750 0.000000 0.141449 0.000388 0.000000 0.141500 -0.000000 0.000000 0.141449 -0.000388 0.000000 0.141299 -0.000750 0.000000 0.141061 -0.001061 0.000000 0.140750 -0.001299 0.000000 0.140388 -0.001449 0.000000 0.140000 -0.001500 0.000000 0.139612 -0.001449 0.000000 0.139250 -0.001299 0.000000 0.138939 -0.001061 0.000000 0.138701 -0.000750 0.000000 0.138551 -0.000388 0.000000 0.138500 -0.000000 0.000000 0.138551 0.000388 0.000000 0.138701 0.000750 0.000000 0.138939 0.001061 0.000000 0.139250 0.001299 0.000000 0.139612 0.001449 0.000000 0.050842 0.023142 0.003000 0.050454 0.023091 0.003000 0.050092 0.022941 0.003000 0.049781 0.022703 0.003000 0.049543 0.022392 0.003000 0.049393 0.022030 0.003000 0.049342 0.021642 0.003000 0.049393 0.021254 0.003000 0.049543 0.020892 0.003000 0.049781 0.020581 0.003000 0.050092 0.020343 0.003000 0.050454 0.020193 0.003000 0.050842 0.020142 0.003000 0.051230 0.020193 0.003000 0.051592 0.020343 0.003000 0.051903 0.020581 0.003000 0.052141 0.020892 0.003000 0.052291 0.021254 0.003000 0.052342 0.021642 0.003000 0.052291 0.022030 0.003000 0.052141 0.022392 0.003000 0.051903 0.022703 0.003000 0.051592 0.022941 0.003000 0.051230 0.023091 0.003000 0.050842 0.023142 0.000000 0.051230 0.023091 0.000000 0.051592 0.022941 0.000000 0.051903 0.022703 0.000000 0.052141 0.022392 0.000000 0.052291 0.022030 0.000000 0.052342 0.021642 0.000000 0.052291 0.021254 0.000000 0.052141 0.020892 0.000000 0.051903 0.020581 0.000000 0.051592 0.020343 0.000000 0.051230 0.020193 0.000000 0.050842 0.020142 0.000000 0.050454 0.020193 0.000000 0.050092 0.020343 0.000000 0.049781 0.020581 0.000000 0.049543 0.020892 0.000000 0.049393 0.021254 0.000000 0.049342 0.021642 0.000000 0.049393 0.022030 0.000000 0.049543 0.022392 0.000000 0.049781 0.022703 0.000000 0.050092 0.022941 0.000000 0.050454 0.023091 0.000000 -0.089041 0.020254 0.003000 -0.089429 0.020203 0.003000 -0.089791 0.020053 0.003000 -0.090102 0.019815 0.003000 -0.090340 0.019504 0.003000 -0.090490 0.019142 0.003000 -0.090541 0.018754 0.003000 -0.090490 0.018366 0.003000 -0.090340 0.018004 0.003000 -0.090102 0.017693 0.003000 -0.089791 0.017455 0.003000 -0.089429 0.017305 0.003000 -0.089041 0.017254 0.003000 -0.088653 0.017305 0.003000 -0.088291 0.017455 0.003000 -0.087980 0.017693 0.003000 -0.087742 0.018004 0.003000 -0.087592 0.018366 0.003000 -0.087541 0.018754 0.003000 -0.087592 0.019142 0.003000 -0.087742 0.019504 0.003000 -0.087980 0.019815 0.003000 -0.088291 0.020053 0.003000 -0.088653 0.020203 0.003000 -0.089041 0.020254 0.000000 -0.088653 0.020203 0.000000 -0.088291 0.020053 0.000000 -0.087980 0.019815 0.000000 -0.087742 0.019504 0.000000 -0.087592 0.019142 0.000000 -0.087541 0.018754 0.000000 -0.087592 0.018366 0.000000 -0.087742 0.018004 0.000000 -0.087980 0.017693 0.000000 -0.088291 0.017455 0.000000 -0.088653 0.017305 0.000000 -0.089041 0.017254 0.000000 -0.089429 0.017305 0.000000 -0.089791 0.017455 0.000000 -0.090102 0.017693 0.000000 -0.090340 0.018004 0.000000 -0.090490 0.018366 0.000000 -0.090541 0.018754 0.000000 -0.090490 0.019142 0.000000 -0.090340 0.019504 0.000000 -0.090102 0.019815 0.000000 -0.089791 0.020053 0.000000 -0.089429 0.020203 0.000000 0.138900 -0.015000 0.003000 0.138253 -0.015085 0.003000 0.137650 -0.015335 0.003000 0.137132 -0.015732 0.003000 0.136735 -0.016250 0.003000 0.136485 -0.016853 0.003000 0.136400 -0.017500 0.003000 0.136485 -0.018147 0.003000 0.136735 -0.018750 0.003000 0.137132 -0.019268 0.003000 0.137650 -0.019665 0.003000 0.138253 -0.019915 0.003000 0.138900 -0.020000 0.003000 0.139547 -0.019915 0.003000 0.140150 -0.019665 0.003000 0.140668 -0.019268 0.003000 0.141065 -0.018750 0.003000 0.141315 -0.018147 0.003000 0.141400 -0.017500 0.003000 0.141315 -0.016853 0.003000 0.141065 -0.016250 0.003000 0.140668 -0.015732 0.003000 0.140150 -0.015335 0.003000 0.139547 -0.015085 0.003000 0.138900 -0.015000 0.000000 0.139547 -0.015085 0.000000 0.140150 -0.015335 0.000000 0.140668 -0.015732 0.000000 0.141065 -0.016250 0.000000 0.141315 -0.016853 0.000000 0.141400 -0.017500 0.000000 0.141315 -0.018147 0.000000 0.141065 -0.018750 0.000000 0.140668 -0.019268 0.000000 0.140150 -0.019665 0.000000 0.139547 -0.019915 0.000000 0.138900 -0.020000 0.000000 0.138253 -0.019915 0.000000 0.137650 -0.019665 0.000000 0.137132 -0.019268 0.000000 0.136735 -0.018750 0.000000 0.136485 -0.018147 0.000000 0.136400 -0.017500 0.000000 0.136485 -0.016853 0.000000 0.136735 -0.016250 0.000000 0.137132 -0.015732 0.000000 0.137650 -0.015335 0.000000 0.138253 -0.015085 0.000000 0.051096 -0.019657 0.003000 0.050708 -0.019708 0.003000 0.050346 -0.019858 0.003000 0.050035 -0.020096 0.003000 0.049797 -0.020407 0.003000 0.049647 -0.020769 0.003000 0.049596 -0.021157 0.003000 0.049647 -0.021545 0.003000 0.049797 -0.021907 0.003000 0.050035 -0.022218 0.003000 0.050346 -0.022456 0.003000 0.050708 -0.022606 0.003000 0.051096 -0.022657 0.003000 0.051484 -0.022606 0.003000 0.051846 -0.022456 0.003000 0.052157 -0.022218 0.003000 0.052395 -0.021907 0.003000 0.052545 -0.021545 0.003000 0.052596 -0.021157 0.003000 0.052545 -0.020769 0.003000 0.052395 -0.020407 0.003000 0.052157 -0.020096 0.003000 0.051846 -0.019858 0.003000 0.051484 -0.019708 0.003000 0.051096 -0.019657 0.000000 0.051484 -0.019708 0.000000 0.051846 -0.019858 0.000000 0.052157 -0.020096 0.000000 0.052395 -0.020407 0.000000 0.052545 -0.020769 0.000000 0.052596 -0.021157 0.000000 0.052545 -0.021545 0.000000 0.052395 -0.021907 0.000000 0.052157 -0.022218 0.000000 0.051846 -0.022456 0.000000 0.051484 -0.022606 0.000000 0.051096 -0.022657 0.000000 0.050708 -0.022606 0.000000 0.050346 -0.022456 0.000000 0.050035 -0.022218 0.000000 0.049797 -0.021907 0.000000 0.049647 -0.021545 0.000000 0.049596 -0.021157 0.000000 0.049647 -0.020769 0.000000 0.049797 -0.020407 0.000000 0.050035 -0.020096 0.000000 0.050346 -0.019858 0.000000 0.050708 -0.019708 0.000000 -0.111100 0.020000 0.003000 -0.111747 0.019915 0.003000 -0.112350 0.019665 0.003000 -0.112868 0.019268 0.003000 -0.113265 0.018750 0.003000 -0.113515 0.018147 0.003000 -0.113600 0.017500 0.003000 -0.113515 0.016853 0.003000 -0.113265 0.016250 0.003000 -0.112868 0.015732 0.003000 -0.112350 0.015335 0.003000 -0.111747 0.015085 0.003000 -0.111100 0.015000 0.003000 -0.110453 0.015085 0.003000 -0.109850 0.015335 0.003000 -0.109332 0.015732 0.003000 -0.108935 0.016250 0.003000 -0.108685 0.016853 0.003000 -0.108600 0.017500 0.003000 -0.108685 0.018147 0.003000 -0.108935 0.018750 0.003000 -0.109332 0.019268 0.003000 -0.109850 0.019665 0.003000 -0.110453 0.019915 0.003000 -0.111100 0.020000 0.000000 -0.110453 0.019915 0.000000 -0.109850 0.019665 0.000000 -0.109332 0.019268 0.000000 -0.108935 0.018750 0.000000 -0.108685 0.018147 0.000000 -0.108600 0.017500 0.000000 -0.108685 0.016853 0.000000 -0.108935 0.016250 0.000000 -0.109332 0.015732 0.000000 -0.109850 0.015335 0.000000 -0.110453 0.015085 0.000000 -0.111100 0.015000 0.000000 -0.111747 0.015085 0.000000 -0.112350 0.015335 0.000000 -0.112868 0.015732 0.000000 -0.113265 0.016250 0.000000 -0.113515 0.016853 0.000000 -0.113600 0.017500 0.000000 -0.113515 0.018147 0.000000 -0.113265 0.018750 0.000000 -0.112868 0.019268 0.000000 -0.112350 0.019665 0.000000 -0.111747 0.019915 0.000000 0.080000 -0.051000 0.003000 0.078965 -0.051136 0.003000 0.078000 -0.051536 0.003000 0.077172 -0.052172 0.003000 0.076536 -0.053000 0.003000 0.076136 -0.053965 0.003000 0.076000 -0.055000 0.003000 0.076136 -0.056035 0.003000 0.076536 -0.057000 0.003000 0.077172 -0.057828 0.003000 0.078000 -0.058464 0.003000 0.078965 -0.058864 0.003000 0.080000 -0.059000 0.003000 0.081035 -0.058864 0.003000 0.082000 -0.058464 0.003000 0.082828 -0.057828 0.003000 0.083464 -0.057000 0.003000 0.083864 -0.056035 0.003000 0.084000 -0.055000 0.003000 0.083864 -0.053965 0.003000 0.083464 -0.053000 0.003000 0.082828 -0.052172 0.003000 0.082000 -0.051536 0.003000 0.081035 -0.051136 0.003000 0.080000 -0.051000 0.000000 0.081035 -0.051136 0.000000 0.082000 -0.051536 0.000000 0.082828 -0.052172 0.000000 0.083464 -0.053000 0.000000 0.083864 -0.053965 0.000000 0.084000 -0.055000 0.000000 0.083864 -0.056035 0.000000 0.083464 -0.057000 0.000000 0.082828 -0.057828 0.000000 0.082000 -0.058464 0.000000 0.081035 -0.058864 0.000000 0.080000 -0.059000 0.000000 0.078965 -0.058864 0.000000 0.078000 -0.058464 0.000000 0.077172 -0.057828 0.000000 0.076536 -0.057000 0.000000 0.076136 -0.056035 0.000000 0.076000 -0.055000 0.000000 0.076136 -0.053965 0.000000 0.076536 -0.053000 0.000000 0.077172 -0.052172 0.000000 0.078000 -0.051536 0.000000 0.078965 -0.051136 0.000000 -0.138900 0.020000 0.003000 -0.139547 0.019915 0.003000 -0.140150 0.019665 0.003000 -0.140668 0.019268 0.003000 -0.141065 0.018750 0.003000 -0.141315 0.018147 0.003000 -0.141400 0.017500 0.003000 -0.141315 0.016853 0.003000 -0.141065 0.016250 0.003000 -0.140668 0.015732 0.003000 -0.140150 0.015335 0.003000 -0.139547 0.015085 0.003000 -0.138900 0.015000 0.003000 -0.138253 0.015085 0.003000 -0.137650 0.015335 0.003000 -0.137132 0.015732 0.003000 -0.136735 0.016250 0.003000 -0.136485 0.016853 0.003000 -0.136400 0.017500 0.003000 -0.136485 0.018147 0.003000 -0.136735 0.018750 0.003000 -0.137132 0.019268 0.003000 -0.137650 0.019665 0.003000 -0.138253 0.019915 0.003000 -0.138900 0.020000 0.000000 -0.138253 0.019915 0.000000 -0.137650 0.019665 0.000000 -0.137132 0.019268 0.000000 -0.136735 0.018750 0.000000 -0.136485 0.018147 0.000000 -0.136400 0.017500 0.000000 -0.136485 0.016853 0.000000 -0.136735 0.016250 0.000000 -0.137132 0.015732 0.000000 -0.137650 0.015335 0.000000 -0.138253 0.015085 0.000000 -0.138900 0.015000 0.000000 -0.139547 0.015085 0.000000 -0.140150 0.015335 0.000000 -0.140668 0.015732 0.000000 -0.141065 0.016250 0.000000 -0.141315 0.016853 0.000000 -0.141400 0.017500 0.000000 -0.141315 0.018147 0.000000 -0.141065 0.018750 0.000000 -0.140668 0.019268 0.000000 -0.140150 0.019665 0.000000 -0.139547 0.019915 0.000000 -0.089041 -0.015941 0.003000 -0.089429 -0.015992 0.003000 -0.089791 -0.016142 0.003000 -0.090102 -0.016380 0.003000 -0.090340 -0.016691 0.003000 -0.090490 -0.017053 0.003000 -0.090541 -0.017441 0.003000 -0.090490 -0.017829 0.003000 -0.090340 -0.018191 0.003000 -0.090102 -0.018502 0.003000 -0.089791 -0.018740 0.003000 -0.089429 -0.018890 0.003000 -0.089041 -0.018941 0.003000 -0.088653 -0.018890 0.003000 -0.088291 -0.018740 0.003000 -0.087980 -0.018502 0.003000 -0.087742 -0.018191 0.003000 -0.087592 -0.017829 0.003000 -0.087541 -0.017441 0.003000 -0.087592 -0.017053 0.003000 -0.087742 -0.016691 0.003000 -0.087980 -0.016380 0.003000 -0.088291 -0.016142 0.003000 -0.088653 -0.015992 0.003000 -0.089041 -0.015941 0.000000 -0.088653 -0.015992 0.000000 -0.088291 -0.016142 0.000000 -0.087980 -0.016380 0.000000 -0.087742 -0.016691 0.000000 -0.087592 -0.017053 0.000000 -0.087541 -0.017441 0.000000 -0.087592 -0.017829 0.000000 -0.087742 -0.018191 0.000000 -0.087980 -0.018502 0.000000 -0.088291 -0.018740 0.000000 -0.088653 -0.018890 0.000000 -0.089041 -0.018941 0.000000 -0.089429 -0.018890 0.000000 -0.089791 -0.018740 0.000000 -0.090102 -0.018502 0.000000 -0.090340 -0.018191 0.000000 -0.090490 -0.017829 0.000000 -0.090541 -0.017441 0.000000 -0.090490 -0.017053 0.000000 -0.090340 -0.016691 0.000000 -0.090102 -0.016380 0.000000 -0.089791 -0.016142 0.000000 -0.089429 -0.015992 0.000000 0.100000 0.020000 0.000000 0.100000 -0.020000 0.000000 0.100000 -0.020000 0.003000 0.100000 0.020000 0.003000 0.095000 0.020000 0.000000 0.095000 0.020000 0.003000 0.095000 -0.020000 0.000000 0.095000 -0.020000 0.003000 -0.001101 -0.019657 0.003000 -0.001489 -0.019708 0.003000 -0.001851 -0.019858 0.003000 -0.002162 -0.020096 0.003000 -0.002400 -0.020407 0.003000 -0.002550 -0.020769 0.003000 -0.002601 -0.021157 0.003000 -0.002550 -0.021545 0.003000 -0.002400 -0.021907 0.003000 -0.002162 -0.022218 0.003000 -0.001851 -0.022456 0.003000 -0.001489 -0.022606 0.003000 -0.001101 -0.022657 0.003000 -0.000713 -0.022606 0.003000 -0.000351 -0.022456 0.003000 -0.000040 -0.022218 0.003000 0.000198 -0.021907 0.003000 0.000348 -0.021545 0.003000 0.000399 -0.021157 0.003000 0.000348 -0.020769 0.003000 0.000198 -0.020407 0.003000 -0.000040 -0.020096 0.003000 -0.000351 -0.019858 0.003000 -0.000713 -0.019708 0.003000 -0.001101 -0.019657 0.000000 -0.000713 -0.019708 0.000000 -0.000351 -0.019858 0.000000 -0.000040 -0.020096 0.000000 0.000198 -0.020407 0.000000 0.000348 -0.020769 0.000000 0.000399 -0.021157 0.000000 0.000348 -0.021545 0.000000 0.000198 -0.021907 0.000000 -0.000040 -0.022218 0.000000 -0.000351 -0.022456 0.000000 -0.000713 -0.022606 0.000000 -0.001101 -0.022657 0.000000 -0.001489 -0.022606 0.000000 -0.001851 -0.022456 0.000000 -0.002162 -0.022218 0.000000 -0.002400 -0.021907 0.000000 -0.002550 -0.021545 0.000000 -0.002601 -0.021157 0.000000 -0.002550 -0.020769 0.000000 -0.002400 -0.020407 0.000000 -0.002162 -0.020096 0.000000 -0.001851 -0.019858 0.000000 -0.001489 -0.019708 0.000000 -0.080000 -0.051000 0.003000 -0.081035 -0.051136 0.003000 -0.082000 -0.051536 0.003000 -0.082828 -0.052172 0.003000 -0.083464 -0.053000 0.003000 -0.083864 -0.053965 0.003000 -0.084000 -0.055000 0.003000 -0.083864 -0.056035 0.003000 -0.083464 -0.057000 0.003000 -0.082828 -0.057828 0.003000 -0.082000 -0.058464 0.003000 -0.081035 -0.058864 0.003000 -0.080000 -0.059000 0.003000 -0.078965 -0.058864 0.003000 -0.078000 -0.058464 0.003000 -0.077172 -0.057828 0.003000 -0.076536 -0.057000 0.003000 -0.076136 -0.056035 0.003000 -0.076000 -0.055000 0.003000 -0.076136 -0.053965 0.003000 -0.076536 -0.053000 0.003000 -0.077172 -0.052172 0.003000 -0.078000 -0.051536 0.003000 -0.078965 -0.051136 0.003000 -0.080000 -0.051000 0.000000 -0.078965 -0.051136 0.000000 -0.078000 -0.051536 0.000000 -0.077172 -0.052172 0.000000 -0.076536 -0.053000 0.000000 -0.076136 -0.053965 0.000000 -0.076000 -0.055000 0.000000 -0.076136 -0.056035 0.000000 -0.076536 -0.057000 0.000000 -0.077172 -0.057828 0.000000 -0.078000 -0.058464 0.000000 -0.078965 -0.058864 0.000000 -0.080000 -0.059000 0.000000 -0.081035 -0.058864 0.000000 -0.082000 -0.058464 0.000000 -0.082828 -0.057828 0.000000 -0.083464 -0.057000 0.000000 -0.083864 -0.056035 0.000000 -0.084000 -0.055000 0.000000 -0.083864 -0.053965 0.000000 -0.083464 -0.053000 0.000000 -0.082828 -0.052172 0.000000 -0.082000 -0.051536 0.000000 -0.081035 -0.051136 0.000000 0.060000 0.020000 0.000000 0.060000 -0.020000 0.000000 0.060000 -0.020000 0.003000 0.060000 0.020000 0.003000 0.055000 0.020000 0.000000 0.055000 0.020000 0.003000 0.055000 -0.020000 0.000000 0.055000 -0.020000 0.003000 -0.025000 0.030000 0.000000 -0.025000 0.040000 0.000000 -0.025000 0.040000 0.003000 -0.025000 0.030000 0.003000 0.025000 0.030000 0.000000 0.025000 0.030000 0.003000 0.025000 0.040000 0.000000 0.025000 0.040000 0.003000 -0.020588 0.020254 0.003000 -0.020976 0.020203 0.003000 -0.021338 0.020053 0.003000 -0.021649 0.019815 0.003000 -0.021887 0.019504 0.003000 -0.022037 0.019142 0.003000 -0.022088 0.018754 0.003000 -0.022037 0.018366 0.003000 -0.021887 0.018004 0.003000 -0.021649 0.017693 0.003000 -0.021338 0.017455 0.003000 -0.020976 0.017305 0.003000 -0.020588 0.017254 0.003000 -0.020200 0.017305 0.003000 -0.019838 0.017455 0.003000 -0.019527 0.017693 0.003000 -0.019289 0.018004 0.003000 -0.019139 0.018366 0.003000 -0.019088 0.018754 0.003000 -0.019139 0.019142 0.003000 -0.019289 0.019504 0.003000 -0.019527 0.019815 0.003000 -0.019838 0.020053 0.003000 -0.020200 0.020203 0.003000 -0.020588 0.020254 0.000000 -0.020200 0.020203 0.000000 -0.019838 0.020053 0.000000 -0.019527 0.019815 0.000000 -0.019289 0.019504 0.000000 -0.019139 0.019142 0.000000 -0.019088 0.018754 0.000000 -0.019139 0.018366 0.000000 -0.019289 0.018004 0.000000 -0.019527 0.017693 0.000000 -0.019838 0.017455 0.000000 -0.020200 0.017305 0.000000 -0.020588 0.017254 0.000000 -0.020976 0.017305 0.000000 -0.021338 0.017455 0.000000 -0.021649 0.017693 0.000000 -0.021887 0.018004 0.000000 -0.022037 0.018366 0.000000 -0.022088 0.018754 0.000000 -0.022037 0.019142 0.000000 -0.021887 0.019504 0.000000 -0.021649 0.019815 0.000000 -0.021338 0.020053 0.000000 -0.020976 0.020203 0.000000 0.138900 0.020000 0.003000 0.138253 0.019915 0.003000 0.137650 0.019665 0.003000 0.137132 0.019268 0.003000 0.136735 0.018750 0.003000 0.136485 0.018147 0.003000 0.136400 0.017500 0.003000 0.136485 0.016853 0.003000 0.136735 0.016250 0.003000 0.137132 0.015732 0.003000 0.137650 0.015335 0.003000 0.138253 0.015085 0.003000 0.138900 0.015000 0.003000 0.139547 0.015085 0.003000 0.140150 0.015335 0.003000 0.140668 0.015732 0.003000 0.141065 0.016250 0.003000 0.141315 0.016853 0.003000 0.141400 0.017500 0.003000 0.141315 0.018147 0.003000 0.141065 0.018750 0.003000 0.140668 0.019268 0.003000 0.140150 0.019665 0.003000 0.139547 0.019915 0.003000 0.138900 0.020000 0.000000 0.139547 0.019915 0.000000 0.140150 0.019665 0.000000 0.140668 0.019268 0.000000 0.141065 0.018750 0.000000 0.141315 0.018147 0.000000 0.141400 0.017500 0.000000 0.141315 0.016853 0.000000 0.141065 0.016250 0.000000 0.140668 0.015732 0.000000 0.140150 0.015335 0.000000 0.139547 0.015085 0.000000 0.138900 0.015000 0.000000 0.138253 0.015085 0.000000 0.137650 0.015335 0.000000 0.137132 0.015732 0.000000 0.136735 0.016250 0.000000 0.136485 0.016853 0.000000 0.136400 0.017500 0.000000 0.136485 0.018147 0.000000 0.136735 0.018750 0.000000 0.137132 0.019268 0.000000 0.137650 0.019665 0.000000 0.138253 0.019915 0.000000 -0.138900 -0.015000 0.003000 -0.139547 -0.015085 0.003000 -0.140150 -0.015335 0.003000 -0.140668 -0.015732 0.003000 -0.141065 -0.016250 0.003000 -0.141315 -0.016853 0.003000 -0.141400 -0.017500 0.003000 -0.141315 -0.018147 0.003000 -0.141065 -0.018750 0.003000 -0.140668 -0.019268 0.003000 -0.140150 -0.019665 0.003000 -0.139547 -0.019915 0.003000 -0.138900 -0.020000 0.003000 -0.138253 -0.019915 0.003000 -0.137650 -0.019665 0.003000 -0.137132 -0.019268 0.003000 -0.136735 -0.018750 0.003000 -0.136485 -0.018147 0.003000 -0.136400 -0.017500 0.003000 -0.136485 -0.016853 0.003000 -0.136735 -0.016250 0.003000 -0.137132 -0.015732 0.003000 -0.137650 -0.015335 0.003000 -0.138253 -0.015085 0.003000 -0.138900 -0.015000 0.000000 -0.138253 -0.015085 0.000000 -0.137650 -0.015335 0.000000 -0.137132 -0.015732 0.000000 -0.136735 -0.016250 0.000000 -0.136485 -0.016853 0.000000 -0.136400 -0.017500 0.000000 -0.136485 -0.018147 0.000000 -0.136735 -0.018750 0.000000 -0.137132 -0.019268 0.000000 -0.137650 -0.019665 0.000000 -0.138253 -0.019915 0.000000 -0.138900 -0.020000 0.000000 -0.139547 -0.019915 0.000000 -0.140150 -0.019665 0.000000 -0.140668 -0.019268 0.000000 -0.141065 -0.018750 0.000000 -0.141315 -0.018147 0.000000 -0.141400 -0.017500 0.000000 -0.141315 -0.016853 0.000000 -0.141065 -0.016250 0.000000 -0.140668 -0.015732 0.000000 -0.140150 -0.015335 0.000000 -0.139547 -0.015085 0.000000 0.111100 -0.015000 0.003000 0.110453 -0.015085 0.003000 0.109850 -0.015335 0.003000 0.109332 -0.015732 0.003000 0.108935 -0.016250 0.003000 0.108685 -0.016853 0.003000 0.108600 -0.017500 0.003000 0.108685 -0.018147 0.003000 0.108935 -0.018750 0.003000 0.109332 -0.019268 0.003000 0.109850 -0.019665 0.003000 0.110453 -0.019915 0.003000 0.111100 -0.020000 0.003000 0.111747 -0.019915 0.003000 0.112350 -0.019665 0.003000 0.112868 -0.019268 0.003000 0.113265 -0.018750 0.003000 0.113515 -0.018147 0.003000 0.113600 -0.017500 0.003000 0.113515 -0.016853 0.003000 0.113265 -0.016250 0.003000 0.112868 -0.015732 0.003000 0.112350 -0.015335 0.003000 0.111747 -0.015085 0.003000 0.111100 -0.015000 0.000000 0.111747 -0.015085 0.000000 0.112350 -0.015335 0.000000 0.112868 -0.015732 0.000000 0.113265 -0.016250 0.000000 0.113515 -0.016853 0.000000 0.113600 -0.017500 0.000000 0.113515 -0.018147 0.000000 0.113265 -0.018750 0.000000 0.112868 -0.019268 0.000000 0.112350 -0.019665 0.000000 0.111747 -0.019915 0.000000 0.111100 -0.020000 0.000000 0.110453 -0.019915 0.000000 0.109850 -0.019665 0.000000 0.109332 -0.019268 0.000000 0.108935 -0.018750 0.000000 0.108685 -0.018147 0.000000 0.108600 -0.017500 0.000000 0.108685 -0.016853 0.000000 0.108935 -0.016250 0.000000 0.109332 -0.015732 0.000000 0.109850 -0.015335 0.000000 0.110453 -0.015085 0.000000 -0.001101 0.023269 0.003000 -0.001489 0.023218 0.003000 -0.001851 0.023068 0.003000 -0.002162 0.022830 0.003000 -0.002400 0.022519 0.003000 -0.002550 0.022157 0.003000 -0.002601 0.021769 0.003000 -0.002550 0.021381 0.003000 -0.002400 0.021019 0.003000 -0.002162 0.020708 0.003000 -0.001851 0.020470 0.003000 -0.001489 0.020320 0.003000 -0.001101 0.020269 0.003000 -0.000713 0.020320 0.003000 -0.000351 0.020470 0.003000 -0.000040 0.020708 0.003000 0.000198 0.021019 0.003000 0.000348 0.021381 0.003000 0.000399 0.021769 0.003000 0.000348 0.022157 0.003000 0.000198 0.022519 0.003000 -0.000040 0.022830 0.003000 -0.000351 0.023068 0.003000 -0.000713 0.023218 0.003000 -0.001101 0.023269 0.000000 -0.000713 0.023218 0.000000 -0.000351 0.023068 0.000000 -0.000040 0.022830 0.000000 0.000198 0.022519 0.000000 0.000348 0.022157 0.000000 0.000399 0.021769 0.000000 0.000348 0.021381 0.000000 0.000198 0.021019 0.000000 -0.000040 0.020708 0.000000 -0.000351 0.020470 0.000000 -0.000713 0.020320 0.000000 -0.001101 0.020269 0.000000 -0.001489 0.020320 0.000000 -0.001851 0.020470 0.000000 -0.002162 0.020708 0.000000 -0.002400 0.021019 0.000000 -0.002550 0.021381 0.000000 -0.002601 0.021769 0.000000 -0.002550 0.022157 0.000000 -0.002400 0.022519 0.000000 -0.002162 0.022830 0.000000 -0.001851 0.023068 0.000000 -0.001489 0.023218 0.000000 0.025000 -0.040000 0.000000 -0.025000 -0.040000 0.000000 -0.025000 -0.040000 0.003000 0.025000 -0.040000 0.003000 0.025000 -0.030000 0.000000 0.025000 -0.030000 0.003000 -0.025000 -0.030000 0.000000 -0.025000 -0.030000 0.003000 0.111100 0.020000 0.003000 0.110453 0.019915 0.003000 0.109850 0.019665 0.003000 0.109332 0.019268 0.003000 0.108935 0.018750 0.003000 0.108685 0.018147 0.003000 0.108600 0.017500 0.003000 0.108685 0.016853 0.003000 0.108935 0.016250 0.003000 0.109332 0.015732 0.003000 0.109850 0.015335 0.003000 0.110453 0.015085 0.003000 0.111100 0.015000 0.003000 0.111747 0.015085 0.003000 0.112350 0.015335 0.003000 0.112868 0.015732 0.003000 0.113265 0.016250 0.003000 0.113515 0.016853 0.003000 0.113600 0.017500 0.003000 0.113515 0.018147 0.003000 0.113265 0.018750 0.003000 0.112868 0.019268 0.003000 0.112350 0.019665 0.003000 0.111747 0.019915 0.003000 0.111100 0.020000 0.000000 0.111747 0.019915 0.000000 0.112350 0.019665 0.000000 0.112868 0.019268 0.000000 0.113265 0.018750 0.000000 0.113515 0.018147 0.000000 0.113600 0.017500 0.000000 0.113515 0.016853 0.000000 0.113265 0.016250 0.000000 0.112868 0.015732 0.000000 0.112350 0.015335 0.000000 0.111747 0.015085 0.000000 0.111100 0.015000 0.000000 0.110453 0.015085 0.000000 0.109850 0.015335 0.000000 0.109332 0.015732 0.000000 0.108935 0.016250 0.000000 0.108685 0.016853 0.000000 0.108600 0.017500 0.000000 0.108685 0.018147 0.000000 0.108935 0.018750 0.000000 0.109332 0.019268 0.000000 0.109850 0.019665 0.000000 0.110453 0.019915 0.000000 0.080000 0.059000 0.003000 0.078965 0.058864 0.003000 0.078000 0.058464 0.003000 0.077172 0.057828 0.003000 0.076536 0.057000 0.003000 0.076136 0.056035 0.003000 0.076000 0.055000 0.003000 0.076136 0.053965 0.003000 0.076536 0.053000 0.003000 0.077172 0.052172 0.003000 0.078000 0.051536 0.003000 0.078965 0.051136 0.003000 0.080000 0.051000 0.003000 0.081035 0.051136 0.003000 0.082000 0.051536 0.003000 0.082828 0.052172 0.003000 0.083464 0.053000 0.003000 0.083864 0.053965 0.003000 0.084000 0.055000 0.003000 0.083864 0.056035 0.003000 0.083464 0.057000 0.003000 0.082828 0.057828 0.003000 0.082000 0.058464 0.003000 0.081035 0.058864 0.003000 0.080000 0.059000 0.000000 0.081035 0.058864 0.000000 0.082000 0.058464 0.000000 0.082828 0.057828 0.000000 0.083464 0.057000 0.000000 0.083864 0.056035 0.000000 0.084000 0.055000 0.000000 0.083864 0.053965 0.000000 0.083464 0.053000 0.000000 0.082828 0.052172 0.000000 0.082000 0.051536 0.000000 0.081035 0.051136 0.000000 0.080000 0.051000 0.000000 0.078965 0.051136 0.000000 0.078000 0.051536 0.000000 0.077172 0.052172 0.000000 0.076536 0.053000 0.000000 0.076136 0.053965 0.000000 0.076000 0.055000 0.000000 0.076136 0.056035 0.000000 0.076536 0.057000 0.000000 0.077172 0.057828 0.000000 0.078000 0.058464 0.000000 0.078965 0.058864 0.000000 -0.020588 -0.015941 0.003000 -0.020976 -0.015992 0.003000 -0.021338 -0.016142 0.003000 -0.021649 -0.016380 0.003000 -0.021887 -0.016691 0.003000 -0.022037 -0.017053 0.003000 -0.022088 -0.017441 0.003000 -0.022037 -0.017829 0.003000 -0.021887 -0.018191 0.003000 -0.021649 -0.018502 0.003000 -0.021338 -0.018740 0.003000 -0.020976 -0.018890 0.003000 -0.020588 -0.018941 0.003000 -0.020200 -0.018890 0.003000 -0.019838 -0.018740 0.003000 -0.019527 -0.018502 0.003000 -0.019289 -0.018191 0.003000 -0.019139 -0.017829 0.003000 -0.019088 -0.017441 0.003000 -0.019139 -0.017053 0.003000 -0.019289 -0.016691 0.003000 -0.019527 -0.016380 0.003000 -0.019838 -0.016142 0.003000 -0.020200 -0.015992 0.003000 -0.020588 -0.015941 0.000000 -0.020200 -0.015992 0.000000 -0.019838 -0.016142 0.000000 -0.019527 -0.016380 0.000000 -0.019289 -0.016691 0.000000 -0.019139 -0.017053 0.000000 -0.019088 -0.017441 0.000000 -0.019139 -0.017829 0.000000 -0.019289 -0.018191 0.000000 -0.019527 -0.018502 0.000000 -0.019838 -0.018740 0.000000 -0.020200 -0.018890 0.000000 -0.020588 -0.018941 0.000000 -0.020976 -0.018890 0.000000 -0.021338 -0.018740 0.000000 -0.021649 -0.018502 0.000000 -0.021887 -0.018191 0.000000 -0.022037 -0.017829 0.000000 -0.022088 -0.017441 0.000000 -0.022037 -0.017053 0.000000 -0.021887 -0.016691 0.000000 -0.021649 -0.016380 0.000000 -0.021338 -0.016142 0.000000 -0.020976 -0.015992 0.000000 -0.092195 -0.100000 0.000000 0.092195 -0.100000 0.000000 0.092195 -0.100000 0.003000 -0.092195 -0.100000 0.003000 -0.125721 -0.081818 0.000000 -0.123391 -0.085037 0.000000 -0.120753 -0.088009 0.000000 -0.117833 -0.090704 0.000000 -0.114659 -0.093096 0.000000 -0.111265 -0.095162 0.000000 -0.107682 -0.096881 0.000000 -0.103946 -0.098235 0.000000 -0.100094 -0.099212 0.000000 -0.096164 -0.099803 0.000000 -0.096164 -0.099803 0.003000 -0.100094 -0.099212 0.003000 -0.103946 -0.098235 0.003000 -0.107682 -0.096881 0.003000 -0.111265 -0.095162 0.003000 -0.114659 -0.093096 0.003000 -0.117833 -0.090704 0.003000 -0.120753 -0.088009 0.003000 -0.123391 -0.085037 0.003000 -0.125721 -0.081818 0.003000 -0.125721 0.081818 0.000000 -0.129837 0.075115 0.000000 -0.133597 0.068205 0.000000 -0.136989 0.061107 0.000000 -0.140004 0.053842 0.000000 -0.142634 0.046428 0.000000 -0.144872 0.038887 0.000000 -0.146711 0.031239 0.000000 -0.148147 0.023504 0.000000 -0.149176 0.015706 0.000000 -0.149794 0.007864 0.000000 -0.150000 0.000000 0.000000 -0.149794 -0.007864 0.000000 -0.149176 -0.015706 0.000000 -0.148147 -0.023504 0.000000 -0.146711 -0.031239 0.000000 -0.144872 -0.038887 0.000000 -0.142634 -0.046428 0.000000 -0.140004 -0.053842 0.000000 -0.136989 -0.061107 0.000000 -0.133597 -0.068205 0.000000 -0.129837 -0.075115 0.000000 -0.129837 -0.075115 0.003000 -0.133597 -0.068205 0.003000 -0.136989 -0.061107 0.003000 -0.140004 -0.053842 0.003000 -0.142634 -0.046428 0.003000 -0.144872 -0.038887 0.003000 -0.146711 -0.031239 0.003000 -0.148147 -0.023504 0.003000 -0.149176 -0.015706 0.003000 -0.149794 -0.007864 0.003000 -0.150000 0.000000 0.003000 -0.149794 0.007864 0.003000 -0.149176 0.015706 0.003000 -0.148147 0.023504 0.003000 -0.146711 0.031239 0.003000 -0.144872 0.038887 0.003000 -0.142634 0.046428 0.003000 -0.140004 0.053842 0.003000 -0.136989 0.061107 0.003000 -0.133597 0.068205 0.003000 -0.129837 0.075115 0.003000 -0.125721 0.081818 0.003000 -0.092195 0.100000 0.000000 -0.096164 0.099803 0.000000 -0.100094 0.099212 0.000000 -0.103946 0.098235 0.000000 -0.107682 0.096881 0.000000 -0.111265 0.095162 0.000000 -0.114659 0.093096 0.000000 -0.117833 0.090704 0.000000 -0.120753 0.088009 0.000000 -0.123391 0.085037 0.000000 -0.123391 0.085037 0.003000 -0.120753 0.088009 0.003000 -0.117833 0.090704 0.003000 -0.114659 0.093096 0.003000 -0.111265 0.095162 0.003000 -0.107682 0.096881 0.003000 -0.103946 0.098235 0.003000 -0.100094 0.099212 0.003000 -0.096164 0.099803 0.003000 -0.092195 0.100000 0.003000 0.092195 0.100000 0.000000 0.092195 0.100000 0.003000 0.125721 0.081818 0.000000 0.123391 0.085037 0.000000 0.120753 0.088009 0.000000 0.117833 0.090704 0.000000 0.114659 0.093096 0.000000 0.111265 0.095162 0.000000 0.107682 0.096881 0.000000 0.103946 0.098235 0.000000 0.100094 0.099212 0.000000 0.096164 0.099803 0.000000 0.096164 0.099803 0.003000 0.100094 0.099212 0.003000 0.103946 0.098235 0.003000 0.107682 0.096881 0.003000 0.111265 0.095162 0.003000 0.114659 0.093096 0.003000 0.117833 0.090704 0.003000 0.120753 0.088009 0.003000 0.123391 0.085037 0.003000 0.125721 0.081818 0.003000 0.125721 -0.081818 0.000000 0.129837 -0.075115 0.000000 0.133597 -0.068205 0.000000 0.136989 -0.061107 0.000000 0.140004 -0.053842 0.000000 0.142634 -0.046428 0.000000 0.144872 -0.038887 0.000000 0.146711 -0.031239 0.000000 0.148147 -0.023504 0.000000 0.149176 -0.015706 0.000000 0.149794 -0.007864 0.000000 0.150000 -0.000000 0.000000 0.149794 0.007864 0.000000 0.149176 0.015706 0.000000 0.148147 0.023504 0.000000 0.146711 0.031239 0.000000 0.144872 0.038887 0.000000 0.142634 0.046428 0.000000 0.140004 0.053842 0.000000 0.136989 0.061107 0.000000 0.133597 0.068205 0.000000 0.129837 0.075115 0.000000 0.129837 0.075115 0.003000 0.133597 0.068205 0.003000 0.136989 0.061107 0.003000 0.140004 0.053842 0.003000 0.142634 0.046428 0.003000 0.144872 0.038887 0.003000 0.146711 0.031239 0.003000 0.148147 0.023504 0.003000 0.149176 0.015706 0.003000 0.149794 0.007864 0.003000 0.150000 -0.000000 0.003000 0.149794 -0.007864 0.003000 0.149176 -0.015706 0.003000 0.148147 -0.023504 0.003000 0.146711 -0.031239 0.003000 0.144872 -0.038887 0.003000 0.142634 -0.046428 0.003000 0.140004 -0.053842 0.003000 0.136989 -0.061107 0.003000 0.133597 -0.068205 0.003000 0.129837 -0.075115 0.003000 0.125721 -0.081818 0.003000 0.096164 -0.099803 0.000000 0.100094 -0.099212 0.000000 0.103946 -0.098235 0.000000 0.107682 -0.096881 0.000000 0.111265 -0.095162 0.000000 0.114659 -0.093096 0.000000 0.117833 -0.090704 0.000000 0.120753 -0.088009 0.000000 0.123391 -0.085037 0.000000 0.123391 -0.085037 0.003000 0.120753 -0.088009 0.003000 0.117833 -0.090704 0.003000 0.114659 -0.093096 0.003000 0.111265 -0.095162 0.003000 0.107682 -0.096881 0.003000 0.103946 -0.098235 0.003000 0.100094 -0.099212 0.003000 0.096164 -0.099803 0.003000 -0.015000 0.093500 0.003000 -0.014612 0.093449 0.003000 -0.014250 0.093299 0.003000 -0.013939 0.093061 0.003000 -0.013701 0.092750 0.003000 -0.013551 0.092388 0.003000 -0.013500 0.092000 0.003000 -0.013551 0.091612 0.003000 -0.013701 0.091250 0.003000 -0.013939 0.090939 0.003000 -0.014250 0.090701 0.003000 -0.014612 0.090551 0.003000 -0.015000 0.090500 0.003000 -0.015388 0.090551 0.003000 -0.015750 0.090701 0.003000 -0.016061 0.090939 0.003000 -0.016299 0.091250 0.003000 -0.016449 0.091612 0.003000 -0.016500 0.092000 0.003000 -0.016449 0.092388 0.003000 -0.016299 0.092750 0.003000 -0.016061 0.093061 0.003000 -0.015750 0.093299 0.003000 -0.015388 0.093449 0.003000 0.015000 -0.066500 0.003000 0.015388 -0.066551 0.003000 0.015750 -0.066701 0.003000 0.016061 -0.066939 0.003000 0.016299 -0.067250 0.003000 0.016449 -0.067612 0.003000 0.016500 -0.068000 0.003000 0.016449 -0.068388 0.003000 0.016299 -0.068750 0.003000 0.016061 -0.069061 0.003000 0.015750 -0.069299 0.003000 0.015388 -0.069449 0.003000 0.015000 -0.069500 0.003000 0.014612 -0.069449 0.003000 0.014250 -0.069299 0.003000 0.013939 -0.069061 0.003000 0.013701 -0.068750 0.003000 0.013551 -0.068388 0.003000 0.013500 -0.068000 0.003000 0.013551 -0.067612 0.003000 0.013701 -0.067250 0.003000 0.013939 -0.066939 0.003000 0.014250 -0.066701 0.003000 0.014612 -0.066551 0.003000 0.015000 -0.090500 0.003000 0.015388 -0.090551 0.003000 0.015750 -0.090701 0.003000 0.016061 -0.090939 0.003000 0.016299 -0.091250 0.003000 0.016449 -0.091612 0.003000 0.016500 -0.092000 0.003000 0.016449 -0.092388 0.003000 0.016299 -0.092750 0.003000 0.016061 -0.093061 0.003000 0.015750 -0.093299 0.003000 0.015388 -0.093449 0.003000 0.015000 -0.093500 0.003000 0.014612 -0.093449 0.003000 0.014250 -0.093299 0.003000 0.013939 -0.093061 0.003000 0.013701 -0.092750 0.003000 0.013551 -0.092388 0.003000 0.013500 -0.092000 0.003000 0.013551 -0.091612 0.003000 0.013701 -0.091250 0.003000 0.013939 -0.090939 0.003000 0.014250 -0.090701 0.003000 0.014612 -0.090551 0.003000 -0.015000 0.069500 0.003000 -0.014612 0.069449 0.003000 -0.014250 0.069299 0.003000 -0.013939 0.069061 0.003000 -0.013701 0.068750 0.003000 -0.013551 0.068388 0.003000 -0.013500 0.068000 0.003000 -0.013551 0.067612 0.003000 -0.013701 0.067250 0.003000 -0.013939 0.066939 0.003000 -0.014250 0.066701 0.003000 -0.014612 0.066551 0.003000 -0.015000 0.066500 0.003000 -0.015388 0.066551 0.003000 -0.015750 0.066701 0.003000 -0.016061 0.066939 0.003000 -0.016299 0.067250 0.003000 -0.016449 0.067612 0.003000 -0.016500 0.068000 0.003000 -0.016449 0.068388 0.003000 -0.016299 0.068750 0.003000 -0.016061 0.069061 0.003000 -0.015750 0.069299 0.003000 -0.015388 0.069449 0.003000 -0.015000 -0.066500 0.003000 -0.014612 -0.066551 0.003000 -0.014250 -0.066701 0.003000 -0.013939 -0.066939 0.003000 -0.013701 -0.067250 0.003000 -0.013551 -0.067612 0.003000 -0.013500 -0.068000 0.003000 -0.013551 -0.068388 0.003000 -0.013701 -0.068750 0.003000 -0.013939 -0.069061 0.003000 -0.014250 -0.069299 0.003000 -0.014612 -0.069449 0.003000 -0.015000 -0.069500 0.003000 -0.015388 -0.069449 0.003000 -0.015750 -0.069299 0.003000 -0.016061 -0.069061 0.003000 -0.016299 -0.068750 0.003000 -0.016449 -0.068388 0.003000 -0.016500 -0.068000 0.003000 -0.016449 -0.067612 0.003000 -0.016299 -0.067250 0.003000 -0.016061 -0.066939 0.003000 -0.015750 -0.066701 0.003000 -0.015388 -0.066551 0.003000 0.015000 0.069500 0.003000 0.015388 0.069449 0.003000 0.015750 0.069299 0.003000 0.016061 0.069061 0.003000 0.016299 0.068750 0.003000 0.016449 0.068388 0.003000 0.016500 0.068000 0.003000 0.016449 0.067612 0.003000 0.016299 0.067250 0.003000 0.016061 0.066939 0.003000 0.015750 0.066701 0.003000 0.015388 0.066551 0.003000 0.015000 0.066500 0.003000 0.014612 0.066551 0.003000 0.014250 0.066701 0.003000 0.013939 0.066939 0.003000 0.013701 0.067250 0.003000 0.013551 0.067612 0.003000 0.013500 0.068000 0.003000 0.013551 0.068388 0.003000 0.013701 0.068750 0.003000 0.013939 0.069061 0.003000 0.014250 0.069299 0.003000 0.014612 0.069449 0.003000 0.015000 0.093500 0.003000 0.015388 0.093449 0.003000 0.015750 0.093299 0.003000 0.016061 0.093061 0.003000 0.016299 0.092750 0.003000 0.016449 0.092388 0.003000 0.016500 0.092000 0.003000 0.016449 0.091612 0.003000 0.016299 0.091250 0.003000 0.016061 0.090939 0.003000 0.015750 0.090701 0.003000 0.015388 0.090551 0.003000 0.015000 0.090500 0.003000 0.014612 0.090551 0.003000 0.014250 0.090701 0.003000 0.013939 0.090939 0.003000 0.013701 0.091250 0.003000 0.013551 0.091612 0.003000 0.013500 0.092000 0.003000 0.013551 0.092388 0.003000 0.013701 0.092750 0.003000 0.013939 0.093061 0.003000 0.014250 0.093299 0.003000 0.014612 0.093449 0.003000 -0.015000 -0.090500 0.003000 -0.014612 -0.090551 0.003000 -0.014250 -0.090701 0.003000 -0.013939 -0.090939 0.003000 -0.013701 -0.091250 0.003000 -0.013551 -0.091612 0.003000 -0.013500 -0.092000 0.003000 -0.013551 -0.092388 0.003000 -0.013701 -0.092750 0.003000 -0.013939 -0.093061 0.003000 -0.014250 -0.093299 0.003000 -0.014612 -0.093449 0.003000 -0.015000 -0.093500 0.003000 -0.015388 -0.093449 0.003000 -0.015750 -0.093299 0.003000 -0.016061 -0.093061 0.003000 -0.016299 -0.092750 0.003000 -0.016449 -0.092388 0.003000 -0.016500 -0.092000 0.003000 -0.016449 -0.091612 0.003000 -0.016299 -0.091250 0.003000 -0.016061 -0.090939 0.003000 -0.015750 -0.090701 0.003000 -0.015388 -0.090551 0.003000 0.020000 0.098500 0.000000 -0.020000 0.098500 0.000000 -0.020000 0.060000 0.000000 0.020000 0.060000 0.000000 -0.020000 -0.098500 0.000000 0.020000 -0.098500 0.000000 0.020000 -0.060000 0.000000 -0.020000 -0.060000 0.000000 -0.006500 0.098500 -0.034000 -0.006500 0.098500 -0.020000 -0.006311 0.098500 -0.018444 -0.005755 0.098500 -0.016979 -0.004865 0.098500 -0.015690 -0.003692 0.098500 -0.014651 -0.002305 0.098500 -0.013922 -0.000783 0.098500 -0.013547 0.000783 0.098500 -0.013547 0.002305 0.098500 -0.013922 0.003692 0.098500 -0.014651 0.004865 0.098500 -0.015690 0.005755 0.098500 -0.016979 0.006311 0.098500 -0.018444 0.006500 0.098500 -0.020000 0.006500 0.098500 -0.034000 0.006311 0.098500 -0.035556 0.005755 0.098500 -0.037021 0.004865 0.098500 -0.038310 0.003692 0.098500 -0.039349 0.002305 0.098500 -0.040078 0.000783 0.098500 -0.040453 -0.000783 0.098500 -0.040453 -0.002305 0.098500 -0.040078 -0.003692 0.098500 -0.039349 -0.004865 0.098500 -0.038310 -0.005755 0.098500 -0.037021 -0.006311 0.098500 -0.035556 -0.005500 0.098500 -0.027000 -0.005313 0.098500 -0.028424 -0.004763 0.098500 -0.029750 -0.003889 0.098500 -0.030889 -0.002750 0.098500 -0.031763 -0.001424 0.098500 -0.032313 -0.000000 0.098500 -0.032500 0.001424 0.098500 -0.032313 0.002750 0.098500 -0.031763 0.003889 0.098500 -0.030889 0.004763 0.098500 -0.029750 0.005313 0.098500 -0.028424 0.005500 0.098500 -0.027000 0.005313 0.098500 -0.025577 0.004763 0.098500 -0.024250 0.003889 0.098500 -0.023111 0.002750 0.098500 -0.022237 0.001424 0.098500 -0.021687 -0.000000 0.098500 -0.021500 -0.001424 0.098500 -0.021687 -0.002750 0.098500 -0.022237 -0.003889 0.098500 -0.023111 -0.004763 0.098500 -0.024250 -0.005313 0.098500 -0.025577 0.017100 0.097500 -0.027000 0.017045 0.097500 -0.027414 0.016886 0.097500 -0.027800 0.016631 0.097500 -0.028131 0.016300 0.097500 -0.028386 0.015914 0.097500 -0.028545 0.015500 0.097500 -0.028600 0.015086 0.097500 -0.028545 0.014700 0.097500 -0.028386 0.014369 0.097500 -0.028131 0.014114 0.097500 -0.027800 0.013955 0.097500 -0.027414 0.013900 0.097500 -0.027000 0.013955 0.097500 -0.026586 0.014114 0.097500 -0.026200 0.014369 0.097500 -0.025869 0.014700 0.097500 -0.025614 0.015086 0.097500 -0.025455 0.015500 0.097500 -0.025400 0.015914 0.097500 -0.025455 0.016300 0.097500 -0.025614 0.016631 0.097500 -0.025869 0.016886 0.097500 -0.026200 0.017045 0.097500 -0.026586 -0.013900 0.097500 -0.027000 -0.013955 0.097500 -0.027414 -0.014114 0.097500 -0.027800 -0.014369 0.097500 -0.028131 -0.014700 0.097500 -0.028386 -0.015086 0.097500 -0.028545 -0.015500 0.097500 -0.028600 -0.015914 0.097500 -0.028545 -0.016300 0.097500 -0.028386 -0.016631 0.097500 -0.028131 -0.016886 0.097500 -0.027800 -0.017045 0.097500 -0.027414 -0.017100 0.097500 -0.027000 -0.017045 0.097500 -0.026586 -0.016886 0.097500 -0.026200 -0.016631 0.097500 -0.025869 -0.016300 0.097500 -0.025614 -0.015914 0.097500 -0.025455 -0.015500 0.097500 -0.025400 -0.015086 0.097500 -0.025455 -0.014700 0.097500 -0.025614 -0.014369 0.097500 -0.025869 -0.014114 0.097500 -0.026200 -0.013955 0.097500 -0.026586 0.009350 0.097500 -0.013577 0.009295 0.097500 -0.013991 0.009136 0.097500 -0.014377 0.008881 0.097500 -0.014708 0.008550 0.097500 -0.014962 0.008164 0.097500 -0.015122 0.007750 0.097500 -0.015177 0.007336 0.097500 -0.015122 0.006950 0.097500 -0.014962 0.006619 0.097500 -0.014708 0.006364 0.097500 -0.014377 0.006205 0.097500 -0.013991 0.006150 0.097500 -0.013577 0.006205 0.097500 -0.013162 0.006364 0.097500 -0.012777 0.006619 0.097500 -0.012445 0.006950 0.097500 -0.012191 0.007336 0.097500 -0.012031 0.007750 0.097500 -0.011977 0.008164 0.097500 -0.012031 0.008550 0.097500 -0.012191 0.008881 0.097500 -0.012445 0.009136 0.097500 -0.012777 0.009295 0.097500 -0.013162 0.009350 0.097500 -0.040423 0.009295 0.097500 -0.040838 0.009136 0.097500 -0.041223 0.008881 0.097500 -0.041555 0.008550 0.097500 -0.041809 0.008164 0.097500 -0.041969 0.007750 0.097500 -0.042023 0.007336 0.097500 -0.041969 0.006950 0.097500 -0.041809 0.006619 0.097500 -0.041555 0.006364 0.097500 -0.041223 0.006205 0.097500 -0.040838 0.006150 0.097500 -0.040423 0.006205 0.097500 -0.040009 0.006364 0.097500 -0.039623 0.006619 0.097500 -0.039292 0.006950 0.097500 -0.039038 0.007336 0.097500 -0.038878 0.007750 0.097500 -0.038823 0.008164 0.097500 -0.038878 0.008550 0.097500 -0.039038 0.008881 0.097500 -0.039292 0.009136 0.097500 -0.039623 0.009295 0.097500 -0.040009 -0.006150 0.097500 -0.040423 -0.006205 0.097500 -0.040838 -0.006364 0.097500 -0.041223 -0.006619 0.097500 -0.041555 -0.006950 0.097500 -0.041809 -0.007336 0.097500 -0.041969 -0.007750 0.097500 -0.042023 -0.008164 0.097500 -0.041969 -0.008550 0.097500 -0.041809 -0.008881 0.097500 -0.041555 -0.009136 0.097500 -0.041223 -0.009295 0.097500 -0.040838 -0.009350 0.097500 -0.040423 -0.009295 0.097500 -0.040009 -0.009136 0.097500 -0.039623 -0.008881 0.097500 -0.039292 -0.008550 0.097500 -0.039038 -0.008164 0.097500 -0.038878 -0.007750 0.097500 -0.038823 -0.007336 0.097500 -0.038878 -0.006950 0.097500 -0.039038 -0.006619 0.097500 -0.039292 -0.006364 0.097500 -0.039623 -0.006205 0.097500 -0.040009 -0.006150 0.097500 -0.013577 -0.006205 0.097500 -0.013991 -0.006364 0.097500 -0.014377 -0.006619 0.097500 -0.014708 -0.006950 0.097500 -0.014962 -0.007336 0.097500 -0.015122 -0.007750 0.097500 -0.015177 -0.008164 0.097500 -0.015122 -0.008550 0.097500 -0.014962 -0.008881 0.097500 -0.014708 -0.009136 0.097500 -0.014377 -0.009295 0.097500 -0.013991 -0.009350 0.097500 -0.013577 -0.009295 0.097500 -0.013162 -0.009136 0.097500 -0.012777 -0.008881 0.097500 -0.012445 -0.008550 0.097500 -0.012191 -0.008164 0.097500 -0.012031 -0.007750 0.097500 -0.011977 -0.007336 0.097500 -0.012031 -0.006950 0.097500 -0.012191 -0.006619 0.097500 -0.012445 -0.006364 0.097500 -0.012777 -0.006205 0.097500 -0.013162 -0.016500 0.053500 -0.027000 -0.016286 0.053500 -0.024353 -0.015651 0.053500 -0.021775 -0.014610 0.053500 -0.019332 -0.013191 0.053500 -0.017088 -0.011430 0.053500 -0.015100 -0.009373 0.053500 -0.013421 -0.007073 0.053500 -0.012093 -0.004591 0.053500 -0.011151 -0.001989 0.053500 -0.010620 0.000664 0.053500 -0.010513 0.003300 0.053500 -0.010833 0.005851 0.053500 -0.011572 0.008250 0.053500 -0.012711 0.010435 0.053500 -0.014219 0.012350 0.053500 -0.016058 0.013946 0.053500 -0.018181 0.015180 0.053500 -0.020533 0.016021 0.053500 -0.023051 0.016446 0.053500 -0.025672 0.016446 0.053500 -0.028328 0.016021 0.053500 -0.030949 0.015180 0.053500 -0.033467 0.013946 0.053500 -0.035819 0.012350 0.053500 -0.037942 0.010435 0.053500 -0.039781 0.008250 0.053500 -0.041289 0.005851 0.053500 -0.042428 0.003300 0.053500 -0.043167 0.000664 0.053500 -0.043487 -0.001989 0.053500 -0.043380 -0.004591 0.053500 -0.042849 -0.007073 0.053500 -0.041907 -0.009373 0.053500 -0.040579 -0.011430 0.053500 -0.038900 -0.013191 0.053500 -0.036912 -0.014610 0.053500 -0.034668 -0.015651 0.053500 -0.032225 -0.016286 0.053500 -0.029647 -0.016500 0.076500 -0.027000 -0.016286 0.076500 -0.029647 -0.015651 0.076500 -0.032225 -0.014610 0.076500 -0.034668 -0.013191 0.076500 -0.036912 -0.011430 0.076500 -0.038900 -0.009373 0.076500 -0.040579 -0.007073 0.076500 -0.041907 -0.004591 0.076500 -0.042849 -0.001989 0.076500 -0.043380 0.000664 0.076500 -0.043487 0.003300 0.076500 -0.043167 0.005851 0.076500 -0.042428 0.008250 0.076500 -0.041289 0.010435 0.076500 -0.039781 0.012350 0.076500 -0.037942 0.013946 0.076500 -0.035819 0.015180 0.076500 -0.033467 0.016021 0.076500 -0.030949 0.016446 0.076500 -0.028328 0.016446 0.076500 -0.025672 0.016021 0.076500 -0.023051 0.015180 0.076500 -0.020533 0.013946 0.076500 -0.018181 0.012350 0.076500 -0.016058 0.010435 0.076500 -0.014219 0.008250 0.076500 -0.012711 0.005851 0.076500 -0.011572 0.003300 0.076500 -0.010833 0.000664 0.076500 -0.010513 -0.001989 0.076500 -0.010620 -0.004591 0.076500 -0.011151 -0.007073 0.076500 -0.012093 -0.009373 0.076500 -0.013421 -0.011430 0.076500 -0.015100 -0.013191 0.076500 -0.017088 -0.014610 0.076500 -0.019332 -0.015651 0.076500 -0.021775 -0.016286 0.076500 -0.024353 -0.018500 0.076500 -0.027000 -0.018283 0.076500 -0.024176 -0.017638 0.076500 -0.021418 -0.016579 0.076500 -0.018791 -0.015132 0.076500 -0.016357 -0.013330 0.076500 -0.014172 -0.011215 0.076500 -0.012287 -0.008838 0.076500 -0.010748 -0.006253 0.076500 -0.009589 -0.003522 0.076500 -0.008838 -0.000709 0.076500 -0.008514 0.002122 0.076500 -0.008622 0.004902 0.076500 -0.009161 0.007568 0.076500 -0.010119 0.010056 0.076500 -0.011472 0.012309 0.076500 -0.013189 0.014273 0.076500 -0.015230 0.015902 0.076500 -0.017546 0.017159 0.076500 -0.020084 0.018013 0.076500 -0.022785 0.018446 0.076500 -0.025584 0.018446 0.076500 -0.028416 0.018013 0.076500 -0.031215 0.017159 0.076500 -0.033916 0.015902 0.076500 -0.036454 0.014273 0.076500 -0.038770 0.012309 0.076500 -0.040811 0.010056 0.076500 -0.042528 0.007568 0.076500 -0.043881 0.004902 0.076500 -0.044839 0.002122 0.076500 -0.045378 -0.000709 0.076500 -0.045486 -0.003522 0.076500 -0.045162 -0.006253 0.076500 -0.044411 -0.008838 0.076500 -0.043252 -0.011215 0.076500 -0.041713 -0.013330 0.076500 -0.039829 -0.015132 0.076500 -0.037643 -0.016579 0.076500 -0.035209 -0.017638 0.076500 -0.032582 -0.018283 0.076500 -0.029824 -0.018500 0.098500 -0.027000 -0.018283 0.098500 -0.029824 -0.017638 0.098500 -0.032582 -0.016579 0.098500 -0.035209 -0.015132 0.098500 -0.037643 -0.013330 0.098500 -0.039829 -0.011215 0.098500 -0.041713 -0.008838 0.098500 -0.043252 -0.006253 0.098500 -0.044411 -0.003522 0.098500 -0.045162 -0.000709 0.098500 -0.045486 0.002122 0.098500 -0.045378 0.004902 0.098500 -0.044839 0.007568 0.098500 -0.043881 0.010056 0.098500 -0.042528 0.012309 0.098500 -0.040811 0.014273 0.098500 -0.038770 0.015902 0.098500 -0.036454 0.017159 0.098500 -0.033916 0.018013 0.098500 -0.031215 0.018446 0.098500 -0.028416 0.018446 0.098500 -0.025584 0.018013 0.098500 -0.022785 0.017159 0.098500 -0.020084 0.015902 0.098500 -0.017546 0.014273 0.098500 -0.015230 0.012309 0.098500 -0.013189 0.010056 0.098500 -0.011472 0.007568 0.098500 -0.010119 0.004902 0.098500 -0.009161 0.002122 0.098500 -0.008622 -0.000709 0.098500 -0.008514 -0.003522 0.098500 -0.008838 -0.006253 0.098500 -0.009589 -0.008838 0.098500 -0.010748 -0.011215 0.098500 -0.012287 -0.013330 0.098500 -0.014172 -0.015132 0.098500 -0.016357 -0.016579 0.098500 -0.018791 -0.017638 0.098500 -0.021418 -0.018283 0.098500 -0.024176 -0.005500 0.104500 -0.027000 -0.005313 0.104500 -0.025577 -0.004763 0.104500 -0.024250 -0.003889 0.104500 -0.023111 -0.002750 0.104500 -0.022237 -0.001424 0.104500 -0.021687 -0.000000 0.104500 -0.021500 0.001424 0.104500 -0.021687 0.002750 0.104500 -0.022237 0.003889 0.104500 -0.023111 0.004763 0.104500 -0.024250 0.005313 0.104500 -0.025577 0.005500 0.104500 -0.027000 0.005313 0.104500 -0.028424 0.004763 0.104500 -0.029750 0.003889 0.104500 -0.030889 0.002750 0.104500 -0.031763 0.001424 0.104500 -0.032313 -0.000000 0.104500 -0.032500 -0.001424 0.104500 -0.032313 -0.002750 0.104500 -0.031763 -0.003889 0.104500 -0.030889 -0.004763 0.104500 -0.029750 -0.005313 0.104500 -0.028424 -0.003000 0.104500 -0.027000 -0.002898 0.104500 -0.027776 -0.002598 0.104500 -0.028500 -0.002121 0.104500 -0.029121 -0.001500 0.104500 -0.029598 -0.000776 0.104500 -0.029898 -0.000000 0.104500 -0.030000 0.000776 0.104500 -0.029898 0.001500 0.104500 -0.029598 0.002121 0.104500 -0.029121 0.002598 0.104500 -0.028500 0.002898 0.104500 -0.027776 0.003000 0.104500 -0.027000 0.002898 0.104500 -0.026224 0.002598 0.104500 -0.025500 0.002121 0.104500 -0.024879 0.001500 0.104500 -0.024402 0.000776 0.104500 -0.024102 -0.000000 0.104500 -0.024000 -0.000776 0.104500 -0.024102 -0.001500 0.104500 -0.024402 -0.002121 0.104500 -0.024879 -0.002598 0.104500 -0.025500 -0.002898 0.104500 -0.026224 0.001199 0.107500 -0.029750 0.001199 0.107500 -0.024250 0.001860 0.107500 -0.024646 0.002399 0.107500 -0.025198 0.002779 0.107500 -0.025869 0.002975 0.107500 -0.026615 0.002975 0.107500 -0.027385 0.002779 0.107500 -0.028131 0.002399 0.107500 -0.028802 0.001860 0.107500 -0.029354 0.001199 0.119500 -0.029750 0.001199 0.119500 -0.024250 0.000488 0.119500 -0.024040 -0.000253 0.119500 -0.024011 -0.000978 0.119500 -0.024164 -0.001644 0.119500 -0.024490 -0.002209 0.119500 -0.024970 -0.002639 0.119500 -0.025574 -0.002908 0.119500 -0.026264 -0.003000 0.119500 -0.027000 -0.002908 0.119500 -0.027736 -0.002639 0.119500 -0.028426 -0.002209 0.119500 -0.029030 -0.001644 0.119500 -0.029510 -0.000978 0.119500 -0.029836 -0.000253 0.119500 -0.029989 0.000488 0.119500 -0.029960 -0.020000 0.100000 -0.001500 -0.020000 0.099949 -0.001112 -0.020000 0.099799 -0.000750 -0.020000 0.099561 -0.000439 -0.020000 0.099250 -0.000201 -0.020000 0.098888 -0.000051 0.020000 0.098888 -0.000051 0.020000 0.099250 -0.000201 0.020000 0.099561 -0.000439 0.020000 0.099799 -0.000750 0.020000 0.099949 -0.001112 0.020000 0.100000 -0.001500 -0.012000 0.099949 -0.001112 -0.004000 0.099949 -0.001112 0.004000 0.099949 -0.001112 0.012000 0.099949 -0.001112 -0.012000 0.099799 -0.000750 -0.004000 0.099799 -0.000750 0.004000 0.099799 -0.000750 0.012000 0.099799 -0.000750 -0.012000 0.099561 -0.000439 -0.004000 0.099561 -0.000439 0.004000 0.099561 -0.000439 0.012000 0.099561 -0.000439 -0.012000 0.099250 -0.000201 -0.004000 0.099250 -0.000201 0.004000 0.099250 -0.000201 0.012000 0.099250 -0.000201 -0.012000 0.098888 -0.000051 -0.004000 0.098888 -0.000051 0.004000 0.098888 -0.000051 0.012000 0.098888 -0.000051 -0.020000 0.100000 -0.029500 -0.020000 0.098500 -0.029500 -0.020000 0.098500 -0.001500 -0.020000 0.060000 -0.001500 0.020000 0.100000 -0.029500 0.019785 0.100000 -0.032238 0.019143 0.100000 -0.034908 0.018093 0.100000 -0.037445 0.016658 0.100000 -0.039786 0.014874 0.100000 -0.041874 0.012786 0.100000 -0.043658 0.010445 0.100000 -0.045093 0.007908 0.100000 -0.046143 0.005238 0.100000 -0.046785 0.002500 0.100000 -0.047000 -0.002500 0.100000 -0.047000 -0.005238 0.100000 -0.046785 -0.007908 0.100000 -0.046143 -0.010445 0.100000 -0.045093 -0.012786 0.100000 -0.043658 -0.014874 0.100000 -0.041874 -0.016658 0.100000 -0.039786 -0.018093 0.100000 -0.037445 -0.019143 0.100000 -0.034908 -0.019785 0.100000 -0.032238 0.013900 0.100000 -0.027000 0.013955 0.100000 -0.027414 0.014114 0.100000 -0.027800 0.014369 0.100000 -0.028131 0.014700 0.100000 -0.028386 0.015086 0.100000 -0.028545 0.015500 0.100000 -0.028600 0.015914 0.100000 -0.028545 0.016300 0.100000 -0.028386 0.016631 0.100000 -0.028131 0.016886 0.100000 -0.027800 0.017045 0.100000 -0.027414 0.017100 0.100000 -0.027000 0.017045 0.100000 -0.026586 0.016886 0.100000 -0.026200 0.016631 0.100000 -0.025869 0.016300 0.100000 -0.025614 0.015914 0.100000 -0.025455 0.015500 0.100000 -0.025400 0.015086 0.100000 -0.025455 0.014700 0.100000 -0.025614 0.014369 0.100000 -0.025869 0.014114 0.100000 -0.026200 0.013955 0.100000 -0.026586 0.006150 0.100000 -0.040423 0.006205 0.100000 -0.040838 0.006364 0.100000 -0.041223 0.006619 0.100000 -0.041555 0.006950 0.100000 -0.041809 0.007336 0.100000 -0.041969 0.007750 0.100000 -0.042023 0.008164 0.100000 -0.041969 0.008550 0.100000 -0.041809 0.008881 0.100000 -0.041555 0.009136 0.100000 -0.041223 0.009295 0.100000 -0.040838 0.009350 0.100000 -0.040423 0.009295 0.100000 -0.040009 0.009136 0.100000 -0.039623 0.008881 0.100000 -0.039292 0.008550 0.100000 -0.039038 0.008164 0.100000 -0.038878 0.007750 0.100000 -0.038823 0.007336 0.100000 -0.038878 0.006950 0.100000 -0.039038 0.006619 0.100000 -0.039292 0.006364 0.100000 -0.039623 0.006205 0.100000 -0.040009 0.006500 0.100000 -0.020000 0.006311 0.100000 -0.018444 0.005755 0.100000 -0.016979 0.004865 0.100000 -0.015690 0.003692 0.100000 -0.014651 0.002305 0.100000 -0.013922 0.000783 0.100000 -0.013547 -0.000783 0.100000 -0.013547 -0.002305 0.100000 -0.013922 -0.003692 0.100000 -0.014651 -0.004865 0.100000 -0.015690 -0.005755 0.100000 -0.016979 -0.006311 0.100000 -0.018444 -0.006500 0.100000 -0.020000 -0.006500 0.100000 -0.034000 -0.006311 0.100000 -0.035556 -0.005755 0.100000 -0.037021 -0.004865 0.100000 -0.038310 -0.003692 0.100000 -0.039349 -0.002305 0.100000 -0.040078 -0.000783 0.100000 -0.040453 0.000783 0.100000 -0.040453 0.002305 0.100000 -0.040078 0.003692 0.100000 -0.039349 0.004865 0.100000 -0.038310 0.005755 0.100000 -0.037021 0.006311 0.100000 -0.035556 0.006500 0.100000 -0.034000 -0.017100 0.100000 -0.027000 -0.017045 0.100000 -0.027414 -0.016886 0.100000 -0.027800 -0.016631 0.100000 -0.028131 -0.016300 0.100000 -0.028386 -0.015914 0.100000 -0.028545 -0.015500 0.100000 -0.028600 -0.015086 0.100000 -0.028545 -0.014700 0.100000 -0.028386 -0.014369 0.100000 -0.028131 -0.014114 0.100000 -0.027800 -0.013955 0.100000 -0.027414 -0.013900 0.100000 -0.027000 -0.013955 0.100000 -0.026586 -0.014114 0.100000 -0.026200 -0.014369 0.100000 -0.025869 -0.014700 0.100000 -0.025614 -0.015086 0.100000 -0.025455 -0.015500 0.100000 -0.025400 -0.015914 0.100000 -0.025455 -0.016300 0.100000 -0.025614 -0.016631 0.100000 -0.025869 -0.016886 0.100000 -0.026200 -0.017045 0.100000 -0.026586 0.006150 0.100000 -0.013577 0.006205 0.100000 -0.013991 0.006364 0.100000 -0.014377 0.006619 0.100000 -0.014708 0.006950 0.100000 -0.014962 0.007336 0.100000 -0.015122 0.007750 0.100000 -0.015177 0.008164 0.100000 -0.015122 0.008550 0.100000 -0.014962 0.008881 0.100000 -0.014708 0.009136 0.100000 -0.014377 0.009295 0.100000 -0.013991 0.009350 0.100000 -0.013577 0.009295 0.100000 -0.013162 0.009136 0.100000 -0.012777 0.008881 0.100000 -0.012445 0.008550 0.100000 -0.012191 0.008164 0.100000 -0.012031 0.007750 0.100000 -0.011977 0.007336 0.100000 -0.012031 0.006950 0.100000 -0.012191 0.006619 0.100000 -0.012445 0.006364 0.100000 -0.012777 0.006205 0.100000 -0.013162 -0.009350 0.100000 -0.040423 -0.009295 0.100000 -0.040838 -0.009136 0.100000 -0.041223 -0.008881 0.100000 -0.041555 -0.008550 0.100000 -0.041809 -0.008164 0.100000 -0.041969 -0.007750 0.100000 -0.042023 -0.007336 0.100000 -0.041969 -0.006950 0.100000 -0.041809 -0.006619 0.100000 -0.041555 -0.006364 0.100000 -0.041223 -0.006205 0.100000 -0.040838 -0.006150 0.100000 -0.040423 -0.006205 0.100000 -0.040009 -0.006364 0.100000 -0.039623 -0.006619 0.100000 -0.039292 -0.006950 0.100000 -0.039038 -0.007336 0.100000 -0.038878 -0.007750 0.100000 -0.038823 -0.008164 0.100000 -0.038878 -0.008550 0.100000 -0.039038 -0.008881 0.100000 -0.039292 -0.009136 0.100000 -0.039623 -0.009295 0.100000 -0.040009 -0.009350 0.100000 -0.013577 -0.009295 0.100000 -0.013991 -0.009136 0.100000 -0.014377 -0.008881 0.100000 -0.014708 -0.008550 0.100000 -0.014962 -0.008164 0.100000 -0.015122 -0.007750 0.100000 -0.015177 -0.007336 0.100000 -0.015122 -0.006950 0.100000 -0.014962 -0.006619 0.100000 -0.014708 -0.006364 0.100000 -0.014377 -0.006205 0.100000 -0.013991 -0.006150 0.100000 -0.013577 -0.006205 0.100000 -0.013162 -0.006364 0.100000 -0.012777 -0.006619 0.100000 -0.012445 -0.006950 0.100000 -0.012191 -0.007336 0.100000 -0.012031 -0.007750 0.100000 -0.011977 -0.008164 0.100000 -0.012031 -0.008550 0.100000 -0.012191 -0.008881 0.100000 -0.012445 -0.009136 0.100000 -0.012777 -0.009295 0.100000 -0.013162 0.020000 0.098500 -0.029500 0.019785 0.098500 -0.032238 0.019143 0.098500 -0.034908 0.018093 0.098500 -0.037445 0.016658 0.098500 -0.039786 0.014874 0.098500 -0.041874 0.012786 0.098500 -0.043658 0.010445 0.098500 -0.045093 0.007908 0.098500 -0.046143 0.005238 0.098500 -0.046785 0.002500 0.098500 -0.047000 -0.002500 0.098500 -0.047000 -0.005238 0.098500 -0.046785 -0.007908 0.098500 -0.046143 -0.010445 0.098500 -0.045093 -0.012786 0.098500 -0.043658 -0.014874 0.098500 -0.041874 -0.016658 0.098500 -0.039786 -0.018093 0.098500 -0.037445 -0.019143 0.098500 -0.034908 -0.019785 0.098500 -0.032238 0.020000 0.098500 -0.001500 0.015000 0.090500 -0.001500 0.014612 0.090551 -0.001500 0.014250 0.090701 -0.001500 0.013939 0.090939 -0.001500 0.013701 0.091250 -0.001500 0.013551 0.091612 -0.001500 0.013500 0.092000 -0.001500 0.013551 0.092388 -0.001500 0.013701 0.092750 -0.001500 0.013939 0.093061 -0.001500 0.014250 0.093299 -0.001500 0.014612 0.093449 -0.001500 0.015000 0.093500 -0.001500 0.015388 0.093449 -0.001500 0.015750 0.093299 -0.001500 0.016061 0.093061 -0.001500 0.016299 0.092750 -0.001500 0.016449 0.092388 -0.001500 0.016500 0.092000 -0.001500 0.016449 0.091612 -0.001500 0.016299 0.091250 -0.001500 0.016061 0.090939 -0.001500 0.015750 0.090701 -0.001500 0.015388 0.090551 -0.001500 -0.015000 0.090500 -0.001500 -0.015388 0.090551 -0.001500 -0.015750 0.090701 -0.001500 -0.016061 0.090939 -0.001500 -0.016299 0.091250 -0.001500 -0.016449 0.091612 -0.001500 -0.016500 0.092000 -0.001500 -0.016449 0.092388 -0.001500 -0.016299 0.092750 -0.001500 -0.016061 0.093061 -0.001500 -0.015750 0.093299 -0.001500 -0.015388 0.093449 -0.001500 -0.015000 0.093500 -0.001500 -0.014612 0.093449 -0.001500 -0.014250 0.093299 -0.001500 -0.013939 0.093061 -0.001500 -0.013701 0.092750 -0.001500 -0.013551 0.092388 -0.001500 -0.013500 0.092000 -0.001500 -0.013551 0.091612 -0.001500 -0.013701 0.091250 -0.001500 -0.013939 0.090939 -0.001500 -0.014250 0.090701 -0.001500 -0.014612 0.090551 -0.001500 0.015000 0.066500 -0.001500 0.014612 0.066551 -0.001500 0.014250 0.066701 -0.001500 0.013939 0.066939 -0.001500 0.013701 0.067250 -0.001500 0.013551 0.067612 -0.001500 0.013500 0.068000 -0.001500 0.013551 0.068388 -0.001500 0.013701 0.068750 -0.001500 0.013939 0.069061 -0.001500 0.014250 0.069299 -0.001500 0.014612 0.069449 -0.001500 0.015000 0.069500 -0.001500 0.015388 0.069449 -0.001500 0.015750 0.069299 -0.001500 0.016061 0.069061 -0.001500 0.016299 0.068750 -0.001500 0.016449 0.068388 -0.001500 0.016500 0.068000 -0.001500 0.016449 0.067612 -0.001500 0.016299 0.067250 -0.001500 0.016061 0.066939 -0.001500 0.015750 0.066701 -0.001500 0.015388 0.066551 -0.001500 -0.015000 0.066500 -0.001500 -0.015388 0.066551 -0.001500 -0.015750 0.066701 -0.001500 -0.016061 0.066939 -0.001500 -0.016299 0.067250 -0.001500 -0.016449 0.067612 -0.001500 -0.016500 0.068000 -0.001500 -0.016449 0.068388 -0.001500 -0.016299 0.068750 -0.001500 -0.016061 0.069061 -0.001500 -0.015750 0.069299 -0.001500 -0.015388 0.069449 -0.001500 -0.015000 0.069500 -0.001500 -0.014612 0.069449 -0.001500 -0.014250 0.069299 -0.001500 -0.013939 0.069061 -0.001500 -0.013701 0.068750 -0.001500 -0.013551 0.068388 -0.001500 -0.013500 0.068000 -0.001500 -0.013551 0.067612 -0.001500 -0.013701 0.067250 -0.001500 -0.013939 0.066939 -0.001500 -0.014250 0.066701 -0.001500 -0.014612 0.066551 -0.001500 0.020000 0.060000 -0.001500 -0.006500 -0.098500 -0.020000 -0.006500 -0.098500 -0.034000 -0.006311 -0.098500 -0.035556 -0.005755 -0.098500 -0.037021 -0.004865 -0.098500 -0.038310 -0.003692 -0.098500 -0.039349 -0.002305 -0.098500 -0.040078 -0.000783 -0.098500 -0.040453 0.000783 -0.098500 -0.040453 0.002305 -0.098500 -0.040078 0.003692 -0.098500 -0.039349 0.004865 -0.098500 -0.038310 0.005755 -0.098500 -0.037021 0.006311 -0.098500 -0.035556 0.006500 -0.098500 -0.034000 0.006500 -0.098500 -0.020000 0.006311 -0.098500 -0.018444 0.005755 -0.098500 -0.016979 0.004865 -0.098500 -0.015690 0.003692 -0.098500 -0.014651 0.002305 -0.098500 -0.013922 0.000783 -0.098500 -0.013547 -0.000783 -0.098500 -0.013547 -0.002305 -0.098500 -0.013922 -0.003692 -0.098500 -0.014651 -0.004865 -0.098500 -0.015690 -0.005755 -0.098500 -0.016979 -0.006311 -0.098500 -0.018444 -0.005500 -0.098500 -0.027000 -0.005313 -0.098500 -0.025577 -0.004763 -0.098500 -0.024250 -0.003889 -0.098500 -0.023111 -0.002750 -0.098500 -0.022237 -0.001424 -0.098500 -0.021687 -0.000000 -0.098500 -0.021500 0.001424 -0.098500 -0.021687 0.002750 -0.098500 -0.022237 0.003889 -0.098500 -0.023111 0.004763 -0.098500 -0.024250 0.005313 -0.098500 -0.025577 0.005500 -0.098500 -0.027000 0.005313 -0.098500 -0.028424 0.004763 -0.098500 -0.029750 0.003889 -0.098500 -0.030889 0.002750 -0.098500 -0.031763 0.001424 -0.098500 -0.032313 -0.000000 -0.098500 -0.032500 -0.001424 -0.098500 -0.032313 -0.002750 -0.098500 -0.031763 -0.003889 -0.098500 -0.030889 -0.004763 -0.098500 -0.029750 -0.005313 -0.098500 -0.028424 0.017100 -0.097500 -0.027000 0.017045 -0.097500 -0.026586 0.016886 -0.097500 -0.026200 0.016631 -0.097500 -0.025869 0.016300 -0.097500 -0.025614 0.015914 -0.097500 -0.025455 0.015500 -0.097500 -0.025400 0.015086 -0.097500 -0.025455 0.014700 -0.097500 -0.025614 0.014369 -0.097500 -0.025869 0.014114 -0.097500 -0.026200 0.013955 -0.097500 -0.026586 0.013900 -0.097500 -0.027000 0.013955 -0.097500 -0.027414 0.014114 -0.097500 -0.027800 0.014369 -0.097500 -0.028131 0.014700 -0.097500 -0.028386 0.015086 -0.097500 -0.028545 0.015500 -0.097500 -0.028600 0.015914 -0.097500 -0.028545 0.016300 -0.097500 -0.028386 0.016631 -0.097500 -0.028131 0.016886 -0.097500 -0.027800 0.017045 -0.097500 -0.027414 -0.013900 -0.097500 -0.027000 -0.013955 -0.097500 -0.026586 -0.014114 -0.097500 -0.026200 -0.014369 -0.097500 -0.025869 -0.014700 -0.097500 -0.025614 -0.015086 -0.097500 -0.025455 -0.015500 -0.097500 -0.025400 -0.015914 -0.097500 -0.025455 -0.016300 -0.097500 -0.025614 -0.016631 -0.097500 -0.025869 -0.016886 -0.097500 -0.026200 -0.017045 -0.097500 -0.026586 -0.017100 -0.097500 -0.027000 -0.017045 -0.097500 -0.027414 -0.016886 -0.097500 -0.027800 -0.016631 -0.097500 -0.028131 -0.016300 -0.097500 -0.028386 -0.015914 -0.097500 -0.028545 -0.015500 -0.097500 -0.028600 -0.015086 -0.097500 -0.028545 -0.014700 -0.097500 -0.028386 -0.014369 -0.097500 -0.028131 -0.014114 -0.097500 -0.027800 -0.013955 -0.097500 -0.027414 0.009350 -0.097500 -0.013577 0.009295 -0.097500 -0.013162 0.009136 -0.097500 -0.012777 0.008881 -0.097500 -0.012445 0.008550 -0.097500 -0.012191 0.008164 -0.097500 -0.012031 0.007750 -0.097500 -0.011977 0.007336 -0.097500 -0.012031 0.006950 -0.097500 -0.012191 0.006619 -0.097500 -0.012445 0.006364 -0.097500 -0.012777 0.006205 -0.097500 -0.013162 0.006150 -0.097500 -0.013577 0.006205 -0.097500 -0.013991 0.006364 -0.097500 -0.014377 0.006619 -0.097500 -0.014708 0.006950 -0.097500 -0.014962 0.007336 -0.097500 -0.015122 0.007750 -0.097500 -0.015177 0.008164 -0.097500 -0.015122 0.008550 -0.097500 -0.014962 0.008881 -0.097500 -0.014708 0.009136 -0.097500 -0.014377 0.009295 -0.097500 -0.013991 0.009350 -0.097500 -0.040423 0.009295 -0.097500 -0.040009 0.009136 -0.097500 -0.039623 0.008881 -0.097500 -0.039292 0.008550 -0.097500 -0.039038 0.008164 -0.097500 -0.038878 0.007750 -0.097500 -0.038823 0.007336 -0.097500 -0.038878 0.006950 -0.097500 -0.039038 0.006619 -0.097500 -0.039292 0.006364 -0.097500 -0.039623 0.006205 -0.097500 -0.040009 0.006150 -0.097500 -0.040423 0.006205 -0.097500 -0.040838 0.006364 -0.097500 -0.041223 0.006619 -0.097500 -0.041555 0.006950 -0.097500 -0.041809 0.007336 -0.097500 -0.041969 0.007750 -0.097500 -0.042023 0.008164 -0.097500 -0.041969 0.008550 -0.097500 -0.041809 0.008881 -0.097500 -0.041555 0.009136 -0.097500 -0.041223 0.009295 -0.097500 -0.040838 -0.006150 -0.097500 -0.040423 -0.006205 -0.097500 -0.040009 -0.006364 -0.097500 -0.039623 -0.006619 -0.097500 -0.039292 -0.006950 -0.097500 -0.039038 -0.007336 -0.097500 -0.038878 -0.007750 -0.097500 -0.038823 -0.008164 -0.097500 -0.038878 -0.008550 -0.097500 -0.039038 -0.008881 -0.097500 -0.039292 -0.009136 -0.097500 -0.039623 -0.009295 -0.097500 -0.040009 -0.009350 -0.097500 -0.040423 -0.009295 -0.097500 -0.040838 -0.009136 -0.097500 -0.041223 -0.008881 -0.097500 -0.041555 -0.008550 -0.097500 -0.041809 -0.008164 -0.097500 -0.041969 -0.007750 -0.097500 -0.042023 -0.007336 -0.097500 -0.041969 -0.006950 -0.097500 -0.041809 -0.006619 -0.097500 -0.041555 -0.006364 -0.097500 -0.041223 -0.006205 -0.097500 -0.040838 -0.006150 -0.097500 -0.013577 -0.006205 -0.097500 -0.013162 -0.006364 -0.097500 -0.012777 -0.006619 -0.097500 -0.012445 -0.006950 -0.097500 -0.012191 -0.007336 -0.097500 -0.012031 -0.007750 -0.097500 -0.011977 -0.008164 -0.097500 -0.012031 -0.008550 -0.097500 -0.012191 -0.008881 -0.097500 -0.012445 -0.009136 -0.097500 -0.012777 -0.009295 -0.097500 -0.013162 -0.009350 -0.097500 -0.013577 -0.009295 -0.097500 -0.013991 -0.009136 -0.097500 -0.014377 -0.008881 -0.097500 -0.014708 -0.008550 -0.097500 -0.014962 -0.008164 -0.097500 -0.015122 -0.007750 -0.097500 -0.015177 -0.007336 -0.097500 -0.015122 -0.006950 -0.097500 -0.014962 -0.006619 -0.097500 -0.014708 -0.006364 -0.097500 -0.014377 -0.006205 -0.097500 -0.013991 -0.016500 -0.053500 -0.027000 -0.016286 -0.053500 -0.029647 -0.015651 -0.053500 -0.032225 -0.014610 -0.053500 -0.034668 -0.013191 -0.053500 -0.036912 -0.011430 -0.053500 -0.038900 -0.009373 -0.053500 -0.040579 -0.007073 -0.053500 -0.041907 -0.004591 -0.053500 -0.042849 -0.001989 -0.053500 -0.043380 0.000664 -0.053500 -0.043487 0.003300 -0.053500 -0.043167 0.005851 -0.053500 -0.042428 0.008250 -0.053500 -0.041289 0.010435 -0.053500 -0.039781 0.012350 -0.053500 -0.037942 0.013946 -0.053500 -0.035819 0.015180 -0.053500 -0.033467 0.016021 -0.053500 -0.030949 0.016446 -0.053500 -0.028328 0.016446 -0.053500 -0.025672 0.016021 -0.053500 -0.023051 0.015180 -0.053500 -0.020533 0.013946 -0.053500 -0.018181 0.012350 -0.053500 -0.016058 0.010435 -0.053500 -0.014219 0.008250 -0.053500 -0.012711 0.005851 -0.053500 -0.011572 0.003300 -0.053500 -0.010833 0.000664 -0.053500 -0.010513 -0.001989 -0.053500 -0.010620 -0.004591 -0.053500 -0.011151 -0.007073 -0.053500 -0.012093 -0.009373 -0.053500 -0.013421 -0.011430 -0.053500 -0.015100 -0.013191 -0.053500 -0.017088 -0.014610 -0.053500 -0.019332 -0.015651 -0.053500 -0.021775 -0.016286 -0.053500 -0.024353 -0.016500 -0.076500 -0.027000 -0.016286 -0.076500 -0.024353 -0.015651 -0.076500 -0.021775 -0.014610 -0.076500 -0.019332 -0.013191 -0.076500 -0.017088 -0.011430 -0.076500 -0.015100 -0.009373 -0.076500 -0.013421 -0.007073 -0.076500 -0.012093 -0.004591 -0.076500 -0.011151 -0.001989 -0.076500 -0.010620 0.000664 -0.076500 -0.010513 0.003300 -0.076500 -0.010833 0.005851 -0.076500 -0.011572 0.008250 -0.076500 -0.012711 0.010435 -0.076500 -0.014219 0.012350 -0.076500 -0.016058 0.013946 -0.076500 -0.018181 0.015180 -0.076500 -0.020533 0.016021 -0.076500 -0.023051 0.016446 -0.076500 -0.025672 0.016446 -0.076500 -0.028328 0.016021 -0.076500 -0.030949 0.015180 -0.076500 -0.033467 0.013946 -0.076500 -0.035819 0.012350 -0.076500 -0.037942 0.010435 -0.076500 -0.039781 0.008250 -0.076500 -0.041289 0.005851 -0.076500 -0.042428 0.003300 -0.076500 -0.043167 0.000664 -0.076500 -0.043487 -0.001989 -0.076500 -0.043380 -0.004591 -0.076500 -0.042849 -0.007073 -0.076500 -0.041907 -0.009373 -0.076500 -0.040579 -0.011430 -0.076500 -0.038900 -0.013191 -0.076500 -0.036912 -0.014610 -0.076500 -0.034668 -0.015651 -0.076500 -0.032225 -0.016286 -0.076500 -0.029647 -0.018500 -0.076500 -0.027000 -0.018283 -0.076500 -0.029824 -0.017638 -0.076500 -0.032582 -0.016579 -0.076500 -0.035209 -0.015132 -0.076500 -0.037643 -0.013330 -0.076500 -0.039829 -0.011215 -0.076500 -0.041713 -0.008838 -0.076500 -0.043252 -0.006253 -0.076500 -0.044411 -0.003522 -0.076500 -0.045162 -0.000709 -0.076500 -0.045486 0.002122 -0.076500 -0.045378 0.004902 -0.076500 -0.044839 0.007568 -0.076500 -0.043881 0.010056 -0.076500 -0.042528 0.012309 -0.076500 -0.040811 0.014273 -0.076500 -0.038770 0.015902 -0.076500 -0.036454 0.017159 -0.076500 -0.033916 0.018013 -0.076500 -0.031215 0.018446 -0.076500 -0.028416 0.018446 -0.076500 -0.025584 0.018013 -0.076500 -0.022785 0.017159 -0.076500 -0.020084 0.015902 -0.076500 -0.017546 0.014273 -0.076500 -0.015230 0.012309 -0.076500 -0.013189 0.010056 -0.076500 -0.011472 0.007568 -0.076500 -0.010119 0.004902 -0.076500 -0.009161 0.002122 -0.076500 -0.008622 -0.000709 -0.076500 -0.008514 -0.003522 -0.076500 -0.008838 -0.006253 -0.076500 -0.009589 -0.008838 -0.076500 -0.010748 -0.011215 -0.076500 -0.012287 -0.013330 -0.076500 -0.014172 -0.015132 -0.076500 -0.016357 -0.016579 -0.076500 -0.018791 -0.017638 -0.076500 -0.021418 -0.018283 -0.076500 -0.024176 -0.018500 -0.098500 -0.027000 -0.018283 -0.098500 -0.024176 -0.017638 -0.098500 -0.021418 -0.016579 -0.098500 -0.018791 -0.015132 -0.098500 -0.016357 -0.013330 -0.098500 -0.014172 -0.011215 -0.098500 -0.012287 -0.008838 -0.098500 -0.010748 -0.006253 -0.098500 -0.009589 -0.003522 -0.098500 -0.008838 -0.000709 -0.098500 -0.008514 0.002122 -0.098500 -0.008622 0.004902 -0.098500 -0.009161 0.007568 -0.098500 -0.010119 0.010056 -0.098500 -0.011472 0.012309 -0.098500 -0.013189 0.014273 -0.098500 -0.015230 0.015902 -0.098500 -0.017546 0.017159 -0.098500 -0.020084 0.018013 -0.098500 -0.022785 0.018446 -0.098500 -0.025584 0.018446 -0.098500 -0.028416 0.018013 -0.098500 -0.031215 0.017159 -0.098500 -0.033916 0.015902 -0.098500 -0.036454 0.014273 -0.098500 -0.038770 0.012309 -0.098500 -0.040811 0.010056 -0.098500 -0.042528 0.007568 -0.098500 -0.043881 0.004902 -0.098500 -0.044839 0.002122 -0.098500 -0.045378 -0.000709 -0.098500 -0.045486 -0.003522 -0.098500 -0.045162 -0.006253 -0.098500 -0.044411 -0.008838 -0.098500 -0.043252 -0.011215 -0.098500 -0.041713 -0.013330 -0.098500 -0.039829 -0.015132 -0.098500 -0.037643 -0.016579 -0.098500 -0.035209 -0.017638 -0.098500 -0.032582 -0.018283 -0.098500 -0.029824 -0.005500 -0.104500 -0.027000 -0.005313 -0.104500 -0.028424 -0.004763 -0.104500 -0.029750 -0.003889 -0.104500 -0.030889 -0.002750 -0.104500 -0.031763 -0.001424 -0.104500 -0.032313 -0.000000 -0.104500 -0.032500 0.001424 -0.104500 -0.032313 0.002750 -0.104500 -0.031763 0.003889 -0.104500 -0.030889 0.004763 -0.104500 -0.029750 0.005313 -0.104500 -0.028424 0.005500 -0.104500 -0.027000 0.005313 -0.104500 -0.025577 0.004763 -0.104500 -0.024250 0.003889 -0.104500 -0.023111 0.002750 -0.104500 -0.022237 0.001424 -0.104500 -0.021687 -0.000000 -0.104500 -0.021500 -0.001424 -0.104500 -0.021687 -0.002750 -0.104500 -0.022237 -0.003889 -0.104500 -0.023111 -0.004763 -0.104500 -0.024250 -0.005313 -0.104500 -0.025577 -0.003000 -0.104500 -0.027000 -0.002898 -0.104500 -0.026224 -0.002598 -0.104500 -0.025500 -0.002121 -0.104500 -0.024879 -0.001500 -0.104500 -0.024402 -0.000776 -0.104500 -0.024102 -0.000000 -0.104500 -0.024000 0.000776 -0.104500 -0.024102 0.001500 -0.104500 -0.024402 0.002121 -0.104500 -0.024879 0.002598 -0.104500 -0.025500 0.002898 -0.104500 -0.026224 0.003000 -0.104500 -0.027000 0.002898 -0.104500 -0.027776 0.002598 -0.104500 -0.028500 0.002121 -0.104500 -0.029121 0.001500 -0.104500 -0.029598 0.000776 -0.104500 -0.029898 -0.000000 -0.104500 -0.030000 -0.000776 -0.104500 -0.029898 -0.001500 -0.104500 -0.029598 -0.002121 -0.104500 -0.029121 -0.002598 -0.104500 -0.028500 -0.002898 -0.104500 -0.027776 0.001199 -0.107500 -0.024250 0.001199 -0.107500 -0.029750 0.001860 -0.107500 -0.029354 0.002399 -0.107500 -0.028802 0.002779 -0.107500 -0.028131 0.002975 -0.107500 -0.027385 0.002975 -0.107500 -0.026615 0.002779 -0.107500 -0.025869 0.002399 -0.107500 -0.025198 0.001860 -0.107500 -0.024646 0.001199 -0.119500 -0.024250 0.001199 -0.119500 -0.029750 0.000488 -0.119500 -0.029960 -0.000253 -0.119500 -0.029989 -0.000978 -0.119500 -0.029836 -0.001644 -0.119500 -0.029510 -0.002209 -0.119500 -0.029030 -0.002639 -0.119500 -0.028426 -0.002908 -0.119500 -0.027736 -0.003000 -0.119500 -0.027000 -0.002908 -0.119500 -0.026264 -0.002639 -0.119500 -0.025574 -0.002209 -0.119500 -0.024970 -0.001644 -0.119500 -0.024490 -0.000978 -0.119500 -0.024164 -0.000253 -0.119500 -0.024011 0.000488 -0.119500 -0.024040 -0.020000 -0.098888 -0.000051 -0.020000 -0.099250 -0.000201 -0.020000 -0.099561 -0.000439 -0.020000 -0.099799 -0.000750 -0.020000 -0.099949 -0.001112 -0.020000 -0.100000 -0.001500 0.020000 -0.100000 -0.001500 0.020000 -0.099949 -0.001112 0.020000 -0.099799 -0.000750 0.020000 -0.099561 -0.000439 0.020000 -0.099250 -0.000201 0.020000 -0.098888 -0.000051 -0.012000 -0.098888 -0.000051 -0.004000 -0.098888 -0.000051 0.004000 -0.098888 -0.000051 0.012000 -0.098888 -0.000051 -0.012000 -0.099250 -0.000201 -0.004000 -0.099250 -0.000201 0.004000 -0.099250 -0.000201 0.012000 -0.099250 -0.000201 -0.012000 -0.099561 -0.000439 -0.004000 -0.099561 -0.000439 0.004000 -0.099561 -0.000439 0.012000 -0.099561 -0.000439 -0.012000 -0.099799 -0.000750 -0.004000 -0.099799 -0.000750 0.004000 -0.099799 -0.000750 0.012000 -0.099799 -0.000750 -0.012000 -0.099949 -0.001112 -0.004000 -0.099949 -0.001112 0.004000 -0.099949 -0.001112 0.012000 -0.099949 -0.001112 -0.020000 -0.060000 -0.001500 -0.020000 -0.098500 -0.001500 -0.020000 -0.098500 -0.029500 -0.020000 -0.100000 -0.029500 -0.019785 -0.100000 -0.032238 -0.019143 -0.100000 -0.034908 -0.018093 -0.100000 -0.037445 -0.016658 -0.100000 -0.039786 -0.014874 -0.100000 -0.041874 -0.012786 -0.100000 -0.043658 -0.010445 -0.100000 -0.045093 -0.007908 -0.100000 -0.046143 -0.005238 -0.100000 -0.046785 -0.002500 -0.100000 -0.047000 0.002500 -0.100000 -0.047000 0.005238 -0.100000 -0.046785 0.007908 -0.100000 -0.046143 0.010445 -0.100000 -0.045093 0.012786 -0.100000 -0.043658 0.014874 -0.100000 -0.041874 0.016658 -0.100000 -0.039786 0.018093 -0.100000 -0.037445 0.019143 -0.100000 -0.034908 0.019785 -0.100000 -0.032238 0.020000 -0.100000 -0.029500 0.013900 -0.100000 -0.027000 0.013955 -0.100000 -0.026586 0.014114 -0.100000 -0.026200 0.014369 -0.100000 -0.025869 0.014700 -0.100000 -0.025614 0.015086 -0.100000 -0.025455 0.015500 -0.100000 -0.025400 0.015914 -0.100000 -0.025455 0.016300 -0.100000 -0.025614 0.016631 -0.100000 -0.025869 0.016886 -0.100000 -0.026200 0.017045 -0.100000 -0.026586 0.017100 -0.100000 -0.027000 0.017045 -0.100000 -0.027414 0.016886 -0.100000 -0.027800 0.016631 -0.100000 -0.028131 0.016300 -0.100000 -0.028386 0.015914 -0.100000 -0.028545 0.015500 -0.100000 -0.028600 0.015086 -0.100000 -0.028545 0.014700 -0.100000 -0.028386 0.014369 -0.100000 -0.028131 0.014114 -0.100000 -0.027800 0.013955 -0.100000 -0.027414 0.006150 -0.100000 -0.040423 0.006205 -0.100000 -0.040009 0.006364 -0.100000 -0.039623 0.006619 -0.100000 -0.039292 0.006950 -0.100000 -0.039038 0.007336 -0.100000 -0.038878 0.007750 -0.100000 -0.038823 0.008164 -0.100000 -0.038878 0.008550 -0.100000 -0.039038 0.008881 -0.100000 -0.039292 0.009136 -0.100000 -0.039623 0.009295 -0.100000 -0.040009 0.009350 -0.100000 -0.040423 0.009295 -0.100000 -0.040838 0.009136 -0.100000 -0.041223 0.008881 -0.100000 -0.041555 0.008550 -0.100000 -0.041809 0.008164 -0.100000 -0.041969 0.007750 -0.100000 -0.042023 0.007336 -0.100000 -0.041969 0.006950 -0.100000 -0.041809 0.006619 -0.100000 -0.041555 0.006364 -0.100000 -0.041223 0.006205 -0.100000 -0.040838 -0.006500 -0.100000 -0.020000 -0.006311 -0.100000 -0.018444 -0.005755 -0.100000 -0.016979 -0.004865 -0.100000 -0.015690 -0.003692 -0.100000 -0.014651 -0.002305 -0.100000 -0.013922 -0.000783 -0.100000 -0.013547 0.000783 -0.100000 -0.013547 0.002305 -0.100000 -0.013922 0.003692 -0.100000 -0.014651 0.004865 -0.100000 -0.015690 0.005755 -0.100000 -0.016979 0.006311 -0.100000 -0.018444 0.006500 -0.100000 -0.020000 0.006500 -0.100000 -0.034000 0.006311 -0.100000 -0.035556 0.005755 -0.100000 -0.037021 0.004865 -0.100000 -0.038310 0.003692 -0.100000 -0.039349 0.002305 -0.100000 -0.040078 0.000783 -0.100000 -0.040453 -0.000783 -0.100000 -0.040453 -0.002305 -0.100000 -0.040078 -0.003692 -0.100000 -0.039349 -0.004865 -0.100000 -0.038310 -0.005755 -0.100000 -0.037021 -0.006311 -0.100000 -0.035556 -0.006500 -0.100000 -0.034000 -0.017100 -0.100000 -0.027000 -0.017045 -0.100000 -0.026586 -0.016886 -0.100000 -0.026200 -0.016631 -0.100000 -0.025869 -0.016300 -0.100000 -0.025614 -0.015914 -0.100000 -0.025455 -0.015500 -0.100000 -0.025400 -0.015086 -0.100000 -0.025455 -0.014700 -0.100000 -0.025614 -0.014369 -0.100000 -0.025869 -0.014114 -0.100000 -0.026200 -0.013955 -0.100000 -0.026586 -0.013900 -0.100000 -0.027000 -0.013955 -0.100000 -0.027414 -0.014114 -0.100000 -0.027800 -0.014369 -0.100000 -0.028131 -0.014700 -0.100000 -0.028386 -0.015086 -0.100000 -0.028545 -0.015500 -0.100000 -0.028600 -0.015914 -0.100000 -0.028545 -0.016300 -0.100000 -0.028386 -0.016631 -0.100000 -0.028131 -0.016886 -0.100000 -0.027800 -0.017045 -0.100000 -0.027414 0.006150 -0.100000 -0.013577 0.006205 -0.100000 -0.013162 0.006364 -0.100000 -0.012777 0.006619 -0.100000 -0.012445 0.006950 -0.100000 -0.012191 0.007336 -0.100000 -0.012031 0.007750 -0.100000 -0.011977 0.008164 -0.100000 -0.012031 0.008550 -0.100000 -0.012191 0.008881 -0.100000 -0.012445 0.009136 -0.100000 -0.012777 0.009295 -0.100000 -0.013162 0.009350 -0.100000 -0.013577 0.009295 -0.100000 -0.013991 0.009136 -0.100000 -0.014377 0.008881 -0.100000 -0.014708 0.008550 -0.100000 -0.014962 0.008164 -0.100000 -0.015122 0.007750 -0.100000 -0.015177 0.007336 -0.100000 -0.015122 0.006950 -0.100000 -0.014962 0.006619 -0.100000 -0.014708 0.006364 -0.100000 -0.014377 0.006205 -0.100000 -0.013991 -0.009350 -0.100000 -0.040423 -0.009295 -0.100000 -0.040009 -0.009136 -0.100000 -0.039623 -0.008881 -0.100000 -0.039292 -0.008550 -0.100000 -0.039038 -0.008164 -0.100000 -0.038878 -0.007750 -0.100000 -0.038823 -0.007336 -0.100000 -0.038878 -0.006950 -0.100000 -0.039038 -0.006619 -0.100000 -0.039292 -0.006364 -0.100000 -0.039623 -0.006205 -0.100000 -0.040009 -0.006150 -0.100000 -0.040423 -0.006205 -0.100000 -0.040838 -0.006364 -0.100000 -0.041223 -0.006619 -0.100000 -0.041555 -0.006950 -0.100000 -0.041809 -0.007336 -0.100000 -0.041969 -0.007750 -0.100000 -0.042023 -0.008164 -0.100000 -0.041969 -0.008550 -0.100000 -0.041809 -0.008881 -0.100000 -0.041555 -0.009136 -0.100000 -0.041223 -0.009295 -0.100000 -0.040838 -0.009350 -0.100000 -0.013577 -0.009295 -0.100000 -0.013162 -0.009136 -0.100000 -0.012777 -0.008881 -0.100000 -0.012445 -0.008550 -0.100000 -0.012191 -0.008164 -0.100000 -0.012031 -0.007750 -0.100000 -0.011977 -0.007336 -0.100000 -0.012031 -0.006950 -0.100000 -0.012191 -0.006619 -0.100000 -0.012445 -0.006364 -0.100000 -0.012777 -0.006205 -0.100000 -0.013162 -0.006150 -0.100000 -0.013577 -0.006205 -0.100000 -0.013991 -0.006364 -0.100000 -0.014377 -0.006619 -0.100000 -0.014708 -0.006950 -0.100000 -0.014962 -0.007336 -0.100000 -0.015122 -0.007750 -0.100000 -0.015177 -0.008164 -0.100000 -0.015122 -0.008550 -0.100000 -0.014962 -0.008881 -0.100000 -0.014708 -0.009136 -0.100000 -0.014377 -0.009295 -0.100000 -0.013991 0.002500 -0.098500 -0.047000 0.005238 -0.098500 -0.046785 0.007908 -0.098500 -0.046143 0.010445 -0.098500 -0.045093 0.012786 -0.098500 -0.043658 0.014874 -0.098500 -0.041874 0.016658 -0.098500 -0.039786 0.018093 -0.098500 -0.037445 0.019143 -0.098500 -0.034908 0.019785 -0.098500 -0.032238 0.020000 -0.098500 -0.029500 -0.002500 -0.098500 -0.047000 -0.019785 -0.098500 -0.032238 -0.019143 -0.098500 -0.034908 -0.018093 -0.098500 -0.037445 -0.016658 -0.098500 -0.039786 -0.014874 -0.098500 -0.041874 -0.012786 -0.098500 -0.043658 -0.010445 -0.098500 -0.045093 -0.007908 -0.098500 -0.046143 -0.005238 -0.098500 -0.046785 0.020000 -0.098500 -0.001500 0.015000 -0.090500 -0.001500 0.015388 -0.090551 -0.001500 0.015750 -0.090701 -0.001500 0.016061 -0.090939 -0.001500 0.016299 -0.091250 -0.001500 0.016449 -0.091612 -0.001500 0.016500 -0.092000 -0.001500 0.016449 -0.092388 -0.001500 0.016299 -0.092750 -0.001500 0.016061 -0.093061 -0.001500 0.015750 -0.093299 -0.001500 0.015388 -0.093449 -0.001500 0.015000 -0.093500 -0.001500 0.014612 -0.093449 -0.001500 0.014250 -0.093299 -0.001500 0.013939 -0.093061 -0.001500 0.013701 -0.092750 -0.001500 0.013551 -0.092388 -0.001500 0.013500 -0.092000 -0.001500 0.013551 -0.091612 -0.001500 0.013701 -0.091250 -0.001500 0.013939 -0.090939 -0.001500 0.014250 -0.090701 -0.001500 0.014612 -0.090551 -0.001500 -0.015000 -0.090500 -0.001500 -0.014612 -0.090551 -0.001500 -0.014250 -0.090701 -0.001500 -0.013939 -0.090939 -0.001500 -0.013701 -0.091250 -0.001500 -0.013551 -0.091612 -0.001500 -0.013500 -0.092000 -0.001500 -0.013551 -0.092388 -0.001500 -0.013701 -0.092750 -0.001500 -0.013939 -0.093061 -0.001500 -0.014250 -0.093299 -0.001500 -0.014612 -0.093449 -0.001500 -0.015000 -0.093500 -0.001500 -0.015388 -0.093449 -0.001500 -0.015750 -0.093299 -0.001500 -0.016061 -0.093061 -0.001500 -0.016299 -0.092750 -0.001500 -0.016449 -0.092388 -0.001500 -0.016500 -0.092000 -0.001500 -0.016449 -0.091612 -0.001500 -0.016299 -0.091250 -0.001500 -0.016061 -0.090939 -0.001500 -0.015750 -0.090701 -0.001500 -0.015388 -0.090551 -0.001500 0.015000 -0.066500 -0.001500 0.015388 -0.066551 -0.001500 0.015750 -0.066701 -0.001500 0.016061 -0.066939 -0.001500 0.016299 -0.067250 -0.001500 0.016449 -0.067612 -0.001500 0.016500 -0.068000 -0.001500 0.016449 -0.068388 -0.001500 0.016299 -0.068750 -0.001500 0.016061 -0.069061 -0.001500 0.015750 -0.069299 -0.001500 0.015388 -0.069449 -0.001500 0.015000 -0.069500 -0.001500 0.014612 -0.069449 -0.001500 0.014250 -0.069299 -0.001500 0.013939 -0.069061 -0.001500 0.013701 -0.068750 -0.001500 0.013551 -0.068388 -0.001500 0.013500 -0.068000 -0.001500 0.013551 -0.067612 -0.001500 0.013701 -0.067250 -0.001500 0.013939 -0.066939 -0.001500 0.014250 -0.066701 -0.001500 0.014612 -0.066551 -0.001500 -0.015000 -0.066500 -0.001500 -0.014612 -0.066551 -0.001500 -0.014250 -0.066701 -0.001500 -0.013939 -0.066939 -0.001500 -0.013701 -0.067250 -0.001500 -0.013551 -0.067612 -0.001500 -0.013500 -0.068000 -0.001500 -0.013551 -0.068388 -0.001500 -0.013701 -0.068750 -0.001500 -0.013939 -0.069061 -0.001500 -0.014250 -0.069299 -0.001500 -0.014612 -0.069449 -0.001500 -0.015000 -0.069500 -0.001500 -0.015388 -0.069449 -0.001500 -0.015750 -0.069299 -0.001500 -0.016061 -0.069061 -0.001500 -0.016299 -0.068750 -0.001500 -0.016449 -0.068388 -0.001500 -0.016500 -0.068000 -0.001500 -0.016449 -0.067612 -0.001500 -0.016299 -0.067250 -0.001500 -0.016061 -0.066939 -0.001500 -0.015750 -0.066701 -0.001500 -0.015388 -0.066551 -0.001500 0.020000 -0.060000 -0.001500 0.055000 0.013500 0.115900 0.057176 0.013292 0.115900 0.059274 0.012676 0.115900 0.061217 0.011674 0.115900 0.062936 0.010323 0.115900 0.064368 0.008671 0.115900 0.065461 0.006777 0.115900 0.066176 0.004711 0.115900 0.066487 0.002547 0.115900 0.066383 0.000363 0.115900 0.065868 -0.001761 0.115900 0.064959 -0.003750 0.115900 0.063691 -0.005531 0.115900 0.062109 -0.007040 0.115900 0.060270 -0.008222 0.115900 0.058240 -0.009034 0.115900 0.056093 -0.009448 0.115900 0.053907 -0.009448 0.115900 0.051760 -0.009034 0.115900 0.049730 -0.008222 0.115900 0.047891 -0.007040 0.115900 0.046309 -0.005531 0.115900 0.045041 -0.003750 0.115900 0.044132 -0.001761 0.115900 0.043617 0.000363 0.115900 0.043513 0.002547 0.115900 0.043824 0.004711 0.115900 0.044539 0.006777 0.115900 0.045632 0.008671 0.115900 0.047064 0.010323 0.115900 0.048783 0.011674 0.115900 0.050726 0.012676 0.115900 0.052824 0.013292 0.115900 0.055000 0.013500 0.073000 0.052824 0.013292 0.073000 0.050726 0.012676 0.073000 0.048783 0.011674 0.073000 0.047064 0.010323 0.073000 0.045632 0.008671 0.073000 0.044539 0.006777 0.073000 0.043824 0.004711 0.073000 0.043513 0.002547 0.073000 0.043617 0.000363 0.073000 0.044132 -0.001761 0.073000 0.045041 -0.003750 0.073000 0.046309 -0.005531 0.073000 0.047891 -0.007040 0.073000 0.049730 -0.008222 0.073000 0.051760 -0.009034 0.073000 0.053907 -0.009448 0.073000 0.056093 -0.009448 0.073000 0.058240 -0.009034 0.073000 0.060270 -0.008222 0.073000 0.062109 -0.007040 0.073000 0.063691 -0.005531 0.073000 0.064959 -0.003750 0.073000 0.065868 -0.001761 0.073000 0.066383 0.000363 0.073000 0.066487 0.002547 0.073000 0.066176 0.004711 0.073000 0.065461 0.006777 0.073000 0.064368 0.008671 0.073000 0.062936 0.010323 0.073000 0.061217 0.011674 0.073000 0.059274 0.012676 0.073000 0.057176 0.013292 0.073000 0.028267 -0.024751 0.070000 0.028655 -0.024802 0.070000 0.029017 -0.024952 0.070000 0.029328 -0.025190 0.070000 0.029566 -0.025501 0.070000 0.029716 -0.025863 0.070000 0.029767 -0.026251 0.070000 0.029716 -0.026639 0.070000 0.029566 -0.027001 0.070000 0.029328 -0.027312 0.070000 0.029017 -0.027550 0.070000 0.028655 -0.027700 0.070000 0.028267 -0.027751 0.070000 0.027879 -0.027700 0.070000 0.027517 -0.027550 0.070000 0.027206 -0.027312 0.070000 0.026968 -0.027001 0.070000 0.026818 -0.026639 0.070000 0.026767 -0.026251 0.070000 0.026818 -0.025863 0.070000 0.026968 -0.025501 0.070000 0.027206 -0.025190 0.070000 0.027517 -0.024952 0.070000 0.027879 -0.024802 0.070000 0.028267 -0.024751 0.073000 0.027879 -0.024802 0.073000 0.027517 -0.024952 0.073000 0.027206 -0.025190 0.073000 0.026968 -0.025501 0.073000 0.026818 -0.025863 0.073000 0.026767 -0.026251 0.073000 0.026818 -0.026639 0.073000 0.026968 -0.027001 0.073000 0.027206 -0.027312 0.073000 0.027517 -0.027550 0.073000 0.027879 -0.027700 0.073000 0.028267 -0.027751 0.073000 0.028655 -0.027700 0.073000 0.029017 -0.027550 0.073000 0.029328 -0.027312 0.073000 0.029566 -0.027001 0.073000 0.029716 -0.026639 0.073000 0.029767 -0.026251 0.073000 0.029716 -0.025863 0.073000 0.029566 -0.025501 0.073000 0.029328 -0.025190 0.073000 0.029017 -0.024952 0.073000 0.028655 -0.024802 0.073000 -0.080000 0.059000 0.070000 -0.078965 0.058864 0.070000 -0.078000 0.058464 0.070000 -0.077172 0.057828 0.070000 -0.076536 0.057000 0.070000 -0.076136 0.056035 0.070000 -0.076000 0.055000 0.070000 -0.076136 0.053965 0.070000 -0.076536 0.053000 0.070000 -0.077172 0.052172 0.070000 -0.078000 0.051536 0.070000 -0.078965 0.051136 0.070000 -0.080000 0.051000 0.070000 -0.081035 0.051136 0.070000 -0.082000 0.051536 0.070000 -0.082828 0.052172 0.070000 -0.083464 0.053000 0.070000 -0.083864 0.053965 0.070000 -0.084000 0.055000 0.070000 -0.083864 0.056035 0.070000 -0.083464 0.057000 0.070000 -0.082828 0.057828 0.070000 -0.082000 0.058464 0.070000 -0.081035 0.058864 0.070000 -0.080000 0.059000 0.073000 -0.081035 0.058864 0.073000 -0.082000 0.058464 0.073000 -0.082828 0.057828 0.073000 -0.083464 0.057000 0.073000 -0.083864 0.056035 0.073000 -0.084000 0.055000 0.073000 -0.083864 0.053965 0.073000 -0.083464 0.053000 0.073000 -0.082828 0.052172 0.073000 -0.082000 0.051536 0.073000 -0.081035 0.051136 0.073000 -0.080000 0.051000 0.073000 -0.078965 0.051136 0.073000 -0.078000 0.051536 0.073000 -0.077172 0.052172 0.073000 -0.076536 0.053000 0.073000 -0.076136 0.053965 0.073000 -0.076000 0.055000 0.073000 -0.076136 0.056035 0.073000 -0.076536 0.057000 0.073000 -0.077172 0.057828 0.073000 -0.078000 0.058464 0.073000 -0.078965 0.058864 0.073000 0.099000 0.032505 0.070000 0.099518 0.032437 0.070000 0.100000 0.032237 0.070000 0.100414 0.031919 0.070000 0.100732 0.031505 0.070000 0.100932 0.031023 0.070000 0.101000 0.030505 0.070000 0.100932 0.029988 0.070000 0.100732 0.029505 0.070000 0.100414 0.029091 0.070000 0.100000 0.028773 0.070000 0.099518 0.028573 0.070000 0.099000 0.028505 0.070000 0.098482 0.028573 0.070000 0.098000 0.028773 0.070000 0.097586 0.029091 0.070000 0.097268 0.029505 0.070000 0.097068 0.029988 0.070000 0.097000 0.030505 0.070000 0.097068 0.031023 0.070000 0.097268 0.031505 0.070000 0.097586 0.031919 0.070000 0.098000 0.032237 0.070000 0.098482 0.032437 0.070000 0.099000 0.032505 0.073000 0.098482 0.032437 0.073000 0.098000 0.032237 0.073000 0.097586 0.031919 0.073000 0.097268 0.031505 0.073000 0.097068 0.031023 0.073000 0.097000 0.030505 0.073000 0.097068 0.029988 0.073000 0.097268 0.029505 0.073000 0.097586 0.029091 0.073000 0.098000 0.028773 0.073000 0.098482 0.028573 0.073000 0.099000 0.028505 0.073000 0.099518 0.028573 0.073000 0.100000 0.028773 0.073000 0.100414 0.029091 0.073000 0.100732 0.029505 0.073000 0.100932 0.029988 0.073000 0.101000 0.030505 0.073000 0.100932 0.031023 0.073000 0.100732 0.031505 0.073000 0.100414 0.031919 0.073000 0.100000 0.032237 0.073000 0.099518 0.032437 0.073000 0.080000 0.059000 0.070000 0.081035 0.058864 0.070000 0.082000 0.058464 0.070000 0.082828 0.057828 0.070000 0.083464 0.057000 0.070000 0.083864 0.056035 0.070000 0.084000 0.055000 0.070000 0.083864 0.053965 0.070000 0.083464 0.053000 0.070000 0.082828 0.052172 0.070000 0.082000 0.051536 0.070000 0.081035 0.051136 0.070000 0.080000 0.051000 0.070000 0.078965 0.051136 0.070000 0.078000 0.051536 0.070000 0.077172 0.052172 0.070000 0.076536 0.053000 0.070000 0.076136 0.053965 0.070000 0.076000 0.055000 0.070000 0.076136 0.056035 0.070000 0.076536 0.057000 0.070000 0.077172 0.057828 0.070000 0.078000 0.058464 0.070000 0.078965 0.058864 0.070000 0.080000 0.059000 0.073000 0.078965 0.058864 0.073000 0.078000 0.058464 0.073000 0.077172 0.057828 0.073000 0.076536 0.057000 0.073000 0.076136 0.056035 0.073000 0.076000 0.055000 0.073000 0.076136 0.053965 0.073000 0.076536 0.053000 0.073000 0.077172 0.052172 0.073000 0.078000 0.051536 0.073000 0.078965 0.051136 0.073000 0.080000 0.051000 0.073000 0.081035 0.051136 0.073000 0.082000 0.051536 0.073000 0.082828 0.052172 0.073000 0.083464 0.053000 0.073000 0.083864 0.053965 0.073000 0.084000 0.055000 0.073000 0.083864 0.056035 0.073000 0.083464 0.057000 0.073000 0.082828 0.057828 0.073000 0.082000 0.058464 0.073000 0.081035 0.058864 0.073000 0.080000 -0.051000 0.070000 0.081035 -0.051136 0.070000 0.082000 -0.051536 0.070000 0.082828 -0.052172 0.070000 0.083464 -0.053000 0.070000 0.083864 -0.053965 0.070000 0.084000 -0.055000 0.070000 0.083864 -0.056035 0.070000 0.083464 -0.057000 0.070000 0.082828 -0.057828 0.070000 0.082000 -0.058464 0.070000 0.081035 -0.058864 0.070000 0.080000 -0.059000 0.070000 0.078965 -0.058864 0.070000 0.078000 -0.058464 0.070000 0.077172 -0.057828 0.070000 0.076536 -0.057000 0.070000 0.076136 -0.056035 0.070000 0.076000 -0.055000 0.070000 0.076136 -0.053965 0.070000 0.076536 -0.053000 0.070000 0.077172 -0.052172 0.070000 0.078000 -0.051536 0.070000 0.078965 -0.051136 0.070000 0.080000 -0.051000 0.073000 0.078965 -0.051136 0.073000 0.078000 -0.051536 0.073000 0.077172 -0.052172 0.073000 0.076536 -0.053000 0.073000 0.076136 -0.053965 0.073000 0.076000 -0.055000 0.073000 0.076136 -0.056035 0.073000 0.076536 -0.057000 0.073000 0.077172 -0.057828 0.073000 0.078000 -0.058464 0.073000 0.078965 -0.058864 0.073000 0.080000 -0.059000 0.073000 0.081035 -0.058864 0.073000 0.082000 -0.058464 0.073000 0.082828 -0.057828 0.073000 0.083464 -0.057000 0.073000 0.083864 -0.056035 0.073000 0.084000 -0.055000 0.073000 0.083864 -0.053965 0.073000 0.083464 -0.053000 0.073000 0.082828 -0.052172 0.073000 0.082000 -0.051536 0.073000 0.081035 -0.051136 0.073000 -0.080000 -0.051000 0.070000 -0.078965 -0.051136 0.070000 -0.078000 -0.051536 0.070000 -0.077172 -0.052172 0.070000 -0.076536 -0.053000 0.070000 -0.076136 -0.053965 0.070000 -0.076000 -0.055000 0.070000 -0.076136 -0.056035 0.070000 -0.076536 -0.057000 0.070000 -0.077172 -0.057828 0.070000 -0.078000 -0.058464 0.070000 -0.078965 -0.058864 0.070000 -0.080000 -0.059000 0.070000 -0.081035 -0.058864 0.070000 -0.082000 -0.058464 0.070000 -0.082828 -0.057828 0.070000 -0.083464 -0.057000 0.070000 -0.083864 -0.056035 0.070000 -0.084000 -0.055000 0.070000 -0.083864 -0.053965 0.070000 -0.083464 -0.053000 0.070000 -0.082828 -0.052172 0.070000 -0.082000 -0.051536 0.070000 -0.081035 -0.051136 0.070000 -0.080000 -0.051000 0.073000 -0.081035 -0.051136 0.073000 -0.082000 -0.051536 0.073000 -0.082828 -0.052172 0.073000 -0.083464 -0.053000 0.073000 -0.083864 -0.053965 0.073000 -0.084000 -0.055000 0.073000 -0.083864 -0.056035 0.073000 -0.083464 -0.057000 0.073000 -0.082828 -0.057828 0.073000 -0.082000 -0.058464 0.073000 -0.081035 -0.058864 0.073000 -0.080000 -0.059000 0.073000 -0.078965 -0.058864 0.073000 -0.078000 -0.058464 0.073000 -0.077172 -0.057828 0.073000 -0.076536 -0.057000 0.073000 -0.076136 -0.056035 0.073000 -0.076000 -0.055000 0.073000 -0.076136 -0.053965 0.073000 -0.076536 -0.053000 0.073000 -0.077172 -0.052172 0.073000 -0.078000 -0.051536 0.073000 -0.078965 -0.051136 0.073000 -0.099500 -0.037500 0.070000 -0.099112 -0.037551 0.070000 -0.098750 -0.037701 0.070000 -0.098439 -0.037939 0.070000 -0.098201 -0.038250 0.070000 -0.098051 -0.038612 0.070000 -0.098000 -0.039000 0.070000 -0.098051 -0.039388 0.070000 -0.098201 -0.039750 0.070000 -0.098439 -0.040061 0.070000 -0.098750 -0.040299 0.070000 -0.099112 -0.040449 0.070000 -0.099500 -0.040500 0.070000 -0.099888 -0.040449 0.070000 -0.100250 -0.040299 0.070000 -0.100561 -0.040061 0.070000 -0.100799 -0.039750 0.070000 -0.100949 -0.039388 0.070000 -0.101000 -0.039000 0.070000 -0.100949 -0.038612 0.070000 -0.100799 -0.038250 0.070000 -0.100561 -0.037939 0.070000 -0.100250 -0.037701 0.070000 -0.099888 -0.037551 0.070000 -0.099500 -0.037500 0.073000 -0.099888 -0.037551 0.073000 -0.100250 -0.037701 0.073000 -0.100561 -0.037939 0.073000 -0.100799 -0.038250 0.073000 -0.100949 -0.038612 0.073000 -0.101000 -0.039000 0.073000 -0.100949 -0.039388 0.073000 -0.100799 -0.039750 0.073000 -0.100561 -0.040061 0.073000 -0.100250 -0.040299 0.073000 -0.099888 -0.040449 0.073000 -0.099500 -0.040500 0.073000 -0.099112 -0.040449 0.073000 -0.098750 -0.040299 0.073000 -0.098439 -0.040061 0.073000 -0.098201 -0.039750 0.073000 -0.098051 -0.039388 0.073000 -0.098000 -0.039000 0.073000 -0.098051 -0.038612 0.073000 -0.098201 -0.038250 0.073000 -0.098439 -0.037939 0.073000 -0.098750 -0.037701 0.073000 -0.099112 -0.037551 0.073000 0.040000 0.013000 0.073000 0.033000 0.013000 0.073000 0.033000 0.013000 0.070000 0.040000 0.013000 0.070000 0.040000 -0.003000 0.073000 0.040000 -0.003000 0.070000 0.033000 -0.003000 0.073000 0.033000 -0.003000 0.070000 -0.030915 -0.024751 0.070000 -0.030527 -0.024802 0.070000 -0.030165 -0.024952 0.070000 -0.029855 -0.025190 0.070000 -0.029616 -0.025501 0.070000 -0.029466 -0.025863 0.070000 -0.029415 -0.026251 0.070000 -0.029466 -0.026639 0.070000 -0.029616 -0.027001 0.070000 -0.029855 -0.027312 0.070000 -0.030165 -0.027550 0.070000 -0.030527 -0.027700 0.070000 -0.030915 -0.027751 0.070000 -0.031303 -0.027700 0.070000 -0.031665 -0.027550 0.070000 -0.031976 -0.027312 0.070000 -0.032214 -0.027001 0.070000 -0.032364 -0.026639 0.070000 -0.032415 -0.026251 0.070000 -0.032364 -0.025863 0.070000 -0.032214 -0.025501 0.070000 -0.031976 -0.025190 0.070000 -0.031665 -0.024952 0.070000 -0.031303 -0.024802 0.070000 -0.030915 -0.024751 0.073000 -0.031303 -0.024802 0.073000 -0.031665 -0.024952 0.073000 -0.031976 -0.025190 0.073000 -0.032214 -0.025501 0.073000 -0.032364 -0.025863 0.073000 -0.032415 -0.026251 0.073000 -0.032364 -0.026639 0.073000 -0.032214 -0.027001 0.073000 -0.031976 -0.027312 0.073000 -0.031665 -0.027550 0.073000 -0.031303 -0.027700 0.073000 -0.030915 -0.027751 0.073000 -0.030527 -0.027700 0.073000 -0.030165 -0.027550 0.073000 -0.029855 -0.027312 0.073000 -0.029616 -0.027001 0.073000 -0.029466 -0.026639 0.073000 -0.029415 -0.026251 0.073000 -0.029466 -0.025863 0.073000 -0.029616 -0.025501 0.073000 -0.029855 -0.025190 0.073000 -0.030165 -0.024952 0.073000 -0.030527 -0.024802 0.073000 0.034500 0.042650 0.070000 0.035018 0.042582 0.070000 0.035500 0.042382 0.070000 0.035914 0.042064 0.070000 0.036232 0.041650 0.070000 0.036432 0.041167 0.070000 0.036500 0.040650 0.070000 0.036432 0.040132 0.070000 0.036232 0.039650 0.070000 0.035914 0.039236 0.070000 0.035500 0.038918 0.070000 0.035018 0.038718 0.070000 0.034500 0.038650 0.070000 0.033982 0.038718 0.070000 0.033500 0.038918 0.070000 0.033086 0.039236 0.070000 0.032768 0.039650 0.070000 0.032568 0.040132 0.070000 0.032500 0.040650 0.070000 0.032568 0.041167 0.070000 0.032768 0.041650 0.070000 0.033086 0.042064 0.070000 0.033500 0.042382 0.070000 0.033982 0.042582 0.070000 0.034500 0.042650 0.073000 0.033982 0.042582 0.073000 0.033500 0.042382 0.073000 0.033086 0.042064 0.073000 0.032768 0.041650 0.073000 0.032568 0.041167 0.073000 0.032500 0.040650 0.073000 0.032568 0.040132 0.073000 0.032768 0.039650 0.073000 0.033086 0.039236 0.073000 0.033500 0.038918 0.073000 0.033982 0.038718 0.073000 0.034500 0.038650 0.073000 0.035018 0.038718 0.073000 0.035500 0.038918 0.073000 0.035914 0.039236 0.073000 0.036232 0.039650 0.073000 0.036432 0.040132 0.073000 0.036500 0.040650 0.073000 0.036432 0.041167 0.073000 0.036232 0.041650 0.073000 0.035914 0.042064 0.073000 0.035500 0.042382 0.073000 0.035018 0.042582 0.073000 0.102000 -0.023180 0.070000 0.102518 -0.023249 0.070000 0.103000 -0.023448 0.070000 0.103414 -0.023766 0.070000 0.103732 -0.024180 0.070000 0.103932 -0.024663 0.070000 0.104000 -0.025180 0.070000 0.103932 -0.025698 0.070000 0.103732 -0.026180 0.070000 0.103414 -0.026595 0.070000 0.103000 -0.026913 0.070000 0.102518 -0.027112 0.070000 0.102000 -0.027180 0.070000 0.101482 -0.027112 0.070000 0.101000 -0.026913 0.070000 0.100586 -0.026595 0.070000 0.100268 -0.026180 0.070000 0.100068 -0.025698 0.070000 0.100000 -0.025180 0.070000 0.100068 -0.024663 0.070000 0.100268 -0.024180 0.070000 0.100586 -0.023766 0.070000 0.101000 -0.023448 0.070000 0.101482 -0.023249 0.070000 0.102000 -0.023180 0.073000 0.101482 -0.023249 0.073000 0.101000 -0.023448 0.073000 0.100586 -0.023766 0.073000 0.100268 -0.024180 0.073000 0.100068 -0.024663 0.073000 0.100000 -0.025180 0.073000 0.100068 -0.025698 0.073000 0.100268 -0.026180 0.073000 0.100586 -0.026595 0.073000 0.101000 -0.026913 0.073000 0.101482 -0.027112 0.073000 0.102000 -0.027180 0.073000 0.102518 -0.027112 0.073000 0.103000 -0.026913 0.073000 0.103414 -0.026595 0.073000 0.103732 -0.026180 0.073000 0.103932 -0.025698 0.073000 0.104000 -0.025180 0.073000 0.103932 -0.024663 0.073000 0.103732 -0.024180 0.073000 0.103414 -0.023766 0.073000 0.103000 -0.023448 0.073000 0.102518 -0.023249 0.073000 0.015471 -0.032000 0.073000 -0.029000 -0.032000 0.073000 -0.029000 -0.032000 0.070000 0.015471 -0.032000 0.070000 0.015471 -0.044372 0.073000 0.015471 -0.044372 0.070000 -0.029000 -0.044372 0.073000 -0.029000 -0.044372 0.070000 0.030500 -0.029558 0.070000 0.031018 -0.029626 0.070000 0.031500 -0.029826 0.070000 0.031914 -0.030144 0.070000 0.032232 -0.030558 0.070000 0.032432 -0.031041 0.070000 0.032500 -0.031558 0.070000 0.032432 -0.032076 0.070000 0.032232 -0.032558 0.070000 0.031914 -0.032972 0.070000 0.031500 -0.033290 0.070000 0.031018 -0.033490 0.070000 0.030500 -0.033558 0.070000 0.029982 -0.033490 0.070000 0.029500 -0.033290 0.070000 0.029086 -0.032972 0.070000 0.028768 -0.032558 0.070000 0.028568 -0.032076 0.070000 0.028500 -0.031558 0.070000 0.028568 -0.031041 0.070000 0.028768 -0.030558 0.070000 0.029086 -0.030144 0.070000 0.029500 -0.029826 0.070000 0.029982 -0.029626 0.070000 0.030500 -0.029558 0.073000 0.029982 -0.029626 0.073000 0.029500 -0.029826 0.073000 0.029086 -0.030144 0.073000 0.028768 -0.030558 0.073000 0.028568 -0.031041 0.073000 0.028500 -0.031558 0.073000 0.028568 -0.032076 0.073000 0.028768 -0.032558 0.073000 0.029086 -0.032972 0.073000 0.029500 -0.033290 0.073000 0.029982 -0.033490 0.073000 0.030500 -0.033558 0.073000 0.031018 -0.033490 0.073000 0.031500 -0.033290 0.073000 0.031914 -0.032972 0.073000 0.032232 -0.032558 0.073000 0.032432 -0.032076 0.073000 0.032500 -0.031558 0.073000 0.032432 -0.031041 0.073000 0.032232 -0.030558 0.073000 0.031914 -0.030144 0.073000 0.031500 -0.029826 0.073000 0.031018 -0.029626 0.073000 -0.050500 -0.037500 0.070000 -0.050112 -0.037551 0.070000 -0.049750 -0.037701 0.070000 -0.049439 -0.037939 0.070000 -0.049201 -0.038250 0.070000 -0.049051 -0.038612 0.070000 -0.049000 -0.039000 0.070000 -0.049051 -0.039388 0.070000 -0.049201 -0.039750 0.070000 -0.049439 -0.040061 0.070000 -0.049750 -0.040299 0.070000 -0.050112 -0.040449 0.070000 -0.050500 -0.040500 0.070000 -0.050888 -0.040449 0.070000 -0.051250 -0.040299 0.070000 -0.051561 -0.040061 0.070000 -0.051799 -0.039750 0.070000 -0.051949 -0.039388 0.070000 -0.052000 -0.039000 0.070000 -0.051949 -0.038612 0.070000 -0.051799 -0.038250 0.070000 -0.051561 -0.037939 0.070000 -0.051250 -0.037701 0.070000 -0.050888 -0.037551 0.070000 -0.050500 -0.037500 0.073000 -0.050888 -0.037551 0.073000 -0.051250 -0.037701 0.073000 -0.051561 -0.037939 0.073000 -0.051799 -0.038250 0.073000 -0.051949 -0.038612 0.073000 -0.052000 -0.039000 0.073000 -0.051949 -0.039388 0.073000 -0.051799 -0.039750 0.073000 -0.051561 -0.040061 0.073000 -0.051250 -0.040299 0.073000 -0.050888 -0.040449 0.073000 -0.050500 -0.040500 0.073000 -0.050112 -0.040449 0.073000 -0.049750 -0.040299 0.073000 -0.049439 -0.040061 0.073000 -0.049201 -0.039750 0.073000 -0.049051 -0.039388 0.073000 -0.049000 -0.039000 0.073000 -0.049051 -0.038612 0.073000 -0.049201 -0.038250 0.073000 -0.049439 -0.037939 0.073000 -0.049750 -0.037701 0.073000 -0.050112 -0.037551 0.073000 -0.050500 0.020586 0.070000 -0.050112 0.020534 0.070000 -0.049750 0.020385 0.070000 -0.049439 0.020146 0.070000 -0.049201 0.019836 0.070000 -0.049051 0.019474 0.070000 -0.049000 0.019086 0.070000 -0.049051 0.018697 0.070000 -0.049201 0.018336 0.070000 -0.049439 0.018025 0.070000 -0.049750 0.017786 0.070000 -0.050112 0.017637 0.070000 -0.050500 0.017586 0.070000 -0.050888 0.017637 0.070000 -0.051250 0.017786 0.070000 -0.051561 0.018025 0.070000 -0.051799 0.018336 0.070000 -0.051949 0.018697 0.070000 -0.052000 0.019086 0.070000 -0.051949 0.019474 0.070000 -0.051799 0.019836 0.070000 -0.051561 0.020146 0.070000 -0.051250 0.020385 0.070000 -0.050888 0.020534 0.070000 -0.050500 0.020586 0.073000 -0.050888 0.020534 0.073000 -0.051250 0.020385 0.073000 -0.051561 0.020146 0.073000 -0.051799 0.019836 0.073000 -0.051949 0.019474 0.073000 -0.052000 0.019086 0.073000 -0.051949 0.018697 0.073000 -0.051799 0.018336 0.073000 -0.051561 0.018025 0.073000 -0.051250 0.017786 0.073000 -0.050888 0.017637 0.073000 -0.050500 0.017586 0.073000 -0.050112 0.017637 0.073000 -0.049750 0.017786 0.073000 -0.049439 0.018025 0.073000 -0.049201 0.018336 0.073000 -0.049051 0.018697 0.073000 -0.049000 0.019086 0.073000 -0.049051 0.019474 0.073000 -0.049201 0.019836 0.073000 -0.049439 0.020146 0.073000 -0.049750 0.020385 0.073000 -0.050112 0.020534 0.073000 -0.030915 0.023763 0.070000 -0.030527 0.023712 0.070000 -0.030165 0.023562 0.070000 -0.029855 0.023324 0.070000 -0.029616 0.023013 0.070000 -0.029466 0.022651 0.070000 -0.029415 0.022263 0.070000 -0.029466 0.021875 0.070000 -0.029616 0.021513 0.070000 -0.029855 0.021202 0.070000 -0.030165 0.020964 0.070000 -0.030527 0.020814 0.070000 -0.030915 0.020763 0.070000 -0.031303 0.020814 0.070000 -0.031665 0.020964 0.070000 -0.031976 0.021202 0.070000 -0.032214 0.021513 0.070000 -0.032364 0.021875 0.070000 -0.032415 0.022263 0.070000 -0.032364 0.022651 0.070000 -0.032214 0.023013 0.070000 -0.031976 0.023324 0.070000 -0.031665 0.023562 0.070000 -0.031303 0.023712 0.070000 -0.030915 0.023763 0.073000 -0.031303 0.023712 0.073000 -0.031665 0.023562 0.073000 -0.031976 0.023324 0.073000 -0.032214 0.023013 0.073000 -0.032364 0.022651 0.073000 -0.032415 0.022263 0.073000 -0.032364 0.021875 0.073000 -0.032214 0.021513 0.073000 -0.031976 0.021202 0.073000 -0.031665 0.020964 0.073000 -0.031303 0.020814 0.073000 -0.030915 0.020763 0.073000 -0.030527 0.020814 0.073000 -0.030165 0.020964 0.073000 -0.029855 0.021202 0.073000 -0.029616 0.021513 0.073000 -0.029466 0.021875 0.073000 -0.029415 0.022263 0.073000 -0.029466 0.022651 0.073000 -0.029616 0.023013 0.073000 -0.029855 0.023324 0.073000 -0.030165 0.023562 0.073000 -0.030527 0.023712 0.073000 -0.099500 0.020586 0.070000 -0.099112 0.020534 0.070000 -0.098750 0.020385 0.070000 -0.098439 0.020146 0.070000 -0.098201 0.019836 0.070000 -0.098051 0.019474 0.070000 -0.098000 0.019086 0.070000 -0.098051 0.018697 0.070000 -0.098201 0.018336 0.070000 -0.098439 0.018025 0.070000 -0.098750 0.017786 0.070000 -0.099112 0.017637 0.070000 -0.099500 0.017586 0.070000 -0.099888 0.017637 0.070000 -0.100250 0.017786 0.070000 -0.100561 0.018025 0.070000 -0.100799 0.018336 0.070000 -0.100949 0.018697 0.070000 -0.101000 0.019086 0.070000 -0.100949 0.019474 0.070000 -0.100799 0.019836 0.070000 -0.100561 0.020146 0.070000 -0.100250 0.020385 0.070000 -0.099888 0.020534 0.070000 -0.099500 0.020586 0.073000 -0.099888 0.020534 0.073000 -0.100250 0.020385 0.073000 -0.100561 0.020146 0.073000 -0.100799 0.019836 0.073000 -0.100949 0.019474 0.073000 -0.101000 0.019086 0.073000 -0.100949 0.018697 0.073000 -0.100799 0.018336 0.073000 -0.100561 0.018025 0.073000 -0.100250 0.017786 0.073000 -0.099888 0.017637 0.073000 -0.099500 0.017586 0.073000 -0.099112 0.017637 0.073000 -0.098750 0.017786 0.073000 -0.098439 0.018025 0.073000 -0.098201 0.018336 0.073000 -0.098051 0.018697 0.073000 -0.098000 0.019086 0.073000 -0.098051 0.019474 0.073000 -0.098201 0.019836 0.073000 -0.098439 0.020146 0.073000 -0.098750 0.020385 0.073000 -0.099112 0.020534 0.073000 -0.035000 -0.006000 0.073000 -0.044000 -0.006000 0.073000 -0.044000 -0.006000 0.070000 -0.035000 -0.006000 0.070000 -0.035000 -0.040000 0.073000 -0.035000 -0.040000 0.070000 -0.044000 -0.040000 0.073000 -0.044000 -0.040000 0.070000 0.028267 0.023763 0.070000 0.028655 0.023712 0.070000 0.029017 0.023562 0.070000 0.029328 0.023324 0.070000 0.029566 0.023013 0.070000 0.029716 0.022651 0.070000 0.029767 0.022263 0.070000 0.029716 0.021875 0.070000 0.029566 0.021513 0.070000 0.029328 0.021202 0.070000 0.029017 0.020964 0.070000 0.028655 0.020814 0.070000 0.028267 0.020763 0.070000 0.027879 0.020814 0.070000 0.027517 0.020964 0.070000 0.027206 0.021202 0.070000 0.026968 0.021513 0.070000 0.026818 0.021875 0.070000 0.026767 0.022263 0.070000 0.026818 0.022651 0.070000 0.026968 0.023013 0.070000 0.027206 0.023324 0.070000 0.027517 0.023562 0.070000 0.027879 0.023712 0.070000 0.028267 0.023763 0.073000 0.027879 0.023712 0.073000 0.027517 0.023562 0.073000 0.027206 0.023324 0.073000 0.026968 0.023013 0.073000 0.026818 0.022651 0.073000 0.026767 0.022263 0.073000 0.026818 0.021875 0.073000 0.026968 0.021513 0.073000 0.027206 0.021202 0.073000 0.027517 0.020964 0.073000 0.027879 0.020814 0.073000 0.028267 0.020763 0.073000 0.028655 0.020814 0.073000 0.029017 0.020964 0.073000 0.029328 0.021202 0.073000 0.029566 0.021513 0.073000 0.029716 0.021875 0.073000 0.029767 0.022263 0.073000 0.029716 0.022651 0.073000 0.029566 0.023013 0.073000 0.029328 0.023324 0.073000 0.029017 0.023562 0.073000 0.028655 0.023712 0.073000 -0.092195 -0.073123 0.073000 -0.094359 -0.072943 0.073000 -0.096464 -0.072409 0.073000 -0.098451 -0.071535 0.073000 -0.100268 -0.070346 0.073000 -0.101863 -0.068873 0.073000 -0.103194 -0.067158 0.073000 -0.103194 -0.067158 0.070000 -0.101863 -0.068873 0.070000 -0.100268 -0.070346 0.070000 -0.098451 -0.071535 0.070000 -0.096464 -0.072409 0.070000 -0.094359 -0.072943 0.070000 -0.092195 -0.073123 0.070000 0.092195 -0.073123 0.073000 0.092195 -0.073123 0.070000 0.103194 -0.067158 0.073000 0.101863 -0.068873 0.073000 0.100268 -0.070346 0.073000 0.098451 -0.071535 0.073000 0.096464 -0.072409 0.073000 0.094359 -0.072943 0.073000 0.094359 -0.072943 0.070000 0.096464 -0.072409 0.070000 0.098451 -0.071535 0.070000 0.100268 -0.070346 0.070000 0.101863 -0.068873 0.070000 0.103194 -0.067158 0.070000 0.103194 0.067158 0.073000 0.106895 0.061096 0.073000 0.110240 0.054830 0.073000 0.113218 0.048383 0.073000 0.115819 0.041774 0.073000 0.118035 0.035026 0.073000 0.119859 0.028162 0.073000 0.121283 0.021204 0.073000 0.122304 0.014175 0.073000 0.122918 0.007099 0.073000 0.123123 -0.000000 0.073000 0.122918 -0.007099 0.073000 0.122304 -0.014175 0.073000 0.121283 -0.021204 0.073000 0.119859 -0.028162 0.073000 0.118035 -0.035026 0.073000 0.115819 -0.041774 0.073000 0.113218 -0.048383 0.073000 0.110240 -0.054830 0.073000 0.106895 -0.061096 0.073000 0.106895 -0.061096 0.070000 0.110240 -0.054830 0.070000 0.113218 -0.048383 0.070000 0.115819 -0.041774 0.070000 0.118035 -0.035026 0.070000 0.119859 -0.028162 0.070000 0.121283 -0.021204 0.070000 0.122304 -0.014175 0.070000 0.122918 -0.007099 0.070000 0.123123 -0.000000 0.070000 0.122918 0.007099 0.070000 0.122304 0.014175 0.070000 0.121283 0.021204 0.070000 0.119859 0.028162 0.070000 0.118035 0.035026 0.070000 0.115819 0.041774 0.070000 0.113218 0.048383 0.070000 0.110240 0.054830 0.070000 0.106895 0.061096 0.070000 0.103194 0.067158 0.070000 0.092195 0.073123 0.073000 0.094359 0.072943 0.073000 0.096464 0.072409 0.073000 0.098451 0.071535 0.073000 0.100268 0.070346 0.073000 0.101863 0.068873 0.073000 0.101863 0.068873 0.070000 0.100268 0.070346 0.070000 0.098451 0.071535 0.070000 0.096464 0.072409 0.070000 0.094359 0.072943 0.070000 0.092195 0.073123 0.070000 -0.092195 0.073123 0.073000 -0.092195 0.073123 0.070000 -0.103194 0.067158 0.073000 -0.101863 0.068873 0.073000 -0.100268 0.070346 0.073000 -0.098451 0.071535 0.073000 -0.096464 0.072409 0.073000 -0.094359 0.072943 0.073000 -0.094359 0.072943 0.070000 -0.096464 0.072409 0.070000 -0.098451 0.071535 0.070000 -0.100268 0.070346 0.070000 -0.101863 0.068873 0.070000 -0.103194 0.067158 0.070000 -0.106895 -0.061096 0.073000 -0.110240 -0.054830 0.073000 -0.113218 -0.048383 0.073000 -0.115819 -0.041774 0.073000 -0.118035 -0.035026 0.073000 -0.119859 -0.028162 0.073000 -0.121283 -0.021204 0.073000 -0.122304 -0.014175 0.073000 -0.122918 -0.007099 0.073000 -0.123123 -0.000000 0.073000 -0.122918 0.007099 0.073000 -0.122304 0.014175 0.073000 -0.121283 0.021204 0.073000 -0.119859 0.028162 0.073000 -0.118035 0.035026 0.073000 -0.115819 0.041774 0.073000 -0.113218 0.048383 0.073000 -0.110240 0.054830 0.073000 -0.106895 0.061096 0.073000 -0.106895 0.061096 0.070000 -0.110240 0.054830 0.070000 -0.113218 0.048383 0.070000 -0.115819 0.041774 0.070000 -0.118035 0.035026 0.070000 -0.119859 0.028162 0.070000 -0.121283 0.021204 0.070000 -0.122304 0.014175 0.070000 -0.122918 0.007099 0.070000 -0.123123 -0.000000 0.070000 -0.122918 -0.007099 0.070000 -0.122304 -0.014175 0.070000 -0.121283 -0.021204 0.070000 -0.119859 -0.028162 0.070000 -0.118035 -0.035026 0.070000 -0.115819 -0.041774 0.070000 -0.113218 -0.048383 0.070000 -0.110240 -0.054830 0.070000 -0.106895 -0.061096 0.070000</float_array>
          <technique_common>
            <accessor source="#base_link-mesh-positions-array" count="4056" stride="3">
              <param name="X" type="float"/>
              <param name="Y" type="float"/>
              <param name="Z" type="float"/>
            </accessor>
          </technique_common>
        </source>
        <source id="base_link-mesh-normals">
          <float_array id="base_link-mesh-normals-array" count="24480">0.258819 -0.965926 0.000000 0.258819 -0.965926 0.000000 0.000000 -1.000000 0.000000 0.000000 -1.000000 0.000000 -0.258819 -0.965926 0.000000 -0.258819 -0.965926 0.000000 -0.500000 -0.866025 0.000000 -0.500000 -0.866025 0.000000 -0.707107 -0.707107 0.000000 -0.707107 -0.707107 0.000000 -0.866025 -0.500000 0.000000 -0.866025 -0.500000 0.000000 -0.965926 -0.258819 0.000000 -0.965926 -0.258819 0.000000 -1.000000 0.000000 0.000000 -1.000000 0.000000 0.000000 -0.965926 0.258819 0.000000 -0.965926 0.258819 0.000000 -0.866025 0.500000 0.000000 -0.866025 0.500000 0.000000 -0.707107 0.707107 0.000000 -0.707107 0.707107 0.000000 -0.500000 0.866025 0.000000 -0.500000 0.866025 0.000000 -0.258819 0.965926 0.000000 -0.258819 0.965926 0.000000 -0.000000 1.000000 0.000000 -0.000000 1.000000 0.000000 0.258819 0.965926 -0.000000 0.258819 0.965926 -0.000000 0.500000 0.866025 -0.000000 0.500000 0.866025 -0.000000 0.707107 0.707107 -0.000000 0.707107 0.707107 -0.000000 0.866025 0.500000 -0.000000 0.866025 0.500000 -0.000000 0.965926 0.258819 -0.000000 0.965926 0.258819 -0.000000 1.000000 0.000000 -0.000000 1.000000 0.000000 -0.000000 0.965926 -0.258819 0.000000 0.965926 -0.258819 0.000000 0.866025 -0.500000 0.000000 0.866025 -0.500000 0.000000 0.707107 -0.707107 0.000000 0.707107 -0.707107 0.000000 0.500000 -0.866025 0.000000 0.500000 -0.866025 0.000000 0.258819 -0.965926 0.000000 0.258819 -0.965926 0.000000 0.000000 -1.000000 0.000000 0.000000 -1.000000 0.000000 -0.258819 -0.965926 0.000000 -0.258819 -0.965926 0.000000 -0.500000 -0.866025 0.000000 -0.500000 -0.866025 0.000000 -0.707107 -0.707107 0.000000 -0.707107 -0.707107 0.000000 -0.866025 -0.500000 0.000000 -0.866025 -0.500000 0.000000 -0.965926 -0.258819 0.000000 -0.965926 -0.258819 0.000000 -1.000000 0.000000 0.000000 -1.000000 0.000000 0.000000 -0.965926 0.258819 0.000000 -0.965926 0.258819 0.000000 -0.866025 0.500000 0.000000 -0.866025 0.500000 0.000000 -0.707107 0.707107 0.000000 -0.707107 0.707107 0.000000 -0.500000 0.866025 0.000000 -0.500000 0.866025 0.000000 -0.258819 0.965926 0.000000 -0.258819 0.965926 0.000000 -0.000000 1.000000 0.000000 -0.000000 1.000000 0.000000 0.258819 0.965926 -0.000000 0.258819 0.965926 -0.000000 0.500000 0.866025 -0.000000 0.500000 0.866025 -0.000000 0.707107 0.707107 -0.000000 0.707107 0.707107 -0.000000 0.866025 0.500000 -0.000000 0.866025 0.500000 -0.000000 0.965926 0.258819 -0.000000 0.965926 0.258819 -0.000000 1.000000 0.000000 -0.000000 1.000000 0.000000 -0.000000 0.965926 -0.258819 0.000000 0.965926 -0.258819 0.000000 0.866025 -0.500000 0.000000 0.866025 -0.500000 0.000000 0.707107 -0.707107 0.000000 0.707107 -0.707107 0.000000 0.500000 -0.866025 0.000000 0.500000 -0.866025 0.000000 0.258819 -0.965926 0.000000 0.258819 -0.965926 0.000000 0.000000 -1.000000 0.000000 0.000000 -1.000000 0.000000 -0.258819 -0.965926 0.000000 -0.258819 -0.965926 0.000000 -0.500000 -0.866025 0.000000 -0.500000 -0.866025 0.000000 -0.707107 -0.707107 0.000000 -0.707107 -0.707107 0.000000 -0.866025 -0.500000 0.000000 -0.866025 -0.500000 0.000000 -0.965926 -0.258819 0.000000 -0.965926 -0.258819 0.000000 -1.000000 0.000000 0.000000 -1.000000 0.000000 0.000000 -0.965926 0.258819 0.000000 -0.965926 0.258819 0.000000 -0.866025 0.500000 0.000000 -0.866025 0.500000 0.000000 -0.707107 0.707107 0.000000 -0.707107 0.707107 0.000000 -0.500000 0.866025 0.000000 -0.500000 0.866025 0.000000 -0.258819 0.965926 0.000000 -0.258819 0.965926 0.000000 -0.000000 1.000000 0.000000 -0.000000 1.000000 0.000000 0.258819 0.965926 -0.000000 0.258819 0.965926 -0.000000 0.500000 0.866025 -0.000000 0.500000 0.866025 -0.000000 0.707107 0.707107 -0.000000 0.707107 0.707107 -0.000000 0.866025 0.500000 -0.000000 0.866025 0.500000 -0.000000 0.965926 0.258819 -0.000000 0.965926 0.258819 -0.000000 1.000000 0.000000 -0.000000 1.000000 0.000000 -0.000000 0.965926 -0.258819 0.000000 0.965926 -0.258819 0.000000 0.866025 -0.500000 0.000000 0.866025 -0.500000 0.000000 0.707107 -0.707107 0.000000 0.707107 -0.707107 0.000000 0.500000 -0.866025 0.000000 0.500000 -0.866025 0.000000 0.258819 -0.965926 0.000000 0.258819 -0.965926 0.000000 0.000000 -1.000000 0.000000 0.000000 -1.000000 0.000000 -0.258819 -0.965926 0.000000 -0.258819 -0.965926 0.000000 -0.500000 -0.866025 0.000000 -0.500000 -0.866025 0.000000 -0.707107 -0.707107 0.000000 -0.707107 -0.707107 0.000000 -0.866025 -0.500000 0.000000 -0.866025 -0.500000 0.000000 -0.965926 -0.258819 0.000000 -0.965926 -0.258819 0.000000 -1.000000 0.000000 0.000000 -1.000000 0.000000 0.000000 -0.965926 0.258819 0.000000 -0.965926 0.258819 0.000000 -0.866025 0.500000 0.000000 -0.866025 0.500000 0.000000 -0.707107 0.707107 0.000000 -0.707107 0.707107 0.000000 -0.500000 0.866025 0.000000 -0.500000 0.866025 0.000000 -0.258819 0.965926 0.000000 -0.258819 0.965926 0.000000 -0.000000 1.000000 0.000000 -0.000000 1.000000 0.000000 0.258819 0.965926 -0.000000 0.258819 0.965926 -0.000000 0.500000 0.866025 -0.000000 0.500000 0.866025 -0.000000 0.707107 0.707107 -0.000000 0.707107 0.707107 -0.000000 0.866025 0.500000 -0.000000 0.866025 0.500000 -0.000000 0.965926 0.258819 -0.000000 0.965926 0.258819 -0.000000 1.000000 0.000000 -0.000000 1.000000 0.000000 -0.000000 0.965926 -0.258819 0.000000 0.965926 -0.258819 0.000000 0.866025 -0.500000 0.000000 0.866025 -0.500000 0.000000 0.707107 -0.707107 0.000000 0.707107 -0.707107 0.000000 0.500000 -0.866025 0.000000 0.500000 -0.866025 0.000000 0.258819 -0.965926 0.000000 0.258819 -0.965926 0.000000 0.000000 -1.000000 0.000000 0.000000 -1.000000 0.000000 -0.258819 -0.965926 0.000000 -0.258819 -0.965926 0.000000 -0.500000 -0.866025 0.000000 -0.500000 -0.866025 0.000000 -0.707107 -0.707107 0.000000 -0.707107 -0.707107 0.000000 -0.866025 -0.500000 0.000000 -0.866025 -0.500000 0.000000 -0.965926 -0.258819 0.000000 -0.965926 -0.258819 0.000000 -1.000000 0.000000 0.000000 -1.000000 0.000000 0.000000 -0.965926 0.258819 0.000000 -0.965926 0.258819 0.000000 -0.866025 0.500000 0.000000 -0.866025 0.500000 0.000000 -0.707107 0.707107 0.000000 -0.707107 0.707107 0.000000 -0.500000 0.866025 0.000000 -0.500000 0.866025 0.000000 -0.258819 0.965926 0.000000 -0.258819 0.965926 0.000000 -0.000000 1.000000 0.000000 -0.000000 1.000000 0.000000 0.258819 0.965926 -0.000000 0.258819 0.965926 -0.000000 0.500000 0.866025 -0.000000 0.500000 0.866025 -0.000000 0.707107 0.707107 -0.000000 0.707107 0.707107 -0.000000 0.866025 0.500000 -0.000000 0.866025 0.500000 -0.000000 0.965926 0.258819 -0.000000 0.965926 0.258819 -0.000000 1.000000 0.000000 -0.000000 1.000000 0.000000 -0.000000 0.965926 -0.258819 0.000000 0.965926 -0.258819 0.000000 0.866025 -0.500000 0.000000 0.866025 -0.500000 0.000000 0.707107 -0.707107 0.000000 0.707107 -0.707107 0.000000 0.500000 -0.866025 0.000000 0.500000 -0.866025 0.000000 0.258819 -0.965926 0.000000 0.258819 -0.965926 0.000000 0.000000 -1.000000 0.000000 0.000000 -1.000000 0.000000 -0.258819 -0.965926 0.000000 -0.258819 -0.965926 0.000000 -0.500000 -0.866025 0.000000 -0.500000 -0.866025 0.000000 -0.707107 -0.707107 0.000000 -0.707107 -0.707107 0.000000 -0.866025 -0.500000 0.000000 -0.866025 -0.500000 0.000000 -0.965926 -0.258819 0.000000 -0.965926 -0.258819 0.000000 -1.000000 0.000000 0.000000 -1.000000 0.000000 0.000000 -0.965926 0.258819 0.000000 -0.965926 0.258819 0.000000 -0.866025 0.500000 0.000000 -0.866025 0.500000 0.000000 -0.707107 0.707107 0.000000 -0.707107 0.707107 0.000000 -0.500000 0.866025 0.000000 -0.500000 0.866025 0.000000 -0.258819 0.965926 0.000000 -0.258819 0.965926 0.000000 -0.000000 1.000000 0.000000 -0.000000 1.000000 0.000000 0.258819 0.965926 -0.000000 0.258819 0.965926 -0.000000 0.500000 0.866025 -0.000000 0.500000 0.866025 -0.000000 0.707107 0.707107 -0.000000 0.707107 0.707107 -0.000000 0.866025 0.500000 -0.000000 0.866025 0.500000 -0.000000 0.965926 0.258819 -0.000000 0.965926 0.258819 -0.000000 1.000000 0.000000 -0.000000 1.000000 0.000000 -0.000000 0.965926 -0.258819 0.000000 0.965926 -0.258819 0.000000 0.866025 -0.500000 0.000000 0.866025 -0.500000 0.000000 0.707107 -0.707107 0.000000 0.707107 -0.707107 0.000000 0.500000 -0.866025 0.000000 0.500000 -0.866025 0.000000 0.258819 -0.965926 0.000000 0.258819 -0.965926 0.000000 0.000000 -1.000000 0.000000 0.000000 -1.000000 0.000000 -0.258819 -0.965926 0.000000 -0.258819 -0.965926 0.000000 -0.500000 -0.866025 0.000000 -0.500000 -0.866025 0.000000 -0.707107 -0.707107 0.000000 -0.707107 -0.707107 0.000000 -0.866025 -0.500000 0.000000 -0.866025 -0.500000 0.000000 -0.965926 -0.258819 0.000000 -0.965926 -0.258819 0.000000 -1.000000 0.000000 0.000000 -1.000000 0.000000 0.000000 -0.965926 0.258819 0.000000 -0.965926 0.258819 0.000000 -0.866025 0.500000 0.000000 -0.866025 0.500000 0.000000 -0.707107 0.707107 0.000000 -0.707107 0.707107 0.000000 -0.500000 0.866025 0.000000 -0.500000 0.866025 0.000000 -0.258819 0.965926 0.000000 -0.258819 0.965926 0.000000 -0.000000 1.000000 0.000000 -0.000000 1.000000 0.000000 0.258819 0.965926 -0.000000 0.258819 0.965926 -0.000000 0.500000 0.866025 -0.000000 0.500000 0.866025 -0.000000 0.707107 0.707107 -0.000000 0.707107 0.707107 -0.000000 0.866025 0.500000 -0.000000 0.866025 0.500000 -0.000000 0.965926 0.258819 -0.000000 0.965926 0.258819 -0.000000 1.000000 0.000000 -0.000000 1.000000 0.000000 -0.000000 0.965926 -0.258819 0.000000 0.965926 -0.258819 0.000000 0.866025 -0.500000 0.000000 0.866025 -0.500000 0.000000 0.707107 -0.707107 0.000000 0.707107 -0.707107 0.000000 0.500000 -0.866025 0.000000 0.500000 -0.866025 0.000000 0.258819 -0.965926 0.000000 0.258819 -0.965926 0.000000 0.000000 -1.000000 0.000000 0.000000 -1.000000 0.000000 -0.258819 -0.965926 0.000000 -0.258819 -0.965926 0.000000 -0.500000 -0.866025 0.000000 -0.500000 -0.866025 0.000000 -0.707107 -0.707107 0.000000 -0.707107 -0.707107 0.000000 -0.866025 -0.500000 0.000000 -0.866025 -0.500000 0.000000 -0.965926 -0.258819 0.000000 -0.965926 -0.258819 0.000000 -1.000000 0.000000 0.000000 -1.000000 0.000000 0.000000 -0.965926 0.258819 0.000000 -0.965926 0.258819 0.000000 -0.866025 0.500000 0.000000 -0.866025 0.500000 0.000000 -0.707107 0.707107 0.000000 -0.707107 0.707107 0.000000 -0.500000 0.866025 0.000000 -0.500000 0.866025 0.000000 -0.258819 0.965926 0.000000 -0.258819 0.965926 0.000000 -0.000000 1.000000 0.000000 -0.000000 1.000000 0.000000 0.258819 0.965926 -0.000000 0.258819 0.965926 -0.000000 0.500000 0.866025 -0.000000 0.500000 0.866025 -0.000000 0.707107 0.707107 -0.000000 0.707107 0.707107 -0.000000 0.866025 0.500000 -0.000000 0.866025 0.500000 -0.000000 0.965926 0.258819 -0.000000 0.965926 0.258819 -0.000000 1.000000 0.000000 -0.000000 1.000000 0.000000 -0.000000 0.965926 -0.258819 0.000000 0.965926 -0.258819 0.000000 0.866025 -0.500000 0.000000 0.866025 -0.500000 0.000000 0.707107 -0.707107 0.000000 0.707107 -0.707107 0.000000 0.500000 -0.866025 0.000000 0.500000 -0.866025 0.000000 0.258819 -0.965926 0.000000 0.258819 -0.965926 0.000000 0.000000 -1.000000 0.000000 0.000000 -1.000000 0.000000 -0.258819 -0.965926 0.000000 -0.258819 -0.965926 0.000000 -0.500000 -0.866025 0.000000 -0.500000 -0.866025 0.000000 -0.707107 -0.707107 0.000000 -0.707107 -0.707107 0.000000 -0.866025 -0.500000 0.000000 -0.866025 -0.500000 0.000000 -0.965926 -0.258819 0.000000 -0.965926 -0.258819 0.000000 -1.000000 0.000000 0.000000 -1.000000 0.000000 0.000000 -0.965926 0.258819 0.000000 -0.965926 0.258819 0.000000 -0.866025 0.500000 0.000000 -0.866025 0.500000 0.000000 -0.707107 0.707107 0.000000 -0.707107 0.707107 0.000000 -0.500000 0.866025 0.000000 -0.500000 0.866025 0.000000 -0.258819 0.965926 0.000000 -0.258819 0.965926 0.000000 -0.000000 1.000000 0.000000 -0.000000 1.000000 0.000000 0.258819 0.965926 -0.000000 0.258819 0.965926 -0.000000 0.500000 0.866025 -0.000000 0.500000 0.866025 -0.000000 0.707107 0.707107 -0.000000 0.707107 0.707107 -0.000000 0.866025 0.500000 -0.000000 0.866025 0.500000 -0.000000 0.965926 0.258819 -0.000000 0.965926 0.258819 -0.000000 1.000000 0.000000 -0.000000 1.000000 0.000000 -0.000000 0.965926 -0.258819 0.000000 0.965926 -0.258819 0.000000 0.866025 -0.500000 0.000000 0.866025 -0.500000 0.000000 0.707107 -0.707107 0.000000 0.707107 -0.707107 0.000000 0.500000 -0.866025 0.000000 0.500000 -0.866025 0.000000 0.258819 -0.965926 0.000000 0.258819 -0.965926 0.000000 0.000000 -1.000000 0.000000 0.000000 -1.000000 0.000000 -0.258819 -0.965926 0.000000 -0.258819 -0.965926 0.000000 -0.500000 -0.866025 0.000000 -0.500000 -0.866025 0.000000 -0.707107 -0.707107 0.000000 -0.707107 -0.707107 0.000000 -0.866025 -0.500000 0.000000 -0.866025 -0.500000 0.000000 -0.965926 -0.258819 0.000000 -0.965926 -0.258819 0.000000 -1.000000 0.000000 0.000000 -1.000000 0.000000 0.000000 -0.965926 0.258819 0.000000 -0.965926 0.258819 0.000000 -0.866025 0.500000 0.000000 -0.866025 0.500000 0.000000 -0.707107 0.707107 0.000000 -0.707107 0.707107 0.000000 -0.500000 0.866025 0.000000 -0.500000 0.866025 0.000000 -0.258819 0.965926 0.000000 -0.258819 0.965926 0.000000 -0.000000 1.000000 0.000000 -0.000000 1.000000 0.000000 0.258819 0.965926 -0.000000 0.258819 0.965926 -0.000000 0.500000 0.866025 -0.000000 0.500000 0.866025 -0.000000 0.707107 0.707107 -0.000000 0.707107 0.707107 -0.000000 0.866025 0.500000 -0.000000 0.866025 0.500000 -0.000000 0.965926 0.258819 -0.000000 0.965926 0.258819 -0.000000 1.000000 0.000000 -0.000000 1.000000 0.000000 -0.000000 0.965926 -0.258819 0.000000 0.965926 -0.258819 0.000000 0.866025 -0.500000 0.000000 0.866025 -0.500000 0.000000 0.707107 -0.707107 0.000000 0.707107 -0.707107 0.000000 0.500000 -0.866025 0.000000 0.500000 -0.866025 0.000000 0.258819 -0.965926 0.000000 0.258819 -0.965926 0.000000 0.000000 -1.000000 0.000000 0.000000 -1.000000 0.000000 -0.258819 -0.965926 0.000000 -0.258819 -0.965926 0.000000 -0.500000 -0.866025 0.000000 -0.500000 -0.866025 0.000000 -0.707107 -0.707107 0.000000 -0.707107 -0.707107 0.000000 -0.866025 -0.500000 0.000000 -0.866025 -0.500000 0.000000 -0.965926 -0.258819 0.000000 -0.965926 -0.258819 0.000000 -1.000000 0.000000 0.000000 -1.000000 0.000000 0.000000 -0.965926 0.258819 0.000000 -0.965926 0.258819 0.000000 -0.866025 0.500000 0.000000 -0.866025 0.500000 0.000000 -0.707107 0.707107 0.000000 -0.707107 0.707107 0.000000 -0.500000 0.866025 0.000000 -0.500000 0.866025 0.000000 -0.258819 0.965926 0.000000 -0.258819 0.965926 0.000000 -0.000000 1.000000 0.000000 -0.000000 1.000000 0.000000 0.258819 0.965926 -0.000000 0.258819 0.965926 -0.000000 0.500000 0.866025 -0.000000 0.500000 0.866025 -0.000000 0.707107 0.707107 -0.000000 0.707107 0.707107 -0.000000 0.866025 0.500000 -0.000000 0.866025 0.500000 -0.000000 0.965926 0.258819 -0.000000 0.965926 0.258819 -0.000000 1.000000 0.000000 -0.000000 1.000000 0.000000 -0.000000 0.965926 -0.258819 0.000000 0.965926 -0.258819 0.000000 0.866025 -0.500000 0.000000 0.866025 -0.500000 0.000000 0.707107 -0.707107 0.000000 0.707107 -0.707107 0.000000 0.500000 -0.866025 0.000000 0.500000 -0.866025 0.000000 0.258819 -0.965926 0.000000 0.258819 -0.965926 0.000000 0.000000 -1.000000 0.000000 0.000000 -1.000000 0.000000 -0.258819 -0.965926 0.000000 -0.258819 -0.965926 0.000000 -0.500000 -0.866025 0.000000 -0.500000 -0.866025 0.000000 -0.707107 -0.707107 0.000000 -0.707107 -0.707107 0.000000 -0.866025 -0.500000 0.000000 -0.866025 -0.500000 0.000000 -0.965926 -0.258819 0.000000 -0.965926 -0.258819 0.000000 -1.000000 0.000000 0.000000 -1.000000 0.000000 0.000000 -0.965926 0.258819 0.000000 -0.965926 0.258819 0.000000 -0.866025 0.500000 0.000000 -0.866025 0.500000 0.000000 -0.707107 0.707107 0.000000 -0.707107 0.707107 0.000000 -0.500000 0.866025 0.000000 -0.500000 0.866025 0.000000 -0.258819 0.965926 0.000000 -0.258819 0.965926 0.000000 -0.000000 1.000000 0.000000 -0.000000 1.000000 0.000000 0.258819 0.965926 -0.000000 0.258819 0.965926 -0.000000 0.500000 0.866025 -0.000000 0.500000 0.866025 -0.000000 0.707107 0.707107 -0.000000 0.707107 0.707107 -0.000000 0.866025 0.500000 -0.000000 0.866025 0.500000 -0.000000 0.965926 0.258819 -0.000000 0.965926 0.258819 -0.000000 1.000000 0.000000 -0.000000 1.000000 0.000000 -0.000000 0.965926 -0.258819 0.000000 0.965926 -0.258819 0.000000 0.866025 -0.500000 0.000000 0.866025 -0.500000 0.000000 0.707107 -0.707107 0.000000 0.707107 -0.707107 0.000000 0.500000 -0.866025 0.000000 0.500000 -0.866025 0.000000 0.258819 -0.965926 0.000000 0.258819 -0.965926 0.000000 0.000000 -1.000000 0.000000 0.000000 -1.000000 0.000000 -0.258819 -0.965926 0.000000 -0.258819 -0.965926 0.000000 -0.500000 -0.866025 0.000000 -0.500000 -0.866025 0.000000 -0.707107 -0.707107 0.000000 -0.707107 -0.707107 0.000000 -0.866025 -0.500000 0.000000 -0.866025 -0.500000 0.000000 -0.965926 -0.258819 0.000000 -0.965926 -0.258819 0.000000 -1.000000 0.000000 0.000000 -1.000000 0.000000 0.000000 -0.965926 0.258819 0.000000 -0.965926 0.258819 0.000000 -0.866025 0.500000 0.000000 -0.866025 0.500000 0.000000 -0.707107 0.707107 0.000000 -0.707107 0.707107 0.000000 -0.500000 0.866025 0.000000 -0.500000 0.866025 0.000000 -0.258819 0.965926 0.000000 -0.258819 0.965926 0.000000 -0.000000 1.000000 0.000000 -0.000000 1.000000 0.000000 0.258819 0.965926 -0.000000 0.258819 0.965926 -0.000000 0.500000 0.866025 -0.000000 0.500000 0.866025 -0.000000 0.707107 0.707107 -0.000000 0.707107 0.707107 -0.000000 0.866025 0.500000 -0.000000 0.866025 0.500000 -0.000000 0.965926 0.258819 -0.000000 0.965926 0.258819 -0.000000 1.000000 0.000000 -0.000000 1.000000 0.000000 -0.000000 0.965926 -0.258819 0.000000 0.965926 -0.258819 0.000000 0.866025 -0.500000 0.000000 0.866025 -0.500000 0.000000 0.707107 -0.707107 0.000000 0.707107 -0.707107 0.000000 0.500000 -0.866025 0.000000 0.500000 -0.866025 0.000000 -1.000000 0.000000 0.000000 -1.000000 0.000000 0.000000 -1.000000 0.000000 0.000000 -1.000000 0.000000 0.000000 0.000000 -1.000000 0.000000 0.000000 -1.000000 0.000000 0.000000 -1.000000 0.000000 0.000000 -1.000000 0.000000 1.000000 0.000000 0.000000 1.000000 0.000000 0.000000 1.000000 0.000000 0.000000 1.000000 0.000000 0.000000 0.000000 1.000000 -0.000000 0.000000 1.000000 -0.000000 0.000000 1.000000 -0.000000 0.000000 1.000000 -0.000000 0.258819 -0.965926 0.000000 0.258819 -0.965926 0.000000 -0.000000 -1.000000 0.000000 -0.000000 -1.000000 0.000000 -0.258819 -0.965926 0.000000 -0.258819 -0.965926 0.000000 -0.500000 -0.866025 0.000000 -0.500000 -0.866025 0.000000 -0.707107 -0.707107 0.000000 -0.707107 -0.707107 0.000000 -0.866025 -0.500000 0.000000 -0.866025 -0.500000 0.000000 -0.965926 -0.258819 0.000000 -0.965926 -0.258819 0.000000 -1.000000 0.000000 0.000000 -1.000000 0.000000 0.000000 -0.965926 0.258819 0.000000 -0.965926 0.258819 0.000000 -0.866025 0.500000 0.000000 -0.866025 0.500000 0.000000 -0.707107 0.707107 0.000000 -0.707107 0.707107 0.000000 -0.500000 0.866025 0.000000 -0.500000 0.866025 0.000000 -0.258819 0.965926 0.000000 -0.258819 0.965926 0.000000 0.000000 1.000000 -0.000000 0.000000 1.000000 -0.000000 0.258819 0.965926 -0.000000 0.258819 0.965926 -0.000000 0.500000 0.866025 -0.000000 0.500000 0.866025 -0.000000 0.707107 0.707107 -0.000000 0.707107 0.707107 -0.000000 0.866025 0.500000 -0.000000 0.866025 0.500000 -0.000000 0.965926 0.258819 -0.000000 0.965926 0.258819 -0.000000 1.000000 0.000000 -0.000000 1.000000 0.000000 -0.000000 0.965926 -0.258819 0.000000 0.965926 -0.258819 0.000000 0.866025 -0.500000 0.000000 0.866025 -0.500000 0.000000 0.707107 -0.707107 0.000000 0.707107 -0.707107 0.000000 0.500000 -0.866025 0.000000 0.500000 -0.866025 0.000000 0.258819 -0.965926 0.000000 0.258819 -0.965926 0.000000 0.000000 -1.000000 0.000000 0.000000 -1.000000 0.000000 -0.258819 -0.965926 0.000000 -0.258819 -0.965926 0.000000 -0.500000 -0.866025 0.000000 -0.500000 -0.866025 0.000000 -0.707107 -0.707107 0.000000 -0.707107 -0.707107 0.000000 -0.866025 -0.500000 0.000000 -0.866025 -0.500000 0.000000 -0.965926 -0.258819 0.000000 -0.965926 -0.258819 0.000000 -1.000000 0.000000 0.000000 -1.000000 0.000000 0.000000 -0.965926 0.258819 0.000000 -0.965926 0.258819 0.000000 -0.866025 0.500000 0.000000 -0.866025 0.500000 0.000000 -0.707107 0.707107 0.000000 -0.707107 0.707107 0.000000 -0.500000 0.866025 0.000000 -0.500000 0.866025 0.000000 -0.258819 0.965926 0.000000 -0.258819 0.965926 0.000000 -0.000000 1.000000 0.000000 -0.000000 1.000000 0.000000 0.258819 0.965926 -0.000000 0.258819 0.965926 -0.000000 0.500000 0.866025 -0.000000 0.500000 0.866025 -0.000000 0.707107 0.707107 -0.000000 0.707107 0.707107 -0.000000 0.866025 0.500000 -0.000000 0.866025 0.500000 -0.000000 0.965926 0.258819 -0.000000 0.965926 0.258819 -0.000000 1.000000 0.000000 -0.000000 1.000000 0.000000 -0.000000 0.965926 -0.258819 0.000000 0.965926 -0.258819 0.000000 0.866025 -0.500000 0.000000 0.866025 -0.500000 0.000000 0.707107 -0.707107 0.000000 0.707107 -0.707107 0.000000 0.500000 -0.866025 0.000000 0.500000 -0.866025 0.000000 -1.000000 0.000000 0.000000 -1.000000 0.000000 0.000000 -1.000000 0.000000 0.000000 -1.000000 0.000000 0.000000 0.000000 -1.000000 0.000000 0.000000 -1.000000 0.000000 0.000000 -1.000000 0.000000 0.000000 -1.000000 0.000000 1.000000 -0.000000 0.000000 1.000000 -0.000000 0.000000 1.000000 -0.000000 0.000000 1.000000 -0.000000 0.000000 0.000000 1.000000 -0.000000 0.000000 1.000000 -0.000000 0.000000 1.000000 -0.000000 0.000000 1.000000 -0.000000 1.000000 -0.000000 0.000000 1.000000 -0.000000 0.000000 1.000000 -0.000000 0.000000 1.000000 -0.000000 0.000000 0.000000 1.000000 -0.000000 0.000000 1.000000 -0.000000 0.000000 1.000000 -0.000000 0.000000 1.000000 -0.000000 -1.000000 0.000000 0.000000 -1.000000 0.000000 0.000000 -1.000000 0.000000 0.000000 -1.000000 0.000000 0.000000 -0.000000 -1.000000 0.000000 -0.000000 -1.000000 0.000000 -0.000000 -1.000000 0.000000 -0.000000 -1.000000 0.000000 0.258819 -0.965926 0.000000 0.258819 -0.965926 0.000000 0.000000 -1.000000 0.000000 0.000000 -1.000000 0.000000 -0.258819 -0.965926 0.000000 -0.258819 -0.965926 0.000000 -0.500000 -0.866025 0.000000 -0.500000 -0.866025 0.000000 -0.707107 -0.707107 0.000000 -0.707107 -0.707107 0.000000 -0.866025 -0.500000 0.000000 -0.866025 -0.500000 0.000000 -0.965926 -0.258819 0.000000 -0.965926 -0.258819 0.000000 -1.000000 0.000000 0.000000 -1.000000 0.000000 0.000000 -0.965926 0.258819 0.000000 -0.965926 0.258819 0.000000 -0.866025 0.500000 0.000000 -0.866025 0.500000 0.000000 -0.707107 0.707107 0.000000 -0.707107 0.707107 0.000000 -0.500000 0.866025 0.000000 -0.500000 0.866025 0.000000 -0.258819 0.965926 0.000000 -0.258819 0.965926 0.000000 -0.000000 1.000000 0.000000 -0.000000 1.000000 0.000000 0.258819 0.965926 -0.000000 0.258819 0.965926 -0.000000 0.500000 0.866025 -0.000000 0.500000 0.866025 -0.000000 0.707107 0.707107 -0.000000 0.707107 0.707107 -0.000000 0.866025 0.500000 -0.000000 0.866025 0.500000 -0.000000 0.965926 0.258819 -0.000000 0.965926 0.258819 -0.000000 1.000000 0.000000 -0.000000 1.000000 0.000000 -0.000000 0.965926 -0.258819 0.000000 0.965926 -0.258819 0.000000 0.866025 -0.500000 0.000000 0.866025 -0.500000 0.000000 0.707107 -0.707107 0.000000 0.707107 -0.707107 0.000000 0.500000 -0.866025 0.000000 0.500000 -0.866025 0.000000 0.258819 -0.965926 0.000000 0.258819 -0.965926 0.000000 0.000000 -1.000000 0.000000 0.000000 -1.000000 0.000000 -0.258819 -0.965926 0.000000 -0.258819 -0.965926 0.000000 -0.500000 -0.866025 0.000000 -0.500000 -0.866025 0.000000 -0.707107 -0.707107 0.000000 -0.707107 -0.707107 0.000000 -0.866025 -0.500000 0.000000 -0.866025 -0.500000 0.000000 -0.965926 -0.258819 0.000000 -0.965926 -0.258819 0.000000 -1.000000 0.000000 0.000000 -1.000000 0.000000 0.000000 -0.965926 0.258819 0.000000 -0.965926 0.258819 0.000000 -0.866025 0.500000 0.000000 -0.866025 0.500000 0.000000 -0.707107 0.707107 0.000000 -0.707107 0.707107 0.000000 -0.500000 0.866025 0.000000 -0.500000 0.866025 0.000000 -0.258819 0.965926 0.000000 -0.258819 0.965926 0.000000 -0.000000 1.000000 0.000000 -0.000000 1.000000 0.000000 0.258819 0.965926 -0.000000 0.258819 0.965926 -0.000000 0.500000 0.866025 -0.000000 0.500000 0.866025 -0.000000 0.707107 0.707107 -0.000000 0.707107 0.707107 -0.000000 0.866025 0.500000 -0.000000 0.866025 0.500000 -0.000000 0.965926 0.258819 -0.000000 0.965926 0.258819 -0.000000 1.000000 0.000000 -0.000000 1.000000 0.000000 -0.000000 0.965926 -0.258819 0.000000 0.965926 -0.258819 0.000000 0.866025 -0.500000 0.000000 0.866025 -0.500000 0.000000 0.707107 -0.707107 0.000000 0.707107 -0.707107 0.000000 0.500000 -0.866025 0.000000 0.500000 -0.866025 0.000000 0.258819 -0.965926 0.000000 0.258819 -0.965926 0.000000 0.000000 -1.000000 0.000000 0.000000 -1.000000 0.000000 -0.258819 -0.965926 0.000000 -0.258819 -0.965926 0.000000 -0.500000 -0.866025 0.000000 -0.500000 -0.866025 0.000000 -0.707107 -0.707107 0.000000 -0.707107 -0.707107 0.000000 -0.866025 -0.500000 0.000000 -0.866025 -0.500000 0.000000 -0.965926 -0.258819 0.000000 -0.965926 -0.258819 0.000000 -1.000000 0.000000 0.000000 -1.000000 0.000000 0.000000 -0.965926 0.258819 0.000000 -0.965926 0.258819 0.000000 -0.866025 0.500000 0.000000 -0.866025 0.500000 0.000000 -0.707107 0.707107 0.000000 -0.707107 0.707107 0.000000 -0.500000 0.866025 0.000000 -0.500000 0.866025 0.000000 -0.258819 0.965926 0.000000 -0.258819 0.965926 0.000000 -0.000000 1.000000 0.000000 -0.000000 1.000000 0.000000 0.258819 0.965926 -0.000000 0.258819 0.965926 -0.000000 0.500000 0.866025 -0.000000 0.500000 0.866025 -0.000000 0.707107 0.707107 -0.000000 0.707107 0.707107 -0.000000 0.866025 0.500000 -0.000000 0.866025 0.500000 -0.000000 0.965926 0.258819 -0.000000 0.965926 0.258819 -0.000000 1.000000 0.000000 -0.000000 1.000000 0.000000 -0.000000 0.965926 -0.258819 0.000000 0.965926 -0.258819 0.000000 0.866025 -0.500000 0.000000 0.866025 -0.500000 0.000000 0.707107 -0.707107 0.000000 0.707107 -0.707107 0.000000 0.500000 -0.866025 0.000000 0.500000 -0.866025 0.000000 0.258819 -0.965926 0.000000 0.258819 -0.965926 0.000000 0.000000 -1.000000 0.000000 0.000000 -1.000000 0.000000 -0.258819 -0.965926 0.000000 -0.258819 -0.965926 0.000000 -0.500000 -0.866025 0.000000 -0.500000 -0.866025 0.000000 -0.707107 -0.707107 0.000000 -0.707107 -0.707107 0.000000 -0.866025 -0.500000 0.000000 -0.866025 -0.500000 0.000000 -0.965926 -0.258819 0.000000 -0.965926 -0.258819 0.000000 -1.000000 0.000000 0.000000 -1.000000 0.000000 0.000000 -0.965926 0.258819 0.000000 -0.965926 0.258819 0.000000 -0.866025 0.500000 0.000000 -0.866025 0.500000 0.000000 -0.707107 0.707107 0.000000 -0.707107 0.707107 0.000000 -0.500000 0.866025 0.000000 -0.500000 0.866025 0.000000 -0.258819 0.965926 0.000000 -0.258819 0.965926 0.000000 -0.000000 1.000000 0.000000 -0.000000 1.000000 0.000000 0.258819 0.965926 -0.000000 0.258819 0.965926 -0.000000 0.500000 0.866025 -0.000000 0.500000 0.866025 -0.000000 0.707107 0.707107 -0.000000 0.707107 0.707107 -0.000000 0.866025 0.500000 -0.000000 0.866025 0.500000 -0.000000 0.965926 0.258819 -0.000000 0.965926 0.258819 -0.000000 1.000000 0.000000 -0.000000 1.000000 0.000000 -0.000000 0.965926 -0.258819 0.000000 0.965926 -0.258819 0.000000 0.866025 -0.500000 0.000000 0.866025 -0.500000 0.000000 0.707107 -0.707107 0.000000 0.707107 -0.707107 0.000000 0.500000 -0.866025 0.000000 0.500000 -0.866025 0.000000 0.258819 -0.965926 0.000000 0.258819 -0.965926 0.000000 -0.000000 -1.000000 0.000000 -0.000000 -1.000000 0.000000 -0.258819 -0.965926 0.000000 -0.258819 -0.965926 0.000000 -0.500000 -0.866025 0.000000 -0.500000 -0.866025 0.000000 -0.707107 -0.707107 0.000000 -0.707107 -0.707107 0.000000 -0.866025 -0.500000 0.000000 -0.866025 -0.500000 0.000000 -0.965926 -0.258819 0.000000 -0.965926 -0.258819 0.000000 -1.000000 0.000000 0.000000 -1.000000 0.000000 0.000000 -0.965926 0.258819 0.000000 -0.965926 0.258819 0.000000 -0.866025 0.500000 0.000000 -0.866025 0.500000 0.000000 -0.707107 0.707107 0.000000 -0.707107 0.707107 0.000000 -0.500000 0.866025 0.000000 -0.500000 0.866025 0.000000 -0.258819 0.965926 0.000000 -0.258819 0.965926 0.000000 0.000000 1.000000 -0.000000 0.000000 1.000000 -0.000000 0.258819 0.965926 -0.000000 0.258819 0.965926 -0.000000 0.500000 0.866025 -0.000000 0.500000 0.866025 -0.000000 0.707107 0.707107 -0.000000 0.707107 0.707107 -0.000000 0.866025 0.500000 -0.000000 0.866025 0.500000 -0.000000 0.965926 0.258819 -0.000000 0.965926 0.258819 -0.000000 1.000000 0.000000 -0.000000 1.000000 0.000000 -0.000000 0.965926 -0.258819 0.000000 0.965926 -0.258819 0.000000 0.866025 -0.500000 0.000000 0.866025 -0.500000 0.000000 0.707107 -0.707107 0.000000 0.707107 -0.707107 0.000000 0.500000 -0.866025 0.000000 0.500000 -0.866025 0.000000 0.000000 1.000000 -0.000000 0.000000 1.000000 -0.000000 0.000000 1.000000 -0.000000 0.000000 1.000000 -0.000000 -1.000000 0.000000 0.000000 -1.000000 0.000000 0.000000 -1.000000 0.000000 0.000000 -1.000000 0.000000 0.000000 -0.000000 -1.000000 0.000000 -0.000000 -1.000000 0.000000 -0.000000 -1.000000 0.000000 -0.000000 -1.000000 0.000000 1.000000 -0.000000 0.000000 1.000000 -0.000000 0.000000 1.000000 -0.000000 0.000000 1.000000 -0.000000 0.000000 0.258819 -0.965926 0.000000 0.258819 -0.965926 0.000000 0.000000 -1.000000 0.000000 0.000000 -1.000000 0.000000 -0.258819 -0.965926 0.000000 -0.258819 -0.965926 0.000000 -0.500000 -0.866025 0.000000 -0.500000 -0.866025 0.000000 -0.707107 -0.707107 0.000000 -0.707107 -0.707107 0.000000 -0.866025 -0.500000 0.000000 -0.866025 -0.500000 0.000000 -0.965926 -0.258819 0.000000 -0.965926 -0.258819 0.000000 -1.000000 0.000000 0.000000 -1.000000 0.000000 0.000000 -0.965926 0.258819 0.000000 -0.965926 0.258819 0.000000 -0.866025 0.500000 0.000000 -0.866025 0.500000 0.000000 -0.707107 0.707107 0.000000 -0.707107 0.707107 0.000000 -0.500000 0.866025 0.000000 -0.500000 0.866025 0.000000 -0.258819 0.965926 0.000000 -0.258819 0.965926 0.000000 -0.000000 1.000000 0.000000 -0.000000 1.000000 0.000000 0.258819 0.965926 -0.000000 0.258819 0.965926 -0.000000 0.500000 0.866025 -0.000000 0.500000 0.866025 -0.000000 0.707107 0.707107 -0.000000 0.707107 0.707107 -0.000000 0.866025 0.500000 -0.000000 0.866025 0.500000 -0.000000 0.965926 0.258819 -0.000000 0.965926 0.258819 -0.000000 1.000000 0.000000 -0.000000 1.000000 0.000000 -0.000000 0.965926 -0.258819 0.000000 0.965926 -0.258819 0.000000 0.866025 -0.500000 0.000000 0.866025 -0.500000 0.000000 0.707107 -0.707107 0.000000 0.707107 -0.707107 0.000000 0.500000 -0.866025 0.000000 0.500000 -0.866025 0.000000 0.258819 -0.965926 0.000000 0.258819 -0.965926 0.000000 0.000000 -1.000000 0.000000 0.000000 -1.000000 0.000000 -0.258819 -0.965926 0.000000 -0.258819 -0.965926 0.000000 -0.500000 -0.866025 0.000000 -0.500000 -0.866025 0.000000 -0.707107 -0.707107 0.000000 -0.707107 -0.707107 0.000000 -0.866025 -0.500000 0.000000 -0.866025 -0.500000 0.000000 -0.965926 -0.258819 0.000000 -0.965926 -0.258819 0.000000 -1.000000 0.000000 0.000000 -1.000000 0.000000 0.000000 -0.965926 0.258819 0.000000 -0.965926 0.258819 0.000000 -0.866025 0.500000 0.000000 -0.866025 0.500000 0.000000 -0.707107 0.707107 0.000000 -0.707107 0.707107 0.000000 -0.500000 0.866025 0.000000 -0.500000 0.866025 0.000000 -0.258819 0.965926 0.000000 -0.258819 0.965926 0.000000 -0.000000 1.000000 0.000000 -0.000000 1.000000 0.000000 0.258819 0.965926 -0.000000 0.258819 0.965926 -0.000000 0.500000 0.866025 -0.000000 0.500000 0.866025 -0.000000 0.707107 0.707107 -0.000000 0.707107 0.707107 -0.000000 0.866025 0.500000 -0.000000 0.866025 0.500000 -0.000000 0.965926 0.258819 -0.000000 0.965926 0.258819 -0.000000 1.000000 0.000000 -0.000000 1.000000 0.000000 -0.000000 0.965926 -0.258819 0.000000 0.965926 -0.258819 0.000000 0.866025 -0.500000 0.000000 0.866025 -0.500000 0.000000 0.707107 -0.707107 0.000000 0.707107 -0.707107 0.000000 0.500000 -0.866025 0.000000 0.500000 -0.866025 0.000000 0.258819 -0.965926 0.000000 0.258819 -0.965926 0.000000 0.000000 -1.000000 0.000000 0.000000 -1.000000 0.000000 -0.258819 -0.965926 0.000000 -0.258819 -0.965926 0.000000 -0.500000 -0.866025 0.000000 -0.500000 -0.866025 0.000000 -0.707107 -0.707107 0.000000 -0.707107 -0.707107 0.000000 -0.866025 -0.500000 0.000000 -0.866025 -0.500000 0.000000 -0.965926 -0.258819 0.000000 -0.965926 -0.258819 0.000000 -1.000000 0.000000 0.000000 -1.000000 0.000000 0.000000 -0.965926 0.258819 0.000000 -0.965926 0.258819 0.000000 -0.866025 0.500000 0.000000 -0.866025 0.500000 0.000000 -0.707107 0.707107 0.000000 -0.707107 0.707107 0.000000 -0.500000 0.866025 0.000000 -0.500000 0.866025 0.000000 -0.258819 0.965926 0.000000 -0.258819 0.965926 0.000000 -0.000000 1.000000 0.000000 -0.000000 1.000000 0.000000 0.258819 0.965926 -0.000000 0.258819 0.965926 -0.000000 0.500000 0.866025 -0.000000 0.500000 0.866025 -0.000000 0.707107 0.707107 -0.000000 0.707107 0.707107 -0.000000 0.866025 0.500000 -0.000000 0.866025 0.500000 -0.000000 0.965926 0.258819 -0.000000 0.965926 0.258819 -0.000000 1.000000 0.000000 -0.000000 1.000000 0.000000 -0.000000 0.965926 -0.258819 0.000000 0.965926 -0.258819 0.000000 0.866025 -0.500000 0.000000 0.866025 -0.500000 0.000000 0.707107 -0.707107 0.000000 0.707107 -0.707107 0.000000 0.500000 -0.866025 0.000000 0.500000 -0.866025 0.000000 -0.000000 -1.000000 0.000000 -0.000000 -1.000000 0.000000 -0.000000 -1.000000 0.000000 -0.000000 -1.000000 0.000000 -0.838140 -0.545455 0.000000 -0.838140 -0.545455 0.000000 -0.779883 -0.625926 0.000000 -0.779883 -0.625926 0.000000 -0.713928 -0.700219 0.000000 -0.713928 -0.700219 0.000000 -0.640927 -0.767602 0.000000 -0.640927 -0.767602 0.000000 -0.561601 -0.827408 0.000000 -0.561601 -0.827408 0.000000 -0.476731 -0.879049 0.000000 -0.476731 -0.879049 0.000000 -0.387157 -0.922014 0.000000 -0.387157 -0.922014 0.000000 -0.293761 -0.955879 0.000000 -0.293761 -0.955879 0.000000 -0.197467 -0.980310 0.000000 -0.197467 -0.980310 0.000000 -0.099223 -0.995065 0.000000 -0.099223 -0.995065 0.000000 -0.838140 0.545455 -0.000000 -0.838140 0.545455 -0.000000 -0.865583 0.500766 -0.000000 -0.865583 0.500766 -0.000000 -0.890645 0.454699 -0.000000 -0.890645 0.454699 -0.000000 -0.913257 0.407383 -0.000000 -0.913257 0.407383 -0.000000 -0.933358 0.358946 -0.000000 -0.933358 0.358946 -0.000000 -0.950892 0.309522 -0.000000 -0.950892 0.309522 -0.000000 -0.965811 0.259246 -0.000000 -0.965811 0.259246 -0.000000 -0.978074 0.208258 -0.000000 -0.978074 0.208258 -0.000000 -0.987647 0.156696 -0.000000 -0.987647 0.156696 -0.000000 -0.994503 0.104704 -0.000000 -0.994503 0.104704 -0.000000 -0.998625 0.052424 -0.000000 -0.998625 0.052424 -0.000000 -1.000000 0.000000 -0.000000 -1.000000 0.000000 -0.000000 -0.998625 -0.052424 0.000000 -0.998625 -0.052424 0.000000 -0.994503 -0.104704 0.000000 -0.994503 -0.104704 0.000000 -0.987647 -0.156696 0.000000 -0.987647 -0.156696 0.000000 -0.978074 -0.208258 0.000000 -0.978074 -0.208258 0.000000 -0.965811 -0.259246 0.000000 -0.965811 -0.259246 0.000000 -0.950892 -0.309522 0.000000 -0.950892 -0.309522 0.000000 -0.933358 -0.358946 0.000000 -0.933358 -0.358946 0.000000 -0.913257 -0.407383 0.000000 -0.913257 -0.407383 0.000000 -0.890645 -0.454699 0.000000 -0.890645 -0.454699 0.000000 -0.865583 -0.500766 0.000000 -0.865583 -0.500766 0.000000 -0.000000 1.000000 -0.000000 -0.000000 1.000000 -0.000000 -0.099223 0.995065 -0.000000 -0.099223 0.995065 -0.000000 -0.197467 0.980310 -0.000000 -0.197467 0.980310 -0.000000 -0.293761 0.955879 -0.000000 -0.293761 0.955879 -0.000000 -0.387157 0.922014 -0.000000 -0.387157 0.922014 -0.000000 -0.476731 0.879049 -0.000000 -0.476731 0.879049 -0.000000 -0.561601 0.827408 -0.000000 -0.561601 0.827408 -0.000000 -0.640927 0.767602 -0.000000 -0.640927 0.767602 -0.000000 -0.713928 0.700219 -0.000000 -0.713928 0.700219 -0.000000 -0.779883 0.625926 -0.000000 -0.779883 0.625926 -0.000000 0.000000 1.000000 -0.000000 0.000000 1.000000 -0.000000 0.838140 0.545455 -0.000000 0.838140 0.545455 -0.000000 0.779883 0.625926 -0.000000 0.779883 0.625926 -0.000000 0.713928 0.700219 -0.000000 0.713928 0.700219 -0.000000 0.640927 0.767602 -0.000000 0.640927 0.767602 -0.000000 0.561601 0.827408 -0.000000 0.561601 0.827408 -0.000000 0.476731 0.879049 -0.000000 0.476731 0.879049 -0.000000 0.387157 0.922014 -0.000000 0.387157 0.922014 -0.000000 0.293761 0.955879 -0.000000 0.293761 0.955879 -0.000000 0.197467 0.980310 -0.000000 0.197467 0.980310 -0.000000 0.099223 0.995065 -0.000000 0.099223 0.995065 -0.000000 0.838140 -0.545455 -0.000000 0.838140 -0.545455 -0.000000 0.865583 -0.500766 -0.000000 0.865583 -0.500766 -0.000000 0.890645 -0.454699 -0.000000 0.890645 -0.454699 -0.000000 0.913257 -0.407383 -0.000000 0.913257 -0.407383 -0.000000 0.933358 -0.358946 -0.000000 0.933358 -0.358946 -0.000000 0.950892 -0.309522 -0.000000 0.950892 -0.309522 -0.000000 0.965811 -0.259246 -0.000000 0.965811 -0.259246 -0.000000 0.978074 -0.208258 -0.000000 0.978074 -0.208258 -0.000000 0.987647 -0.156696 -0.000000 0.987647 -0.156696 -0.000000 0.994503 -0.104704 -0.000000 0.994503 -0.104704 -0.000000 0.998625 -0.052424 -0.000000 0.998625 -0.052424 -0.000000 1.000000 -0.000000 -0.000000 1.000000 -0.000000 -0.000000 0.998625 0.052424 -0.000000 0.998625 0.052424 -0.000000 0.994503 0.104704 -0.000000 0.994503 0.104704 -0.000000 0.987647 0.156696 -0.000000 0.987647 0.156696 -0.000000 0.978074 0.208258 -0.000000 0.978074 0.208258 -0.000000 0.965811 0.259246 -0.000000 0.965811 0.259246 -0.000000 0.950892 0.309522 -0.000000 0.950892 0.309522 -0.000000 0.933358 0.358946 -0.000000 0.933358 0.358946 -0.000000 0.913257 0.407383 -0.000000 0.913257 0.407383 -0.000000 0.890645 0.454699 -0.000000 0.890645 0.454699 -0.000000 0.865583 0.500766 -0.000000 0.865583 0.500766 -0.000000 0.099223 -0.995065 -0.000000 0.099223 -0.995065 -0.000000 0.197467 -0.980310 -0.000000 0.197467 -0.980310 -0.000000 0.293761 -0.955879 -0.000000 0.293761 -0.955879 -0.000000 0.387157 -0.922014 -0.000000 0.387157 -0.922014 -0.000000 0.476731 -0.879049 -0.000000 0.476731 -0.879049 -0.000000 0.561601 -0.827408 -0.000000 0.561601 -0.827408 -0.000000 0.640927 -0.767602 -0.000000 0.640927 -0.767602 -0.000000 0.713928 -0.700219 -0.000000 0.713928 -0.700219 -0.000000 0.779883 -0.625926 -0.000000 0.779883 -0.625926 -0.000000 0.000000 0.000000 1.000000 0.000000 0.000000 1.000000 0.000000 0.000000 1.000000 0.000000 0.000000 1.000000 0.000000 0.000000 1.000000 0.000000 0.000000 1.000000 0.000000 0.000000 1.000000 0.000000 0.000000 1.000000 0.000000 0.000000 1.000000 0.000000 0.000000 1.000000 0.000000 0.000000 1.000000 0.000000 0.000000 1.000000 0.000000 0.000000 1.000000 0.000000 0.000000 1.000000 0.000000 0.000000 1.000000 0.000000 0.000000 1.000000 0.000000 0.000000 1.000000 0.000000 0.000000 1.000000 0.000000 0.000000 1.000000 0.000000 0.000000 1.000000 0.000000 0.000000 1.000000 0.000000 0.000000 1.000000 0.000000 0.000000 1.000000 0.000000 0.000000 1.000000 0.000000 0.000000 1.000000 0.000000 0.000000 1.000000 0.000000 0.000000 1.000000 0.000000 0.000000 1.000000 0.000000 0.000000 1.000000 0.000000 0.000000 1.000000 0.000000 0.000000 1.000000 0.000000 0.000000 1.000000 0.000000 0.000000 1.000000 0.000000 0.000000 1.000000 0.000000 0.000000 1.000000 0.000000 0.000000 1.000000 0.000000 0.000000 1.000000 0.000000 0.000000 1.000000 0.000000 0.000000 1.000000 0.000000 0.000000 1.000000 0.000000 0.000000 1.000000 0.000000 0.000000 1.000000 0.000000 0.000000 1.000000 0.000000 0.000000 1.000000 0.000000 0.000000 1.000000 0.000000 0.000000 1.000000 0.000000 0.000000 1.000000 0.000000 0.000000 1.000000 0.000000 0.000000 1.000000 0.000000 0.000000 1.000000 0.000000 0.000000 1.000000 0.000000 0.000000 1.000000 0.000000 0.000000 1.000000 0.000000 0.000000 1.000000 0.000000 0.000000 1.000000 0.000000 0.000000 1.000000 0.000000 0.000000 1.000000 0.000000 0.000000 1.000000 0.000000 0.000000 1.000000 0.000000 0.000000 1.000000 0.000000 0.000000 1.000000 0.000000 0.000000 1.000000 0.000000 0.000000 1.000000 0.000000 0.000000 1.000000 0.000000 0.000000 1.000000 0.000000 0.000000 1.000000 0.000000 0.000000 1.000000 0.000000 0.000000 1.000000 0.000000 0.000000 1.000000 0.000000 0.000000 1.000000 0.000000 0.000000 1.000000 0.000000 0.000000 1.000000 0.000000 0.000000 1.000000 0.000000 0.000000 1.000000 0.000000 0.000000 1.000000 0.000000 0.000000 1.000000 0.000000 0.000000 1.000000 0.000000 0.000000 1.000000 0.000000 0.000000 1.000000 0.000000 0.000000 1.000000 0.000000 0.000000 1.000000 0.000000 0.000000 1.000000 0.000000 0.000000 1.000000 0.000000 0.000000 1.000000 0.000000 0.000000 1.000000 0.000000 0.000000 1.000000 0.000000 0.000000 1.000000 0.000000 0.000000 1.000000 0.000000 0.000000 1.000000 0.000000 0.000000 1.000000 0.000000 0.000000 1.000000 0.000000 0.000000 1.000000 0.000000 0.000000 1.000000 0.000000 0.000000 1.000000 0.000000 0.000000 1.000000 0.000000 0.000000 1.000000 0.000000 0.000000 1.000000 0.000000 0.000000 1.000000 0.000000 0.000000 1.000000 0.000000 0.000000 1.000000 0.000000 0.000000 1.000000 0.000000 0.000000 1.000000 0.000000 0.000000 1.000000 0.000000 0.000000 1.000000 0.000000 0.000000 1.000000 0.000000 0.000000 1.000000 0.000000 0.000000 1.000000 0.000000 0.000000 1.000000 0.000000 0.000000 1.000000 0.000000 0.000000 1.000000 0.000000 0.000000 1.000000 0.000000 0.000000 1.000000 0.000000 0.000000 1.000000 0.000000 0.000000 1.000000 0.000000 0.000000 1.000000 0.000000 0.000000 1.000000 0.000000 0.000000 1.000000 0.000000 0.000000 1.000000 0.000000 0.000000 1.000000 0.000000 0.000000 1.000000 0.000000 0.000000 1.000000 0.000000 0.000000 1.000000 0.000000 0.000000 1.000000 0.000000 0.000000 1.000000 0.000000 0.000000 1.000000 0.000000 0.000000 1.000000 0.000000 0.000000 1.000000 0.000000 0.000000 1.000000 0.000000 0.000000 1.000000 0.000000 0.000000 1.000000 0.000000 0.000000 1.000000 0.000000 0.000000 1.000000 0.000000 0.000000 1.000000 0.000000 0.000000 1.000000 0.000000 0.000000 1.000000 0.000000 0.000000 1.000000 0.000000 0.000000 1.000000 0.000000 0.000000 1.000000 0.000000 0.000000 1.000000 0.000000 0.000000 1.000000 0.000000 0.000000 1.000000 0.000000 0.000000 1.000000 0.000000 0.000000 1.000000 0.000000 0.000000 1.000000 0.000000 0.000000 1.000000 0.000000 0.000000 1.000000 0.000000 0.000000 1.000000 0.000000 0.000000 1.000000 0.000000 0.000000 1.000000 0.000000 0.000000 1.000000 0.000000 0.000000 1.000000 0.000000 0.000000 1.000000 0.000000 0.000000 1.000000 0.000000 0.000000 1.000000 0.000000 0.000000 1.000000 0.000000 0.000000 1.000000 0.000000 0.000000 1.000000 0.000000 0.000000 1.000000 0.000000 0.000000 1.000000 0.000000 0.000000 1.000000 0.000000 0.000000 1.000000 0.000000 0.000000 1.000000 0.000000 0.000000 1.000000 0.000000 0.000000 1.000000 0.000000 0.000000 1.000000 0.000000 0.000000 1.000000 0.000000 0.000000 1.000000 0.000000 0.000000 1.000000 0.000000 0.000000 1.000000 0.000000 0.000000 1.000000 0.000000 0.000000 1.000000 0.000000 0.000000 1.000000 0.000000 0.000000 1.000000 0.000000 0.000000 1.000000 0.000000 0.000000 1.000000 0.000000 0.000000 1.000000 0.000000 0.000000 1.000000 0.000000 0.000000 1.000000 0.000000 0.000000 1.000000 0.000000 0.000000 1.000000 0.000000 0.000000 1.000000 0.000000 0.000000 1.000000 0.000000 0.000000 1.000000 0.000000 0.000000 1.000000 0.000000 0.000000 1.000000 0.000000 0.000000 1.000000 0.000000 0.000000 1.000000 0.000000 0.000000 1.000000 0.000000 0.000000 1.000000 0.000000 0.000000 1.000000 0.000000 0.000000 1.000000 0.000000 0.000000 1.000000 0.000000 0.000000 1.000000 0.000000 0.000000 1.000000 0.000000 0.000000 1.000000 0.000000 0.000000 1.000000 0.000000 0.000000 1.000000 0.000000 0.000000 1.000000 0.000000 0.000000 1.000000 0.000000 0.000000 1.000000 0.000000 0.000000 1.000000 0.000000 0.000000 1.000000 0.000000 0.000000 1.000000 0.000000 0.000000 1.000000 0.000000 0.000000 1.000000 0.000000 0.000000 1.000000 0.000000 0.000000 1.000000 0.000000 0.000000 1.000000 0.000000 0.000000 1.000000 0.000000 0.000000 1.000000 0.000000 0.000000 1.000000 0.000000 0.000000 1.000000 0.000000 0.000000 1.000000 0.000000 0.000000 1.000000 0.000000 0.000000 1.000000 0.000000 0.000000 1.000000 0.000000 0.000000 1.000000 0.000000 0.000000 1.000000 0.000000 0.000000 1.000000 0.000000 0.000000 1.000000 0.000000 0.000000 1.000000 0.000000 0.000000 1.000000 0.000000 0.000000 1.000000 0.000000 0.000000 1.000000 0.000000 0.000000 1.000000 0.000000 0.000000 1.000000 0.000000 0.000000 1.000000 0.000000 0.000000 1.000000 0.000000 0.000000 1.000000 0.000000 0.000000 1.000000 0.000000 0.000000 1.000000 0.000000 0.000000 1.000000 0.000000 0.000000 1.000000 0.000000 0.000000 1.000000 0.000000 0.000000 1.000000 0.000000 0.000000 1.000000 0.000000 0.000000 1.000000 0.000000 0.000000 1.000000 0.000000 0.000000 1.000000 0.000000 0.000000 1.000000 0.000000 0.000000 1.000000 0.000000 0.000000 1.000000 0.000000 0.000000 1.000000 0.000000 0.000000 1.000000 0.000000 0.000000 1.000000 0.000000 0.000000 1.000000 0.000000 0.000000 1.000000 0.000000 0.000000 1.000000 0.000000 0.000000 1.000000 0.000000 0.000000 1.000000 0.000000 0.000000 1.000000 0.000000 0.000000 1.000000 0.000000 0.000000 1.000000 0.000000 0.000000 1.000000 0.000000 0.000000 1.000000 0.000000 0.000000 1.000000 0.000000 0.000000 1.000000 0.000000 0.000000 1.000000 0.000000 0.000000 1.000000 0.000000 0.000000 1.000000 0.000000 0.000000 1.000000 0.000000 0.000000 1.000000 0.000000 0.000000 1.000000 0.000000 0.000000 1.000000 0.000000 0.000000 1.000000 0.000000 0.000000 1.000000 0.000000 0.000000 1.000000 0.000000 0.000000 1.000000 0.000000 0.000000 1.000000 0.000000 0.000000 1.000000 0.000000 0.000000 1.000000 0.000000 0.000000 1.000000 0.000000 0.000000 1.000000 0.000000 0.000000 1.000000 0.000000 0.000000 1.000000 0.000000 0.000000 1.000000 0.000000 0.000000 1.000000 0.000000 0.000000 1.000000 0.000000 0.000000 1.000000 0.000000 0.000000 1.000000 0.000000 0.000000 1.000000 0.000000 0.000000 1.000000 0.000000 0.000000 1.000000 0.000000 0.000000 1.000000 0.000000 0.000000 1.000000 0.000000 0.000000 1.000000 0.000000 0.000000 1.000000 0.000000 0.000000 1.000000 0.000000 0.000000 1.000000 0.000000 0.000000 1.000000 0.000000 0.000000 1.000000 0.000000 0.000000 1.000000 0.000000 0.000000 1.000000 0.000000 0.000000 1.000000 0.000000 0.000000 1.000000 0.000000 0.000000 1.000000 0.000000 0.000000 1.000000 0.000000 0.000000 1.000000 0.000000 0.000000 1.000000 0.000000 0.000000 1.000000 0.000000 0.000000 1.000000 0.000000 0.000000 1.000000 0.000000 0.000000 1.000000 0.000000 0.000000 1.000000 0.000000 0.000000 1.000000 0.000000 0.000000 1.000000 0.000000 0.000000 1.000000 0.000000 0.000000 1.000000 0.000000 0.000000 1.000000 0.000000 0.000000 1.000000 0.000000 0.000000 1.000000 0.000000 0.000000 1.000000 0.000000 0.000000 1.000000 0.000000 0.000000 1.000000 0.000000 0.000000 1.000000 0.000000 0.000000 1.000000 0.000000 0.000000 1.000000 0.000000 0.000000 1.000000 0.000000 0.000000 1.000000 0.000000 0.000000 1.000000 0.000000 0.000000 1.000000 0.000000 0.000000 1.000000 0.000000 0.000000 1.000000 0.000000 0.000000 1.000000 0.000000 0.000000 1.000000 0.000000 0.000000 1.000000 0.000000 0.000000 1.000000 0.000000 0.000000 1.000000 0.000000 0.000000 1.000000 0.000000 0.000000 1.000000 0.000000 0.000000 1.000000 0.000000 0.000000 1.000000 0.000000 0.000000 1.000000 0.000000 0.000000 1.000000 0.000000 0.000000 1.000000 0.000000 0.000000 1.000000 0.000000 0.000000 1.000000 0.000000 0.000000 1.000000 0.000000 0.000000 1.000000 0.000000 0.000000 1.000000 0.000000 0.000000 1.000000 0.000000 0.000000 1.000000 0.000000 0.000000 1.000000 0.000000 0.000000 1.000000 0.000000 0.000000 1.000000 0.000000 0.000000 1.000000 0.000000 0.000000 1.000000 0.000000 0.000000 1.000000 0.000000 0.000000 1.000000 0.000000 0.000000 1.000000 0.000000 0.000000 1.000000 0.000000 0.000000 1.000000 0.000000 0.000000 1.000000 0.000000 0.000000 1.000000 0.000000 0.000000 1.000000 0.000000 0.000000 1.000000 0.000000 0.000000 1.000000 0.000000 0.000000 1.000000 0.000000 0.000000 1.000000 0.000000 0.000000 1.000000 0.000000 0.000000 1.000000 0.000000 0.000000 1.000000 0.000000 0.000000 1.000000 0.000000 0.000000 1.000000 0.000000 0.000000 1.000000 0.000000 0.000000 1.000000 0.000000 0.000000 1.000000 0.000000 0.000000 1.000000 0.000000 0.000000 1.000000 0.000000 0.000000 1.000000 0.000000 0.000000 1.000000 0.000000 0.000000 1.000000 0.000000 0.000000 1.000000 0.000000 0.000000 1.000000 0.000000 0.000000 1.000000 0.000000 0.000000 1.000000 0.000000 0.000000 1.000000 0.000000 0.000000 1.000000 0.000000 0.000000 1.000000 0.000000 0.000000 1.000000 0.000000 0.000000 1.000000 0.000000 0.000000 1.000000 0.000000 0.000000 1.000000 0.000000 0.000000 1.000000 0.000000 0.000000 1.000000 0.000000 0.000000 1.000000 0.000000 0.000000 1.000000 0.000000 0.000000 1.000000 0.000000 0.000000 1.000000 0.000000 0.000000 1.000000 0.000000 0.000000 1.000000 0.000000 0.000000 1.000000 0.000000 0.000000 1.000000 0.000000 0.000000 1.000000 0.000000 0.000000 1.000000 0.000000 0.000000 1.000000 0.000000 0.000000 1.000000 0.000000 0.000000 1.000000 0.000000 0.000000 1.000000 0.000000 0.000000 1.000000 0.000000 0.000000 1.000000 0.000000 0.000000 1.000000 0.000000 0.000000 1.000000 0.000000 0.000000 1.000000 0.000000 0.000000 1.000000 0.000000 0.000000 1.000000 0.000000 0.000000 1.000000 0.000000 0.000000 1.000000 0.000000 0.000000 1.000000 0.000000 0.000000 1.000000 0.000000 0.000000 1.000000 0.000000 0.000000 1.000000 0.000000 0.000000 1.000000 0.000000 0.000000 1.000000 0.000000 0.000000 1.000000 0.000000 0.000000 1.000000 0.000000 0.000000 1.000000 0.000000 0.000000 1.000000 0.000000 0.000000 1.000000 0.000000 0.000000 1.000000 0.000000 0.000000 1.000000 0.000000 0.000000 1.000000 0.000000 0.000000 1.000000 0.000000 0.000000 1.000000 0.000000 0.000000 1.000000 0.000000 0.000000 1.000000 0.000000 0.000000 1.000000 0.000000 0.000000 1.000000 0.000000 0.000000 1.000000 0.000000 0.000000 1.000000 0.000000 0.000000 1.000000 0.000000 0.000000 1.000000 0.000000 0.000000 1.000000 0.000000 0.000000 1.000000 0.000000 0.000000 1.000000 0.000000 0.000000 1.000000 0.000000 0.000000 1.000000 0.000000 0.000000 1.000000 0.000000 0.000000 1.000000 0.000000 0.000000 1.000000 0.000000 0.000000 1.000000 0.000000 0.000000 1.000000 0.000000 0.000000 1.000000 0.000000 0.000000 1.000000 0.000000 0.000000 1.000000 0.000000 0.000000 1.000000 0.000000 0.000000 1.000000 0.000000 0.000000 1.000000 0.000000 0.000000 1.000000 0.000000 0.000000 1.000000 0.000000 0.000000 1.000000 0.000000 0.000000 1.000000 0.000000 0.000000 1.000000 0.000000 0.000000 1.000000 0.000000 0.000000 1.000000 0.000000 0.000000 1.000000 0.000000 0.000000 1.000000 0.000000 0.000000 1.000000 0.000000 0.000000 1.000000 0.000000 0.000000 1.000000 0.000000 0.000000 1.000000 0.000000 0.000000 1.000000 0.000000 0.000000 1.000000 0.000000 0.000000 1.000000 0.000000 0.000000 1.000000 0.000000 0.000000 1.000000 0.000000 0.000000 1.000000 0.000000 0.000000 1.000000 0.000000 0.000000 1.000000 0.000000 0.000000 1.000000 0.000000 0.000000 1.000000 0.000000 0.000000 1.000000 0.000000 0.000000 1.000000 0.000000 0.000000 1.000000 0.000000 0.000000 1.000000 0.000000 0.000000 1.000000 0.000000 0.000000 1.000000 0.000000 0.000000 1.000000 0.000000 0.000000 1.000000 0.000000 0.000000 1.000000 0.000000 0.000000 1.000000 0.000000 0.000000 1.000000 0.000000 0.000000 1.000000 0.000000 0.000000 1.000000 0.000000 0.000000 1.000000 0.000000 0.000000 1.000000 0.000000 0.000000 1.000000 0.000000 0.000000 1.000000 0.000000 0.000000 1.000000 0.000000 0.000000 1.000000 0.000000 0.000000 1.000000 0.000000 0.000000 1.000000 0.000000 0.000000 1.000000 0.000000 0.000000 1.000000 0.000000 0.000000 1.000000 0.000000 0.000000 1.000000 0.000000 0.000000 1.000000 0.000000 0.000000 1.000000 0.000000 0.000000 1.000000 0.000000 0.000000 1.000000 0.000000 0.000000 1.000000 0.000000 0.000000 1.000000 0.000000 0.000000 1.000000 0.000000 0.000000 1.000000 0.000000 0.000000 1.000000 0.000000 0.000000 1.000000 0.000000 0.000000 1.000000 0.000000 0.000000 1.000000 0.000000 0.000000 1.000000 0.000000 0.000000 1.000000 0.000000 0.000000 1.000000 0.000000 0.000000 1.000000 0.000000 0.000000 1.000000 0.000000 0.000000 1.000000 0.000000 0.000000 1.000000 0.000000 0.000000 1.000000 0.000000 0.000000 1.000000 0.000000 0.000000 1.000000 0.000000 0.000000 1.000000 0.000000 0.000000 1.000000 0.000000 0.000000 1.000000 0.000000 0.000000 1.000000 0.000000 0.000000 1.000000 0.000000 0.000000 1.000000 0.000000 0.000000 1.000000 0.000000 0.000000 1.000000 0.000000 0.000000 1.000000 0.000000 0.000000 1.000000 0.000000 0.000000 1.000000 0.000000 0.000000 1.000000 0.000000 0.000000 1.000000 0.000000 0.000000 1.000000 0.000000 0.000000 1.000000 0.000000 0.000000 1.000000 0.000000 0.000000 1.000000 0.000000 0.000000 1.000000 0.000000 0.000000 1.000000 0.000000 0.000000 1.000000 0.000000 0.000000 1.000000 0.000000 0.000000 1.000000 0.000000 0.000000 1.000000 0.000000 0.000000 1.000000 0.000000 0.000000 1.000000 0.000000 0.000000 1.000000 0.000000 0.000000 1.000000 0.000000 0.000000 1.000000 0.000000 0.000000 1.000000 0.000000 0.000000 1.000000 0.000000 0.000000 1.000000 0.000000 0.000000 1.000000 0.000000 0.000000 1.000000 0.000000 0.000000 1.000000 0.000000 0.000000 1.000000 0.000000 0.000000 1.000000 0.000000 0.000000 1.000000 0.000000 0.000000 1.000000 0.000000 0.000000 1.000000 0.000000 0.000000 1.000000 0.000000 0.000000 1.000000 0.000000 0.000000 1.000000 0.000000 0.000000 1.000000 0.000000 0.000000 1.000000 0.000000 0.000000 1.000000 0.000000 0.000000 1.000000 0.000000 0.000000 1.000000 0.000000 0.000000 1.000000 0.000000 0.000000 1.000000 0.000000 0.000000 1.000000 0.000000 0.000000 1.000000 0.000000 0.000000 1.000000 0.000000 0.000000 1.000000 0.000000 0.000000 1.000000 0.000000 0.000000 1.000000 0.000000 0.000000 1.000000 0.000000 0.000000 1.000000 0.000000 0.000000 1.000000 0.000000 0.000000 1.000000 0.000000 0.000000 1.000000 0.000000 0.000000 1.000000 0.000000 0.000000 1.000000 0.000000 0.000000 1.000000 0.000000 0.000000 1.000000 0.000000 0.000000 1.000000 0.000000 0.000000 1.000000 0.000000 0.000000 1.000000 0.000000 0.000000 1.000000 0.000000 0.000000 1.000000 0.000000 0.000000 1.000000 0.000000 0.000000 1.000000 0.000000 0.000000 1.000000 0.000000 0.000000 1.000000 0.000000 0.000000 1.000000 0.000000 0.000000 1.000000 0.000000 0.000000 1.000000 0.000000 0.000000 1.000000 0.000000 0.000000 1.000000 0.000000 0.000000 1.000000 0.000000 0.000000 1.000000 0.000000 0.000000 1.000000 0.000000 0.000000 1.000000 0.000000 0.000000 1.000000 0.000000 0.000000 1.000000 0.000000 0.000000 1.000000 0.000000 0.000000 1.000000 0.000000 0.000000 1.000000 0.000000 0.000000 1.000000 0.000000 0.000000 1.000000 0.000000 0.000000 1.000000 0.000000 0.000000 1.000000 0.000000 0.000000 1.000000 0.000000 0.000000 1.000000 0.000000 0.000000 1.000000 0.000000 0.000000 1.000000 0.000000 0.000000 1.000000 0.000000 0.000000 1.000000 0.000000 0.000000 1.000000 0.000000 0.000000 1.000000 0.000000 0.000000 1.000000 0.000000 0.000000 1.000000 0.000000 0.000000 1.000000 0.000000 0.000000 1.000000 0.000000 0.000000 1.000000 0.000000 0.000000 1.000000 0.000000 0.000000 1.000000 0.000000 0.000000 1.000000 0.000000 0.000000 1.000000 0.000000 0.000000 1.000000 0.000000 0.000000 1.000000 0.000000 0.000000 1.000000 0.000000 0.000000 1.000000 0.000000 0.000000 1.000000 0.000000 0.000000 1.000000 0.000000 0.000000 1.000000 0.000000 0.000000 1.000000 0.000000 0.000000 1.000000 0.000000 0.000000 1.000000 0.000000 0.000000 1.000000 0.000000 0.000000 1.000000 0.000000 0.000000 1.000000 0.000000 0.000000 1.000000 0.000000 0.000000 1.000000 0.000000 0.000000 1.000000 0.000000 0.000000 1.000000 0.000000 0.000000 1.000000 0.000000 0.000000 1.000000 0.000000 0.000000 1.000000 0.000000 0.000000 1.000000 0.000000 0.000000 1.000000 0.000000 0.000000 1.000000 0.000000 0.000000 1.000000 0.000000 0.000000 1.000000 0.000000 0.000000 1.000000 0.000000 0.000000 1.000000 0.000000 0.000000 1.000000 0.000000 0.000000 1.000000 0.000000 0.000000 1.000000 0.000000 0.000000 1.000000 0.000000 0.000000 1.000000 0.000000 0.000000 1.000000 0.000000 0.000000 1.000000 0.000000 0.000000 1.000000 0.000000 0.000000 1.000000 0.000000 0.000000 1.000000 0.000000 0.000000 1.000000 0.000000 0.000000 1.000000 0.000000 0.000000 1.000000 0.000000 0.000000 1.000000 0.000000 0.000000 1.000000 0.000000 0.000000 1.000000 0.000000 0.000000 1.000000 0.000000 0.000000 1.000000 0.000000 0.000000 1.000000 0.000000 0.000000 1.000000 0.000000 0.000000 1.000000 0.000000 0.000000 1.000000 0.000000 0.000000 1.000000 0.000000 0.000000 1.000000 0.000000 0.000000 1.000000 0.000000 0.000000 1.000000 0.000000 0.000000 1.000000 0.000000 0.000000 1.000000 0.000000 0.000000 1.000000 0.000000 0.000000 1.000000 0.000000 0.000000 1.000000 0.000000 0.000000 1.000000 0.000000 0.000000 1.000000 0.000000 0.000000 1.000000 0.000000 0.000000 1.000000 0.000000 0.000000 1.000000 0.000000 0.000000 1.000000 0.000000 0.000000 1.000000 0.000000 0.000000 1.000000 0.000000 0.000000 1.000000 0.000000 0.000000 1.000000 0.000000 0.000000 1.000000 0.000000 0.000000 1.000000 0.000000 0.000000 1.000000 0.000000 0.000000 1.000000 0.000000 0.000000 1.000000 0.000000 0.000000 1.000000 0.000000 0.000000 1.000000 0.000000 0.000000 1.000000 0.000000 0.000000 1.000000 0.000000 0.000000 1.000000 0.000000 0.000000 1.000000 0.000000 0.000000 1.000000 0.000000 0.000000 1.000000 0.000000 0.000000 1.000000 0.000000 0.000000 1.000000 0.000000 0.000000 1.000000 0.000000 0.000000 1.000000 0.000000 0.000000 1.000000 0.000000 0.000000 1.000000 0.000000 0.000000 1.000000 0.000000 0.000000 1.000000 0.000000 0.000000 1.000000 0.000000 0.000000 1.000000 0.000000 0.000000 1.000000 0.000000 0.000000 1.000000 0.000000 0.000000 1.000000 0.000000 0.000000 1.000000 0.000000 0.000000 1.000000 0.000000 0.000000 1.000000 0.000000 0.000000 1.000000 0.000000 0.000000 1.000000 0.000000 0.000000 1.000000 0.000000 0.000000 1.000000 0.000000 0.000000 1.000000 0.000000 0.000000 1.000000 0.000000 0.000000 1.000000 0.000000 0.000000 1.000000 0.000000 0.000000 1.000000 0.000000 0.000000 1.000000 0.000000 0.000000 1.000000 0.000000 0.000000 1.000000 0.000000 0.000000 1.000000 0.000000 0.000000 1.000000 0.000000 0.000000 1.000000 0.000000 0.000000 1.000000 0.000000 0.000000 1.000000 0.000000 0.000000 1.000000 0.000000 0.000000 1.000000 0.000000 0.000000 1.000000 0.000000 0.000000 1.000000 0.000000 0.000000 1.000000 0.000000 0.000000 1.000000 0.000000 0.000000 1.000000 0.000000 0.000000 1.000000 0.000000 0.000000 1.000000 0.000000 0.000000 1.000000 0.000000 0.000000 1.000000 0.000000 0.000000 1.000000 0.000000 0.000000 1.000000 0.000000 0.000000 1.000000 0.000000 0.000000 1.000000 0.000000 0.000000 1.000000 0.000000 0.000000 1.000000 0.000000 0.000000 1.000000 0.000000 0.000000 1.000000 0.000000 0.000000 1.000000 0.000000 0.000000 1.000000 0.000000 0.000000 1.000000 0.000000 0.000000 1.000000 0.000000 0.000000 1.000000 0.000000 0.000000 1.000000 0.000000 0.000000 1.000000 0.000000 0.000000 1.000000 0.000000 0.000000 1.000000 0.000000 0.000000 1.000000 0.000000 0.000000 1.000000 0.000000 0.000000 1.000000 0.000000 0.000000 1.000000 0.000000 0.000000 1.000000 0.000000 0.000000 1.000000 0.000000 0.000000 1.000000 0.000000 0.000000 1.000000 0.000000 0.000000 1.000000 0.000000 0.000000 1.000000 0.000000 0.000000 1.000000 0.000000 0.000000 1.000000 0.000000 0.000000 1.000000 0.000000 0.000000 1.000000 0.000000 0.000000 1.000000 0.000000 0.000000 1.000000 0.000000 0.000000 1.000000 0.000000 0.000000 1.000000 0.000000 0.000000 1.000000 0.000000 0.000000 1.000000 0.000000 0.000000 1.000000 0.000000 0.000000 1.000000 0.000000 0.000000 1.000000 0.000000 0.000000 1.000000 0.000000 0.000000 1.000000 0.000000 0.000000 1.000000 0.000000 0.000000 1.000000 0.000000 0.000000 1.000000 0.000000 0.000000 1.000000 0.000000 0.000000 1.000000 0.000000 0.000000 1.000000 0.000000 0.000000 1.000000 0.000000 0.000000 1.000000 0.000000 0.000000 1.000000 0.000000 0.000000 1.000000 0.000000 0.000000 1.000000 0.000000 0.000000 1.000000 0.000000 0.000000 1.000000 0.000000 0.000000 1.000000 0.000000 0.000000 1.000000 0.000000 0.000000 1.000000 0.000000 0.000000 1.000000 0.000000 0.000000 1.000000 0.000000 0.000000 1.000000 0.000000 0.000000 1.000000 0.000000 0.000000 1.000000 0.000000 0.000000 1.000000 0.000000 0.000000 1.000000 0.000000 0.000000 1.000000 0.000000 0.000000 1.000000 0.000000 0.000000 1.000000 0.000000 0.000000 1.000000 0.000000 0.000000 1.000000 0.000000 0.000000 1.000000 0.000000 0.000000 1.000000 0.000000 0.000000 1.000000 0.000000 0.000000 1.000000 0.000000 0.000000 1.000000 0.000000 0.000000 1.000000 0.000000 0.000000 1.000000 0.000000 0.000000 1.000000 0.000000 0.000000 1.000000 0.000000 0.000000 1.000000 0.000000 0.000000 1.000000 0.000000 0.000000 1.000000 0.000000 0.000000 1.000000 0.000000 0.000000 1.000000 0.000000 0.000000 1.000000 0.000000 0.000000 1.000000 0.000000 0.000000 1.000000 0.000000 0.000000 1.000000 0.000000 0.000000 1.000000 0.000000 0.000000 1.000000 0.000000 0.000000 1.000000 0.000000 0.000000 1.000000 0.000000 0.000000 1.000000 0.000000 0.000000 1.000000 0.000000 0.000000 1.000000 -0.000000 0.000000 -1.000000 -0.000000 0.000000 -1.000000 -0.000000 0.000000 -1.000000 -0.000000 0.000000 -1.000000 -0.000000 0.000000 -1.000000 -0.000000 0.000000 -1.000000 -0.000000 0.000000 -1.000000 -0.000000 0.000000 -1.000000 -0.000000 0.000000 -1.000000 -0.000000 0.000000 -1.000000 -0.000000 0.000000 -1.000000 -0.000000 0.000000 -1.000000 -0.000000 0.000000 -1.000000 -0.000000 0.000000 -1.000000 -0.000000 0.000000 -1.000000 -0.000000 0.000000 -1.000000 -0.000000 0.000000 -1.000000 -0.000000 0.000000 -1.000000 -0.000000 0.000000 -1.000000 -0.000000 0.000000 -1.000000 -0.000000 0.000000 -1.000000 -0.000000 0.000000 -1.000000 -0.000000 0.000000 -1.000000 -0.000000 0.000000 -1.000000 -0.000000 0.000000 -1.000000 -0.000000 0.000000 -1.000000 -0.000000 0.000000 -1.000000 -0.000000 0.000000 -1.000000 -0.000000 0.000000 -1.000000 -0.000000 0.000000 -1.000000 -0.000000 0.000000 -1.000000 -0.000000 0.000000 -1.000000 -0.000000 0.000000 -1.000000 -0.000000 0.000000 -1.000000 -0.000000 0.000000 -1.000000 -0.000000 0.000000 -1.000000 -0.000000 0.000000 -1.000000 -0.000000 0.000000 -1.000000 -0.000000 0.000000 -1.000000 -0.000000 0.000000 -1.000000 -0.000000 0.000000 -1.000000 -0.000000 0.000000 -1.000000 -0.000000 0.000000 -1.000000 -0.000000 0.000000 -1.000000 -0.000000 0.000000 -1.000000 -0.000000 0.000000 -1.000000 -0.000000 0.000000 -1.000000 -0.000000 0.000000 -1.000000 -0.000000 0.000000 -1.000000 -0.000000 0.000000 -1.000000 -0.000000 0.000000 -1.000000 -0.000000 0.000000 -1.000000 -0.000000 0.000000 -1.000000 -0.000000 0.000000 -1.000000 -0.000000 0.000000 -1.000000 -0.000000 0.000000 -1.000000 -0.000000 0.000000 -1.000000 -0.000000 0.000000 -1.000000 -0.000000 0.000000 -1.000000 -0.000000 0.000000 -1.000000 -0.000000 0.000000 -1.000000 -0.000000 0.000000 -1.000000 -0.000000 0.000000 -1.000000 -0.000000 0.000000 -1.000000 -0.000000 0.000000 -1.000000 -0.000000 0.000000 -1.000000 -0.000000 0.000000 -1.000000 -0.000000 0.000000 -1.000000 -0.000000 0.000000 -1.000000 -0.000000 0.000000 -1.000000 -0.000000 0.000000 -1.000000 -0.000000 0.000000 -1.000000 -0.000000 0.000000 -1.000000 -0.000000 0.000000 -1.000000 -0.000000 0.000000 -1.000000 -0.000000 0.000000 -1.000000 -0.000000 0.000000 -1.000000 -0.000000 0.000000 -1.000000 -0.000000 0.000000 -1.000000 -0.000000 0.000000 -1.000000 -0.000000 0.000000 -1.000000 -0.000000 0.000000 -1.000000 -0.000000 0.000000 -1.000000 -0.000000 0.000000 -1.000000 -0.000000 0.000000 -1.000000 -0.000000 0.000000 -1.000000 -0.000000 0.000000 -1.000000 -0.000000 0.000000 -1.000000 -0.000000 0.000000 -1.000000 -0.000000 0.000000 -1.000000 -0.000000 0.000000 -1.000000 -0.000000 0.000000 -1.000000 -0.000000 0.000000 -1.000000 -0.000000 0.000000 -1.000000 -0.000000 0.000000 -1.000000 -0.000000 0.000000 -1.000000 -0.000000 0.000000 -1.000000 -0.000000 0.000000 -1.000000 -0.000000 0.000000 -1.000000 -0.000000 0.000000 -1.000000 -0.000000 0.000000 -1.000000 -0.000000 0.000000 -1.000000 -0.000000 0.000000 -1.000000 -0.000000 0.000000 -1.000000 -0.000000 0.000000 -1.000000 -0.000000 0.000000 -1.000000 -0.000000 0.000000 -1.000000 -0.000000 0.000000 -1.000000 -0.000000 0.000000 -1.000000 -0.000000 0.000000 -1.000000 -0.000000 0.000000 -1.000000 -0.000000 0.000000 -1.000000 -0.000000 0.000000 -1.000000 -0.000000 0.000000 -1.000000 -0.000000 0.000000 -1.000000 -0.000000 0.000000 -1.000000 -0.000000 0.000000 -1.000000 -0.000000 0.000000 -1.000000 -0.000000 0.000000 -1.000000 -0.000000 0.000000 -1.000000 -0.000000 0.000000 -1.000000 -0.000000 0.000000 -1.000000 -0.000000 0.000000 -1.000000 -0.000000 0.000000 -1.000000 -0.000000 0.000000 -1.000000 -0.000000 0.000000 -1.000000 -0.000000 0.000000 -1.000000 -0.000000 0.000000 -1.000000 -0.000000 0.000000 -1.000000 -0.000000 0.000000 -1.000000 -0.000000 0.000000 -1.000000 -0.000000 0.000000 -1.000000 -0.000000 0.000000 -1.000000 -0.000000 0.000000 -1.000000 -0.000000 0.000000 -1.000000 -0.000000 0.000000 -1.000000 -0.000000 0.000000 -1.000000 -0.000000 0.000000 -1.000000 -0.000000 0.000000 -1.000000 -0.000000 0.000000 -1.000000 -0.000000 0.000000 -1.000000 -0.000000 0.000000 -1.000000 -0.000000 0.000000 -1.000000 -0.000000 0.000000 -1.000000 -0.000000 0.000000 -1.000000 -0.000000 0.000000 -1.000000 -0.000000 0.000000 -1.000000 -0.000000 0.000000 -1.000000 -0.000000 0.000000 -1.000000 -0.000000 0.000000 -1.000000 -0.000000 0.000000 -1.000000 -0.000000 0.000000 -1.000000 -0.000000 0.000000 -1.000000 -0.000000 0.000000 -1.000000 -0.000000 0.000000 -1.000000 -0.000000 0.000000 -1.000000 -0.000000 0.000000 -1.000000 -0.000000 0.000000 -1.000000 -0.000000 0.000000 -1.000000 -0.000000 0.000000 -1.000000 -0.000000 0.000000 -1.000000 -0.000000 0.000000 -1.000000 -0.000000 0.000000 -1.000000 -0.000000 0.000000 -1.000000 -0.000000 0.000000 -1.000000 -0.000000 0.000000 -1.000000 -0.000000 0.000000 -1.000000 -0.000000 0.000000 -1.000000 -0.000000 0.000000 -1.000000 -0.000000 0.000000 -1.000000 -0.000000 0.000000 -1.000000 -0.000000 0.000000 -1.000000 -0.000000 0.000000 -1.000000 -0.000000 0.000000 -1.000000 -0.000000 0.000000 -1.000000 -0.000000 0.000000 -1.000000 -0.000000 0.000000 -1.000000 -0.000000 0.000000 -1.000000 -0.000000 0.000000 -1.000000 -0.000000 0.000000 -1.000000 -0.000000 0.000000 -1.000000 -0.000000 0.000000 -1.000000 -0.000000 0.000000 -1.000000 -0.000000 0.000000 -1.000000 -0.000000 0.000000 -1.000000 -0.000000 0.000000 -1.000000 -0.000000 0.000000 -1.000000 -0.000000 0.000000 -1.000000 -0.000000 0.000000 -1.000000 -0.000000 0.000000 -1.000000 -0.000000 0.000000 -1.000000 -0.000000 0.000000 -1.000000 -0.000000 0.000000 -1.000000 -0.000000 0.000000 -1.000000 -0.000000 0.000000 -1.000000 -0.000000 0.000000 -1.000000 -0.000000 0.000000 -1.000000 -0.000000 0.000000 -1.000000 -0.000000 0.000000 -1.000000 -0.000000 0.000000 -1.000000 -0.000000 0.000000 -1.000000 -0.000000 0.000000 -1.000000 -0.000000 0.000000 -1.000000 -0.000000 0.000000 -1.000000 -0.000000 0.000000 -1.000000 -0.000000 0.000000 -1.000000 -0.000000 0.000000 -1.000000 -0.000000 0.000000 -1.000000 -0.000000 0.000000 -1.000000 -0.000000 0.000000 -1.000000 -0.000000 0.000000 -1.000000 -0.000000 0.000000 -1.000000 -0.000000 0.000000 -1.000000 -0.000000 0.000000 -1.000000 -0.000000 0.000000 -1.000000 -0.000000 0.000000 -1.000000 -0.000000 0.000000 -1.000000 -0.000000 0.000000 -1.000000 -0.000000 0.000000 -1.000000 -0.000000 0.000000 -1.000000 -0.000000 0.000000 -1.000000 -0.000000 0.000000 -1.000000 -0.000000 0.000000 -1.000000 -0.000000 0.000000 -1.000000 -0.000000 0.000000 -1.000000 -0.000000 0.000000 -1.000000 -0.000000 0.000000 -1.000000 -0.000000 0.000000 -1.000000 -0.000000 0.000000 -1.000000 -0.000000 0.000000 -1.000000 -0.000000 0.000000 -1.000000 -0.000000 0.000000 -1.000000 -0.000000 0.000000 -1.000000 -0.000000 0.000000 -1.000000 -0.000000 0.000000 -1.000000 -0.000000 0.000000 -1.000000 -0.000000 0.000000 -1.000000 -0.000000 0.000000 -1.000000 -0.000000 0.000000 -1.000000 -0.000000 0.000000 -1.000000 -0.000000 0.000000 -1.000000 -0.000000 0.000000 -1.000000 -0.000000 0.000000 -1.000000 -0.000000 0.000000 -1.000000 -0.000000 0.000000 -1.000000 -0.000000 0.000000 -1.000000 -0.000000 0.000000 -1.000000 -0.000000 0.000000 -1.000000 -0.000000 0.000000 -1.000000 -0.000000 0.000000 -1.000000 -0.000000 0.000000 -1.000000 -0.000000 0.000000 -1.000000 -0.000000 0.000000 -1.000000 -0.000000 0.000000 -1.000000 -0.000000 0.000000 -1.000000 -0.000000 0.000000 -1.000000 -0.000000 0.000000 -1.000000 -0.000000 0.000000 -1.000000 -0.000000 0.000000 -1.000000 -0.000000 0.000000 -1.000000 -0.000000 0.000000 -1.000000 -0.000000 0.000000 -1.000000 -0.000000 0.000000 -1.000000 -0.000000 0.000000 -1.000000 -0.000000 0.000000 -1.000000 -0.000000 0.000000 -1.000000 -0.000000 0.000000 -1.000000 -0.000000 0.000000 -1.000000 -0.000000 0.000000 -1.000000 -0.000000 0.000000 -1.000000 -0.000000 0.000000 -1.000000 -0.000000 0.000000 -1.000000 -0.000000 0.000000 -1.000000 -0.000000 0.000000 -1.000000 -0.000000 0.000000 -1.000000 -0.000000 0.000000 -1.000000 -0.000000 0.000000 -1.000000 -0.000000 0.000000 -1.000000 -0.000000 0.000000 -1.000000 -0.000000 0.000000 -1.000000 -0.000000 0.000000 -1.000000 -0.000000 0.000000 -1.000000 -0.000000 0.000000 -1.000000 -0.000000 0.000000 -1.000000 -0.000000 0.000000 -1.000000 -0.000000 0.000000 -1.000000 -0.000000 0.000000 -1.000000 -0.000000 0.000000 -1.000000 -0.000000 0.000000 -1.000000 -0.000000 0.000000 -1.000000 -0.000000 0.000000 -1.000000 -0.000000 0.000000 -1.000000 -0.000000 0.000000 -1.000000 -0.000000 0.000000 -1.000000 -0.000000 0.000000 -1.000000 -0.000000 0.000000 -1.000000 -0.000000 0.000000 -1.000000 -0.000000 0.000000 -1.000000 -0.000000 0.000000 -1.000000 -0.000000 0.000000 -1.000000 -0.000000 0.000000 -1.000000 -0.000000 0.000000 -1.000000 -0.000000 0.000000 -1.000000 -0.000000 0.000000 -1.000000 -0.000000 0.000000 -1.000000 -0.000000 0.000000 -1.000000 -0.000000 0.000000 -1.000000 -0.000000 0.000000 -1.000000 -0.000000 0.000000 -1.000000 -0.000000 0.000000 -1.000000 -0.000000 0.000000 -1.000000 -0.000000 0.000000 -1.000000 -0.000000 0.000000 -1.000000 -0.000000 0.000000 -1.000000 -0.000000 0.000000 -1.000000 -0.000000 0.000000 -1.000000 -0.000000 0.000000 -1.000000 -0.000000 0.000000 -1.000000 -0.000000 0.000000 -1.000000 -0.000000 0.000000 -1.000000 -0.000000 0.000000 -1.000000 -0.000000 0.000000 -1.000000 -0.000000 0.000000 -1.000000 -0.000000 0.000000 -1.000000 -0.000000 0.000000 -1.000000 -0.000000 0.000000 -1.000000 -0.000000 0.000000 -1.000000 -0.000000 0.000000 -1.000000 -0.000000 0.000000 -1.000000 -0.000000 0.000000 -1.000000 -0.000000 0.000000 -1.000000 -0.000000 0.000000 -1.000000 -0.000000 0.000000 -1.000000 -0.000000 0.000000 -1.000000 -0.000000 0.000000 -1.000000 -0.000000 0.000000 -1.000000 -0.000000 0.000000 -1.000000 -0.000000 0.000000 -1.000000 -0.000000 0.000000 -1.000000 -0.000000 0.000000 -1.000000 -0.000000 0.000000 -1.000000 -0.000000 0.000000 -1.000000 -0.000000 0.000000 -1.000000 -0.000000 0.000000 -1.000000 -0.000000 0.000000 -1.000000 -0.000000 0.000000 -1.000000 -0.000000 0.000000 -1.000000 -0.000000 0.000000 -1.000000 -0.000000 0.000000 -1.000000 -0.000000 0.000000 -1.000000 -0.000000 0.000000 -1.000000 -0.000000 0.000000 -1.000000 -0.000000 0.000000 -1.000000 -0.000000 0.000000 -1.000000 -0.000000 0.000000 -1.000000 -0.000000 0.000000 -1.000000 -0.000000 0.000000 -1.000000 -0.000000 0.000000 -1.000000 -0.000000 0.000000 -1.000000 -0.000000 0.000000 -1.000000 -0.000000 0.000000 -1.000000 -0.000000 0.000000 -1.000000 -0.000000 0.000000 -1.000000 -0.000000 0.000000 -1.000000 -0.000000 0.000000 -1.000000 -0.000000 0.000000 -1.000000 -0.000000 0.000000 -1.000000 -0.000000 0.000000 -1.000000 -0.000000 0.000000 -1.000000 -0.000000 0.000000 -1.000000 -0.000000 0.000000 -1.000000 -0.000000 0.000000 -1.000000 -0.000000 0.000000 -1.000000 -0.000000 0.000000 -1.000000 -0.000000 0.000000 -1.000000 -0.000000 0.000000 -1.000000 -0.000000 0.000000 -1.000000 -0.000000 0.000000 -1.000000 -0.000000 0.000000 -1.000000 -0.000000 0.000000 -1.000000 -0.000000 0.000000 -1.000000 -0.000000 0.000000 -1.000000 -0.000000 0.000000 -1.000000 -0.000000 0.000000 -1.000000 -0.000000 0.000000 -1.000000 -0.000000 0.000000 -1.000000 -0.000000 0.000000 -1.000000 -0.000000 0.000000 -1.000000 -0.000000 0.000000 -1.000000 -0.000000 0.000000 -1.000000 -0.000000 0.000000 -1.000000 -0.000000 0.000000 -1.000000 -0.000000 0.000000 -1.000000 -0.000000 0.000000 -1.000000 -0.000000 0.000000 -1.000000 -0.000000 0.000000 -1.000000 -0.000000 0.000000 -1.000000 -0.000000 0.000000 -1.000000 -0.000000 0.000000 -1.000000 -0.000000 0.000000 -1.000000 -0.000000 0.000000 -1.000000 -0.000000 0.000000 -1.000000 -0.000000 0.000000 -1.000000 -0.000000 0.000000 -1.000000 -0.000000 0.000000 -1.000000 -0.000000 0.000000 -1.000000 -0.000000 0.000000 -1.000000 -0.000000 0.000000 -1.000000 -0.000000 0.000000 -1.000000 -0.000000 0.000000 -1.000000 -0.000000 0.000000 -1.000000 -0.000000 0.000000 -1.000000 -0.000000 0.000000 -1.000000 -0.000000 0.000000 -1.000000 -0.000000 0.000000 -1.000000 -0.000000 0.000000 -1.000000 -0.000000 0.000000 -1.000000 -0.000000 0.000000 -1.000000 -0.000000 0.000000 -1.000000 -0.000000 0.000000 -1.000000 -0.000000 0.000000 -1.000000 -0.000000 0.000000 -1.000000 -0.000000 0.000000 -1.000000 -0.000000 0.000000 -1.000000 -0.000000 0.000000 -1.000000 -0.000000 0.000000 -1.000000 -0.000000 0.000000 -1.000000 -0.000000 0.000000 -1.000000 -0.000000 0.000000 -1.000000 -0.000000 0.000000 -1.000000 -0.000000 0.000000 -1.000000 -0.000000 0.000000 -1.000000 -0.000000 0.000000 -1.000000 -0.000000 0.000000 -1.000000 -0.000000 0.000000 -1.000000 -0.000000 0.000000 -1.000000 -0.000000 0.000000 -1.000000 -0.000000 0.000000 -1.000000 -0.000000 0.000000 -1.000000 -0.000000 0.000000 -1.000000 -0.000000 0.000000 -1.000000 -0.000000 0.000000 -1.000000 -0.000000 0.000000 -1.000000 -0.000000 0.000000 -1.000000 -0.000000 0.000000 -1.000000 -0.000000 0.000000 -1.000000 -0.000000 0.000000 -1.000000 -0.000000 0.000000 -1.000000 -0.000000 0.000000 -1.000000 -0.000000 0.000000 -1.000000 -0.000000 0.000000 -1.000000 -0.000000 0.000000 -1.000000 -0.000000 0.000000 -1.000000 -0.000000 0.000000 -1.000000 -0.000000 0.000000 -1.000000 -0.000000 0.000000 -1.000000 -0.000000 0.000000 -1.000000 -0.000000 0.000000 -1.000000 -0.000000 0.000000 -1.000000 -0.000000 0.000000 -1.000000 -0.000000 0.000000 -1.000000 -0.000000 0.000000 -1.000000 -0.000000 0.000000 -1.000000 -0.000000 0.000000 -1.000000 -0.000000 0.000000 -1.000000 -0.000000 0.000000 -1.000000 -0.000000 0.000000 -1.000000 -0.000000 0.000000 -1.000000 -0.000000 0.000000 -1.000000 -0.000000 0.000000 -1.000000 -0.000000 0.000000 -1.000000 -0.000000 0.000000 -1.000000 -0.000000 0.000000 -1.000000 -0.000000 0.000000 -1.000000 -0.000000 0.000000 -1.000000 -0.000000 0.000000 -1.000000 -0.000000 0.000000 -1.000000 -0.000000 0.000000 -1.000000 -0.000000 0.000000 -1.000000 -0.000000 0.000000 -1.000000 -0.000000 0.000000 -1.000000 -0.000000 0.000000 -1.000000 -0.000000 0.000000 -1.000000 -0.000000 0.000000 -1.000000 -0.000000 0.000000 -1.000000 -0.000000 0.000000 -1.000000 -0.000000 0.000000 -1.000000 -0.000000 0.000000 -1.000000 -0.000000 0.000000 -1.000000 -0.000000 0.000000 -1.000000 -0.000000 0.000000 -1.000000 -0.000000 0.000000 -1.000000 -0.000000 0.000000 -1.000000 -0.000000 0.000000 -1.000000 -0.000000 0.000000 -1.000000 -0.000000 0.000000 -1.000000 -0.000000 0.000000 -1.000000 -0.000000 0.000000 -1.000000 -0.000000 0.000000 -1.000000 -0.000000 0.000000 -1.000000 -0.000000 0.000000 -1.000000 -0.000000 0.000000 -1.000000 -0.000000 0.000000 -1.000000 -0.000000 0.000000 -1.000000 -0.000000 0.000000 -1.000000 -0.000000 0.000000 -1.000000 -0.000000 0.000000 -1.000000 -0.000000 0.000000 -1.000000 -0.000000 0.000000 -1.000000 -0.000000 0.000000 -1.000000 -0.000000 0.000000 -1.000000 -0.000000 0.000000 -1.000000 -0.000000 0.000000 -1.000000 -0.000000 0.000000 -1.000000 -0.000000 0.000000 -1.000000 -0.000000 0.000000 -1.000000 -0.000000 0.000000 -1.000000 -0.000000 0.000000 -1.000000 -0.000000 0.000000 -1.000000 -0.000000 0.000000 -1.000000 -0.000000 0.000000 -1.000000 -0.000000 0.000000 -1.000000 -0.000000 0.000000 -1.000000 -0.000000 0.000000 -1.000000 -0.000000 0.000000 -1.000000 -0.000000 0.000000 -1.000000 -0.000000 0.000000 -1.000000 -0.000000 0.000000 -1.000000 -0.000000 0.000000 -1.000000 -0.000000 0.000000 -1.000000 -0.000000 0.000000 -1.000000 -0.000000 0.000000 -1.000000 -0.000000 0.000000 -1.000000 -0.000000 0.000000 -1.000000 -0.000000 0.000000 -1.000000 -0.000000 0.000000 -1.000000 -0.000000 0.000000 -1.000000 -0.000000 0.000000 -1.000000 -0.000000 0.000000 -1.000000 -0.000000 0.000000 -1.000000 -0.000000 0.000000 -1.000000 -0.000000 0.000000 -1.000000 -0.000000 0.000000 -1.000000 -0.000000 0.000000 -1.000000 -0.000000 0.000000 -1.000000 -0.000000 0.000000 -1.000000 -0.000000 0.000000 -1.000000 -0.000000 0.000000 -1.000000 -0.000000 0.000000 -1.000000 -0.000000 0.000000 -1.000000 -0.000000 0.000000 -1.000000 -0.000000 0.000000 -1.000000 -0.000000 0.000000 -1.000000 -0.000000 0.000000 -1.000000 -0.000000 0.000000 -1.000000 -0.000000 0.000000 -1.000000 -0.000000 0.000000 -1.000000 -0.000000 0.000000 -1.000000 -0.000000 0.000000 -1.000000 -0.000000 0.000000 -1.000000 -0.000000 0.000000 -1.000000 -0.000000 0.000000 -1.000000 -0.000000 0.000000 -1.000000 -0.000000 0.000000 -1.000000 -0.000000 0.000000 -1.000000 -0.000000 0.000000 -1.000000 -0.000000 0.000000 -1.000000 -0.000000 0.000000 -1.000000 -0.000000 0.000000 -1.000000 -0.000000 0.000000 -1.000000 -0.000000 0.000000 -1.000000 -0.000000 0.000000 -1.000000 -0.000000 0.000000 -1.000000 -0.000000 0.000000 -1.000000 -0.000000 0.000000 -1.000000 -0.000000 0.000000 -1.000000 -0.000000 0.000000 -1.000000 -0.000000 0.000000 -1.000000 -0.000000 0.000000 -1.000000 -0.000000 0.000000 -1.000000 -0.000000 0.000000 -1.000000 -0.000000 0.000000 -1.000000 -0.000000 0.000000 -1.000000 -0.000000 0.000000 -1.000000 -0.000000 0.000000 -1.000000 -0.000000 0.000000 -1.000000 -0.000000 0.000000 -1.000000 -0.000000 0.000000 -1.000000 -0.000000 0.000000 -1.000000 -0.000000 0.000000 -1.000000 -0.000000 0.000000 -1.000000 -0.000000 0.000000 -1.000000 -0.000000 0.000000 -1.000000 -0.000000 0.000000 -1.000000 -0.000000 0.000000 -1.000000 -0.000000 0.000000 -1.000000 -0.000000 0.000000 -1.000000 -0.000000 0.000000 -1.000000 -0.000000 0.000000 -1.000000 -0.000000 0.000000 -1.000000 -0.000000 0.000000 -1.000000 -0.000000 0.000000 -1.000000 -0.000000 0.000000 -1.000000 -0.000000 0.000000 -1.000000 -0.000000 0.000000 -1.000000 -0.000000 0.000000 -1.000000 -0.000000 0.000000 -1.000000 -0.000000 0.000000 -1.000000 -0.000000 0.000000 -1.000000 -0.000000 0.000000 -1.000000 -0.000000 0.000000 -1.000000 -0.000000 0.000000 -1.000000 -0.000000 0.000000 -1.000000 -0.000000 0.000000 -1.000000 -0.000000 0.000000 -1.000000 -0.000000 0.000000 -1.000000 -0.000000 0.000000 -1.000000 -0.000000 0.000000 -1.000000 -0.000000 0.000000 -1.000000 -0.000000 0.000000 -1.000000 -0.000000 0.000000 -1.000000 -0.000000 0.000000 -1.000000 -0.000000 0.000000 -1.000000 -0.000000 0.000000 -1.000000 -0.000000 0.000000 -1.000000 -0.000000 0.000000 -1.000000 -0.000000 0.000000 -1.000000 -0.000000 0.000000 -1.000000 -0.000000 0.000000 -1.000000 -0.000000 0.000000 -1.000000 -0.000000 0.000000 -1.000000 -0.000000 0.000000 -1.000000 -0.000000 0.000000 -1.000000 -0.000000 0.000000 -1.000000 -0.000000 0.000000 -1.000000 -0.000000 0.000000 -1.000000 -0.000000 0.000000 -1.000000 -0.000000 0.000000 -1.000000 -0.000000 0.000000 -1.000000 -0.000000 0.000000 -1.000000 -0.000000 0.000000 -1.000000 -0.000000 0.000000 -1.000000 -0.000000 0.000000 -1.000000 -0.000000 0.000000 -1.000000 -0.000000 0.000000 -1.000000 -0.000000 0.000000 -1.000000 -0.000000 0.000000 -1.000000 -0.000000 0.000000 -1.000000 -0.000000 0.000000 -1.000000 -0.000000 0.000000 -1.000000 -0.000000 0.000000 -1.000000 -0.000000 0.000000 -1.000000 -0.000000 0.000000 -1.000000 -0.000000 0.000000 -1.000000 -0.000000 0.000000 -1.000000 -0.000000 0.000000 -1.000000 -0.000000 0.000000 -1.000000 -0.000000 0.000000 -1.000000 -0.000000 0.000000 -1.000000 -0.000000 0.000000 -1.000000 -0.000000 0.000000 -1.000000 -0.000000 0.000000 -1.000000 -0.000000 1.000000 -0.000000 -0.000000 1.000000 -0.000000 -0.000000 1.000000 -0.000000 -0.000000 1.000000 -0.000000 -0.000000 1.000000 -0.000000 -0.000000 1.000000 -0.000000 -0.000000 1.000000 -0.000000 -0.000000 1.000000 -0.000000 -0.000000 1.000000 -0.000000 -0.000000 1.000000 -0.000000 -0.000000 1.000000 -0.000000 -0.000000 1.000000 -0.000000 -0.000000 1.000000 -0.000000 -0.000000 1.000000 -0.000000 -0.000000 1.000000 -0.000000 -0.000000 1.000000 -0.000000 -0.000000 1.000000 -0.000000 -0.000000 1.000000 -0.000000 -0.000000 1.000000 -0.000000 -0.000000 1.000000 -0.000000 -0.000000 1.000000 -0.000000 -0.000000 1.000000 -0.000000 -0.000000 1.000000 -0.000000 -0.000000 1.000000 -0.000000 -0.000000 1.000000 -0.000000 -0.000000 1.000000 -0.000000 -0.000000 1.000000 -0.000000 -0.000000 1.000000 -0.000000 -0.000000 1.000000 -0.000000 -0.000000 1.000000 -0.000000 -0.000000 1.000000 -0.000000 -0.000000 1.000000 -0.000000 -0.000000 1.000000 -0.000000 -0.000000 1.000000 -0.000000 -0.000000 1.000000 -0.000000 -0.000000 1.000000 -0.000000 -0.000000 1.000000 -0.000000 -0.000000 1.000000 -0.000000 -0.000000 1.000000 -0.000000 -0.000000 1.000000 -0.000000 -0.000000 1.000000 -0.000000 -0.000000 1.000000 -0.000000 -0.000000 1.000000 -0.000000 -0.000000 1.000000 -0.000000 -0.000000 1.000000 -0.000000 -0.000000 1.000000 -0.000000 -0.000000 1.000000 -0.000000 -0.000000 1.000000 -0.000000 -0.000000 1.000000 -0.000000 -0.000000 1.000000 -0.000000 -0.000000 1.000000 -0.000000 -0.000000 1.000000 -0.000000 -0.000000 1.000000 0.000000 -0.000000 1.000000 0.000000 -0.000000 1.000000 0.000000 -0.000000 1.000000 0.000000 -0.000000 1.000000 0.000000 -0.000000 1.000000 0.000000 -0.000000 1.000000 0.000000 -0.000000 1.000000 0.000000 -0.000000 1.000000 0.000000 -0.000000 1.000000 0.000000 -0.000000 1.000000 0.000000 -0.000000 1.000000 0.000000 -0.000000 1.000000 0.000000 -0.000000 1.000000 0.000000 -0.000000 1.000000 0.000000 -0.000000 1.000000 0.000000 -0.000000 1.000000 0.000000 -0.000000 1.000000 0.000000 -0.000000 1.000000 0.000000 -0.000000 1.000000 0.000000 -0.000000 1.000000 0.000000 -0.000000 1.000000 0.000000 -0.000000 1.000000 0.000000 -0.000000 1.000000 0.000000 -0.000000 1.000000 0.000000 -0.000000 1.000000 0.000000 -0.000000 1.000000 0.000000 -0.000000 1.000000 0.000000 -0.000000 1.000000 0.000000 -0.000000 1.000000 0.000000 -0.000000 1.000000 0.000000 -0.000000 1.000000 0.000000 -0.000000 1.000000 0.000000 -0.000000 1.000000 0.000000 -0.000000 1.000000 0.000000 -0.000000 1.000000 0.000000 -0.000000 1.000000 0.000000 -0.000000 1.000000 0.000000 -0.000000 1.000000 0.000000 -0.000000 1.000000 0.000000 -0.000000 1.000000 0.000000 -0.000000 1.000000 0.000000 -0.000000 1.000000 0.000000 -0.000000 1.000000 0.000000 -0.000000 1.000000 0.000000 -0.000000 1.000000 0.000000 -0.000000 1.000000 0.000000 -0.000000 1.000000 0.000000 -0.000000 1.000000 0.000000 -0.000000 1.000000 0.000000 -0.000000 1.000000 0.000000 -0.000000 1.000000 0.000000 -0.000000 1.000000 0.000000 -0.000000 1.000000 0.000000 -0.000000 1.000000 0.000000 -0.000000 1.000000 0.000000 -0.000000 1.000000 0.000000 -0.000000 1.000000 0.000000 -0.000000 1.000000 0.000000 -0.000000 1.000000 0.000000 -0.000000 1.000000 0.000000 -0.000000 1.000000 0.000000 -0.000000 1.000000 0.000000 -0.000000 1.000000 0.000000 -0.000000 1.000000 0.000000 -0.000000 1.000000 0.000000 -0.000000 1.000000 0.000000 -0.000000 1.000000 0.000000 -0.000000 1.000000 0.000000 -0.000000 1.000000 0.000000 -0.000000 1.000000 0.000000 -0.000000 1.000000 0.000000 -0.000000 1.000000 0.000000 -0.000000 1.000000 0.000000 -0.000000 1.000000 0.000000 -0.000000 1.000000 0.000000 -0.000000 1.000000 0.000000 -0.000000 1.000000 0.000000 -0.000000 1.000000 0.000000 -0.000000 1.000000 0.000000 -0.000000 1.000000 0.000000 -0.000000 1.000000 0.000000 -0.000000 1.000000 0.000000 -0.000000 1.000000 0.000000 -0.000000 1.000000 0.000000 -0.000000 1.000000 0.000000 -0.000000 1.000000 0.000000 -0.000000 1.000000 0.000000 -0.000000 1.000000 0.000000 -0.000000 1.000000 0.000000 -0.000000 1.000000 0.000000 -0.000000 1.000000 0.000000 -0.000000 1.000000 0.000000 -0.000000 1.000000 0.000000 -0.000000 1.000000 0.000000 -0.000000 1.000000 0.000000 -0.000000 1.000000 0.000000 -0.000000 1.000000 0.000000 -0.000000 1.000000 0.000000 -0.000000 1.000000 0.000000 -0.000000 1.000000 0.000000 -0.000000 1.000000 0.000000 -0.000000 1.000000 0.000000 -0.000000 1.000000 0.000000 -0.000000 1.000000 0.000000 -0.000000 1.000000 0.000000 -0.000000 1.000000 0.000000 -0.000000 1.000000 0.000000 -0.000000 1.000000 0.000000 -0.000000 1.000000 0.000000 -0.000000 1.000000 0.000000 -0.000000 1.000000 0.000000 -0.000000 1.000000 0.000000 -0.000000 1.000000 0.000000 -0.000000 1.000000 0.000000 -0.000000 1.000000 0.000000 -0.000000 1.000000 0.000000 -0.000000 1.000000 0.000000 -0.000000 1.000000 0.000000 -0.000000 1.000000 0.000000 -0.000000 1.000000 0.000000 -0.000000 1.000000 0.000000 -0.000000 1.000000 0.000000 -0.000000 1.000000 0.000000 -0.000000 1.000000 0.000000 -0.000000 1.000000 0.000000 -0.000000 1.000000 0.000000 -0.000000 1.000000 0.000000 -0.000000 1.000000 0.000000 -0.000000 1.000000 0.000000 -0.000000 1.000000 0.000000 -0.000000 1.000000 0.000000 -0.000000 1.000000 0.000000 -0.000000 1.000000 0.000000 -0.000000 1.000000 0.000000 -0.000000 1.000000 0.000000 -0.000000 1.000000 0.000000 -0.000000 1.000000 0.000000 -0.000000 1.000000 0.000000 -0.000000 1.000000 0.000000 -0.000000 1.000000 0.000000 -0.000000 1.000000 0.000000 -0.000000 1.000000 0.000000 -0.000000 1.000000 0.000000 -0.987050 -0.000000 0.160411 -0.987050 -0.000000 0.160411 -1.000000 -0.000000 -0.000000 -1.000000 -0.000000 -0.000000 -0.987050 -0.000000 -0.160411 -0.987050 -0.000000 -0.160411 -0.948536 -0.000000 -0.316668 -0.948536 -0.000000 -0.316668 -0.885456 -0.000000 -0.464723 -0.885456 -0.000000 -0.464723 -0.799443 -0.000000 -0.600742 -0.799443 -0.000000 -0.600742 -0.692724 -0.000000 -0.721202 -0.692724 -0.000000 -0.721202 -0.568065 -0.000000 -0.822984 -0.568065 -0.000000 -0.822984 -0.428693 -0.000000 -0.903450 -0.428693 -0.000000 -0.903450 -0.278217 -0.000000 -0.960518 -0.278217 -0.000000 -0.960518 -0.120537 -0.000000 -0.992709 -0.120537 -0.000000 -0.992709 0.040266 0.000000 -0.999189 0.040266 0.000000 -0.999189 0.200026 0.000000 -0.979791 0.200026 0.000000 -0.979791 0.354605 0.000000 -0.935016 0.354605 0.000000 -0.935016 0.500000 0.000000 -0.866025 0.500000 0.000000 -0.866025 0.632445 0.000000 -0.774605 0.632445 0.000000 -0.774605 0.748511 0.000000 -0.663123 0.748511 0.000000 -0.663123 0.845190 0.000000 -0.534466 0.845190 0.000000 -0.534466 0.919979 0.000000 -0.391967 0.919979 0.000000 -0.391967 0.970942 0.000000 -0.239316 0.970942 0.000000 -0.239316 0.996757 0.000000 -0.080467 0.996757 0.000000 -0.080467 0.996757 0.000000 0.080467 0.996757 0.000000 0.080467 0.970942 0.000000 0.239316 0.970942 0.000000 0.239316 0.919979 0.000000 0.391967 0.919979 0.000000 0.391967 0.845190 0.000000 0.534466 0.845190 0.000000 0.534466 0.748511 0.000000 0.663123 0.748511 0.000000 0.663123 0.632445 0.000000 0.774605 0.632445 0.000000 0.774605 0.500000 0.000000 0.866025 0.500000 0.000000 0.866025 0.354605 0.000000 0.935016 0.354605 0.000000 0.935016 0.200026 0.000000 0.979791 0.200026 0.000000 0.979791 0.040266 0.000000 0.999189 0.040266 0.000000 0.999189 -0.120537 -0.000000 0.992709 -0.120537 -0.000000 0.992709 -0.278217 -0.000000 0.960518 -0.278217 -0.000000 0.960518 -0.428693 -0.000000 0.903450 -0.428693 -0.000000 0.903450 -0.568065 -0.000000 0.822984 -0.568065 -0.000000 0.822984 -0.692724 -0.000000 0.721202 -0.692724 -0.000000 0.721202 -0.799443 -0.000000 0.600742 -0.799443 -0.000000 0.600742 -0.885456 -0.000000 0.464723 -0.885456 -0.000000 0.464723 -0.948536 -0.000000 0.316668 -0.948536 -0.000000 0.316668 0.000000 -1.000000 0.000000 0.000000 -1.000000 0.000000 0.000000 -1.000000 0.000000 0.000000 -1.000000 0.000000 0.000000 -1.000000 0.000000 0.000000 -1.000000 0.000000 0.000000 -1.000000 0.000000 0.000000 -1.000000 0.000000 0.000000 -1.000000 0.000000 0.000000 -1.000000 0.000000 0.000000 -1.000000 0.000000 0.000000 -1.000000 0.000000 0.000000 -1.000000 0.000000 0.000000 -1.000000 0.000000 0.000000 -1.000000 0.000000 0.000000 -1.000000 0.000000 0.000000 -1.000000 0.000000 0.000000 -1.000000 0.000000 0.000000 -1.000000 0.000000 0.000000 -1.000000 0.000000 0.000000 -1.000000 0.000000 0.000000 -1.000000 0.000000 0.000000 -1.000000 0.000000 0.000000 -1.000000 0.000000 0.000000 -1.000000 0.000000 0.000000 -1.000000 0.000000 0.000000 -1.000000 0.000000 0.000000 -1.000000 0.000000 0.000000 -1.000000 0.000000 0.000000 -1.000000 0.000000 0.000000 -1.000000 0.000000 0.000000 -1.000000 0.000000 0.000000 -1.000000 0.000000 0.000000 -1.000000 0.000000 0.000000 -1.000000 0.000000 0.000000 -1.000000 0.000000 0.000000 -1.000000 0.000000 0.000000 -1.000000 0.000000 0.000000 -1.000000 0.000000 -0.988280 -0.000000 0.152649 -0.988280 -0.000000 0.152649 -1.000000 -0.000000 -0.000000 -1.000000 -0.000000 -0.000000 -0.988280 -0.000000 -0.152649 -0.988280 -0.000000 -0.152649 -0.953396 -0.000000 -0.301721 -0.953396 -0.000000 -0.301721 -0.896166 -0.000000 -0.443720 -0.896166 -0.000000 -0.443720 -0.817929 -0.000000 -0.575319 -0.817929 -0.000000 -0.575319 -0.720522 -0.000000 -0.693433 -0.720522 -0.000000 -0.693433 -0.606225 -0.000000 -0.795293 -0.606225 -0.000000 -0.795293 -0.477720 -0.000000 -0.878512 -0.477720 -0.000000 -0.878512 -0.338017 -0.000000 -0.941140 -0.338017 -0.000000 -0.941140 -0.190391 -0.000000 -0.981708 -0.190391 -0.000000 -0.981708 -0.038303 -0.000000 -0.999266 -0.038303 -0.000000 -0.999266 0.114683 0.000000 -0.993402 0.114683 0.000000 -0.993402 0.264982 0.000000 -0.964253 0.264982 0.000000 -0.964253 0.409069 0.000000 -0.912504 0.409069 0.000000 -0.912504 0.543568 0.000000 -0.839365 0.543568 0.000000 -0.839365 0.665326 0.000000 -0.746553 0.665326 0.000000 -0.746553 0.771489 0.000000 -0.636242 0.771489 0.000000 -0.636242 0.859570 0.000000 -0.511019 0.859570 0.000000 -0.511019 0.927502 0.000000 -0.373817 0.927502 0.000000 -0.373817 0.973695 0.000000 -0.227854 0.973695 0.000000 -0.227854 0.997066 0.000000 -0.076549 0.997066 0.000000 -0.076549 0.997066 0.000000 0.076549 0.997066 0.000000 0.076549 0.973695 0.000000 0.227854 0.973695 0.000000 0.227854 0.927502 0.000000 0.373817 0.927502 0.000000 0.373817 0.859570 0.000000 0.511019 0.859570 0.000000 0.511019 0.771489 0.000000 0.636242 0.771489 0.000000 0.636242 0.665326 0.000000 0.746553 0.665326 0.000000 0.746553 0.543568 0.000000 0.839365 0.543568 0.000000 0.839365 0.409069 0.000000 0.912504 0.409069 0.000000 0.912504 0.264982 0.000000 0.964253 0.264982 0.000000 0.964253 0.114683 0.000000 0.993402 0.114683 0.000000 0.993402 -0.038303 -0.000000 0.999266 -0.038303 -0.000000 0.999266 -0.190391 -0.000000 0.981708 -0.190391 -0.000000 0.981708 -0.338017 -0.000000 0.941140 -0.338017 -0.000000 0.941140 -0.477720 -0.000000 0.878512 -0.477720 -0.000000 0.878512 -0.606225 -0.000000 0.795293 -0.606225 -0.000000 0.795293 -0.720522 -0.000000 0.693433 -0.720522 -0.000000 0.693433 -0.817929 -0.000000 0.575319 -0.817929 -0.000000 0.575319 -0.896166 -0.000000 0.443720 -0.896166 -0.000000 0.443720 -0.953396 -0.000000 0.301721 -0.953396 -0.000000 0.301721 0.000000 -1.000000 0.000000 0.000000 -1.000000 0.000000 0.000000 -1.000000 0.000000 0.000000 -1.000000 0.000000 0.000000 -1.000000 0.000000 0.000000 -1.000000 0.000000 0.000000 -1.000000 0.000000 0.000000 -1.000000 0.000000 0.000000 -1.000000 0.000000 0.000000 -1.000000 0.000000 0.000000 -1.000000 0.000000 0.000000 -1.000000 0.000000 0.000000 -1.000000 0.000000 0.000000 -1.000000 0.000000 0.000000 -1.000000 0.000000 0.000000 -1.000000 0.000000 0.000000 -1.000000 0.000000 0.000000 -1.000000 0.000000 0.000000 -1.000000 0.000000 0.000000 -1.000000 0.000000 0.000000 -1.000000 0.000000 0.000000 -1.000000 0.000000 0.000000 -1.000000 0.000000 0.000000 -1.000000 0.000000 0.000000 -1.000000 0.000000 0.000000 -1.000000 0.000000 0.000000 -1.000000 0.000000 0.000000 -1.000000 0.000000 0.000000 -1.000000 0.000000 0.000000 -1.000000 0.000000 0.000000 -1.000000 0.000000 0.000000 -1.000000 0.000000 0.000000 -1.000000 0.000000 0.000000 -1.000000 0.000000 0.000000 -1.000000 0.000000 0.000000 -1.000000 0.000000 0.000000 -1.000000 0.000000 0.000000 -1.000000 0.000000 0.000000 -1.000000 0.000000 0.000000 -1.000000 0.000000 0.000000 -1.000000 0.000000 0.000000 -1.000000 0.000000 0.000000 -1.000000 0.000000 0.000000 -1.000000 0.000000 0.000000 -1.000000 0.000000 0.000000 -1.000000 0.000000 0.000000 -1.000000 0.000000 0.000000 -1.000000 0.000000 0.000000 -1.000000 0.000000 0.000000 -1.000000 0.000000 0.000000 -1.000000 0.000000 0.000000 -1.000000 0.000000 0.000000 -1.000000 0.000000 0.000000 -1.000000 0.000000 0.000000 -1.000000 0.000000 0.000000 -1.000000 0.000000 0.000000 -1.000000 0.000000 0.000000 -1.000000 0.000000 0.000000 -1.000000 0.000000 0.000000 -1.000000 0.000000 0.000000 -1.000000 0.000000 0.000000 -1.000000 0.000000 0.000000 -1.000000 0.000000 0.000000 -1.000000 0.000000 0.000000 -1.000000 0.000000 0.000000 -1.000000 0.000000 0.000000 -1.000000 0.000000 0.000000 -1.000000 0.000000 0.000000 -1.000000 0.000000 0.000000 -1.000000 0.000000 0.000000 -1.000000 0.000000 0.000000 -1.000000 0.000000 0.000000 -1.000000 0.000000 0.000000 -1.000000 0.000000 0.000000 -1.000000 0.000000 0.000000 -1.000000 0.000000 0.000000 -1.000000 0.000000 0.000000 -1.000000 0.000000 0.000000 -1.000000 0.000000 0.000000 -1.000000 0.000000 -0.000000 1.000000 -0.000000 -0.000000 1.000000 -0.000000 -0.000000 1.000000 -0.000000 -0.000000 1.000000 -0.000000 -0.000000 1.000000 -0.000000 -0.000000 1.000000 -0.000000 -0.000000 1.000000 -0.000000 -0.000000 1.000000 -0.000000 -0.000000 1.000000 -0.000000 -0.000000 1.000000 -0.000000 -0.000000 1.000000 -0.000000 -0.000000 1.000000 -0.000000 -0.000000 1.000000 -0.000000 -0.000000 1.000000 -0.000000 -0.000000 1.000000 -0.000000 -0.000000 1.000000 -0.000000 -0.000000 1.000000 -0.000000 -0.000000 1.000000 -0.000000 -0.000000 1.000000 -0.000000 -0.000000 1.000000 -0.000000 -0.000000 1.000000 -0.000000 -0.000000 1.000000 -0.000000 -0.000000 1.000000 -0.000000 -0.000000 1.000000 -0.000000 -0.000000 1.000000 -0.000000 -0.000000 1.000000 -0.000000 -0.000000 1.000000 -0.000000 -0.000000 1.000000 -0.000000 -0.000000 1.000000 -0.000000 -0.000000 1.000000 -0.000000 -0.000000 1.000000 -0.000000 -0.000000 1.000000 -0.000000 -0.000000 1.000000 -0.000000 -0.000000 1.000000 -0.000000 -0.000000 1.000000 -0.000000 -0.000000 1.000000 -0.000000 -0.000000 1.000000 -0.000000 -0.000000 1.000000 -0.000000 -0.000000 1.000000 -0.000000 -0.000000 1.000000 -0.000000 -0.000000 1.000000 -0.000000 -0.000000 1.000000 -0.000000 -0.000000 1.000000 -0.000000 -0.000000 1.000000 -0.000000 -0.000000 1.000000 -0.000000 -0.000000 1.000000 -0.000000 -0.000000 1.000000 -0.000000 -0.000000 1.000000 -0.000000 -0.965926 -0.000000 0.258819 -0.965926 -0.000000 0.258819 -1.000000 -0.000000 -0.000000 -1.000000 -0.000000 -0.000000 -0.965926 -0.000000 -0.258819 -0.965926 -0.000000 -0.258819 -0.866025 -0.000000 -0.500000 -0.866025 -0.000000 -0.500000 -0.707107 -0.000000 -0.707107 -0.707107 -0.000000 -0.707107 -0.500000 -0.000000 -0.866025 -0.500000 -0.000000 -0.866025 -0.258819 -0.000000 -0.965926 -0.258819 -0.000000 -0.965926 0.000000 0.000000 -1.000000 0.000000 0.000000 -1.000000 0.258819 0.000000 -0.965926 0.258819 0.000000 -0.965926 0.500000 0.000000 -0.866025 0.500000 0.000000 -0.866025 0.707107 0.000000 -0.707107 0.707107 0.000000 -0.707107 0.866025 0.000000 -0.500000 0.866025 0.000000 -0.500000 0.965926 0.000000 -0.258819 0.965926 0.000000 -0.258819 1.000000 0.000000 0.000000 1.000000 0.000000 -0.000000 0.965926 0.000000 0.258819 0.965926 0.000000 0.258819 0.866025 0.000000 0.500000 0.866025 0.000000 0.500000 0.707107 0.000000 0.707107 0.707107 0.000000 0.707107 0.500000 0.000000 0.866025 0.500000 0.000000 0.866025 0.258819 0.000000 0.965926 0.258819 0.000000 0.965926 -0.000000 -0.000000 1.000000 -0.000000 -0.000000 1.000000 -0.258819 -0.000000 0.965926 -0.258819 -0.000000 0.965926 -0.500000 -0.000000 0.866025 -0.500000 -0.000000 0.866025 -0.707107 -0.000000 0.707107 -0.707107 -0.000000 0.707107 -0.866025 -0.000000 0.500000 -0.866025 -0.000000 0.500000 -0.000000 1.000000 0.000000 -0.000000 1.000000 0.000000 -0.000000 1.000000 0.000000 -0.000000 1.000000 0.000000 -0.000000 1.000000 0.000000 -0.000000 1.000000 0.000000 -0.000000 1.000000 0.000000 -0.000000 1.000000 0.000000 -0.000000 1.000000 0.000000 -0.000000 1.000000 0.000000 1.000000 0.000000 0.000000 1.000000 0.000000 0.000000 1.000000 0.000000 0.000000 1.000000 0.000000 0.000000 -0.965926 -0.000000 0.258819 -0.969469 -0.000000 0.245215 -1.000000 -0.000000 -0.000000 -1.000000 -0.000000 -0.000000 -0.969469 -0.000000 -0.245215 -0.879739 -0.000000 0.475457 -0.866025 -0.000000 0.500000 -0.736290 -0.000000 0.676666 -0.707107 -0.000000 0.707107 -0.547881 -0.000000 0.836556 -0.500000 -0.000000 0.866025 -0.326017 -0.000000 0.945364 -0.258819 -0.000000 0.965926 -0.084246 -0.000000 0.996445 -0.000000 -0.000000 1.000000 0.162670 0.000000 0.986681 0.258819 0.000000 0.965926 0.399653 0.000000 0.916667 0.399653 0.000000 0.916667 0.500000 0.000000 0.866025 0.620076 0.000000 0.784542 0.707107 0.000000 0.707107 0.799548 0.000000 0.600603 0.866025 0.000000 0.500000 0.926214 0.000000 0.376998 0.965926 0.000000 0.258819 0.991710 0.000000 0.128495 1.000000 0.000000 0.000000 0.991710 0.000000 -0.128495 0.965926 0.000000 -0.258819 0.926214 0.000000 -0.376998 0.866025 0.000000 -0.500000 0.799548 0.000000 -0.600603 0.707107 0.000000 -0.707107 0.620076 0.000000 -0.784542 0.500000 0.000000 -0.866025 0.399653 0.000000 -0.916667 0.258819 0.000000 -0.965926 0.399653 0.000000 -0.916667 0.162670 0.000000 -0.986681 0.000000 0.000000 -1.000000 -0.084246 -0.000000 -0.996445 -0.258819 -0.000000 -0.965926 -0.326017 -0.000000 -0.945364 -0.500000 -0.000000 -0.866025 -0.547881 -0.000000 -0.836556 -0.707107 -0.000000 -0.707107 -0.736290 -0.000000 -0.676666 -0.866025 -0.000000 -0.500000 -0.879739 -0.000000 -0.475457 -0.965926 -0.000000 -0.258819 -0.000000 1.000000 0.000000 -0.000000 1.000000 0.000000 -0.000000 1.000000 0.000000 -0.000000 1.000000 0.000000 -0.000000 1.000000 0.000000 -0.000000 1.000000 0.000000 -0.000000 1.000000 0.000000 -0.000000 1.000000 0.000000 -0.000000 1.000000 0.000000 -0.000000 1.000000 0.000000 -0.000000 1.000000 0.000000 -0.000000 1.000000 0.000000 -0.000000 1.000000 0.000000 -0.000000 1.000000 0.000000 -0.000000 1.000000 0.000000 -0.000000 1.000000 0.000000 -0.000000 1.000000 0.000000 -0.000000 0.965926 0.258819 -0.000000 0.965926 0.258819 -0.000000 1.000000 0.000000 -0.000000 0.965926 0.258819 -0.000000 0.965926 0.258819 -0.000000 0.866025 0.500000 -0.000000 0.866025 0.500000 -0.000000 0.707107 0.707107 -0.000000 0.707107 0.707107 -0.000000 0.500000 0.866025 -0.000000 0.500000 0.866025 -0.000000 0.258819 0.965926 -0.000000 0.258819 0.965926 0.000000 -0.000000 1.000000 -0.000000 0.258819 0.965926 -0.000000 0.258819 0.965926 -0.000000 0.500000 0.866025 -0.000000 0.500000 0.866025 -0.000000 0.707107 0.707107 -0.000000 0.707107 0.707107 -0.000000 0.866025 0.500000 -0.000000 0.866025 0.500000 -0.000000 0.500000 0.866025 -0.000000 0.258819 0.965926 -0.000000 0.000000 1.000000 -0.000000 0.258819 0.965926 -0.000000 0.866025 0.500000 -0.000000 0.965926 0.258819 -0.000000 1.000000 0.000000 -0.000000 0.965926 0.258819 -0.000000 0.866025 0.500000 -0.000000 0.707107 0.707107 -0.000000 0.707107 0.707107 -0.000000 0.500000 0.866025 -1.000000 -0.000000 0.000000 -1.000000 -0.000000 0.000000 -1.000000 -0.000000 0.000000 -1.000000 -0.000000 0.000000 -1.000000 -0.000000 0.000000 -1.000000 -0.000000 0.000000 -1.000000 -0.000000 0.000000 -1.000000 -0.000000 0.000000 -1.000000 -0.000000 0.000000 -1.000000 -0.000000 0.000000 -1.000000 -0.000000 0.000000 -1.000000 -0.000000 0.000000 -0.000000 1.000000 0.000000 -0.000000 1.000000 0.000000 -0.000000 1.000000 0.000000 -0.000000 1.000000 0.000000 -0.000000 1.000000 0.000000 -0.000000 1.000000 0.000000 -0.000000 1.000000 0.000000 -0.000000 1.000000 0.000000 -0.000000 1.000000 0.000000 -0.000000 1.000000 0.000000 -0.000000 1.000000 0.000000 -0.000000 1.000000 0.000000 -0.000000 1.000000 0.000000 -0.000000 1.000000 0.000000 -0.000000 1.000000 0.000000 -0.000000 1.000000 0.000000 -0.000000 1.000000 0.000000 -0.000000 1.000000 0.000000 -0.000000 1.000000 0.000000 -0.000000 1.000000 0.000000 -0.000000 1.000000 0.000000 -0.000000 1.000000 0.000000 -0.000000 1.000000 0.000000 -0.000000 1.000000 0.000000 -0.000000 1.000000 0.000000 -0.000000 1.000000 0.000000 -0.000000 1.000000 0.000000 -0.000000 1.000000 0.000000 -0.000000 1.000000 0.000000 -0.000000 1.000000 0.000000 -0.000000 1.000000 0.000000 -0.000000 1.000000 0.000000 -0.000000 1.000000 0.000000 -0.000000 1.000000 0.000000 -0.000000 1.000000 0.000000 -0.000000 1.000000 0.000000 -0.000000 1.000000 0.000000 -0.000000 1.000000 0.000000 -0.000000 1.000000 0.000000 -0.000000 1.000000 0.000000 -0.000000 1.000000 0.000000 -0.000000 1.000000 0.000000 -0.000000 1.000000 0.000000 -0.000000 1.000000 0.000000 -0.000000 1.000000 0.000000 -0.000000 1.000000 0.000000 -0.000000 1.000000 0.000000 -0.000000 1.000000 0.000000 -0.000000 1.000000 0.000000 -0.000000 1.000000 0.000000 -0.000000 1.000000 0.000000 -0.000000 1.000000 0.000000 -0.000000 1.000000 0.000000 -0.000000 1.000000 0.000000 -0.000000 1.000000 0.000000 -0.000000 1.000000 0.000000 -0.000000 1.000000 0.000000 -0.000000 1.000000 0.000000 -0.000000 1.000000 0.000000 -0.000000 1.000000 0.000000 -0.000000 1.000000 0.000000 -0.000000 1.000000 0.000000 -0.000000 1.000000 0.000000 -0.000000 1.000000 0.000000 -0.000000 1.000000 0.000000 -0.000000 1.000000 0.000000 -0.000000 1.000000 0.000000 -0.000000 1.000000 0.000000 -0.000000 1.000000 0.000000 -0.000000 1.000000 0.000000 -0.000000 1.000000 0.000000 -0.000000 1.000000 0.000000 -0.000000 1.000000 0.000000 -0.000000 1.000000 0.000000 -0.000000 1.000000 0.000000 -0.000000 1.000000 0.000000 -0.000000 1.000000 0.000000 -0.000000 1.000000 0.000000 -0.000000 1.000000 0.000000 -0.000000 1.000000 0.000000 -0.000000 1.000000 0.000000 -0.000000 1.000000 0.000000 -0.000000 1.000000 0.000000 -0.000000 1.000000 0.000000 -0.000000 1.000000 0.000000 -0.000000 1.000000 0.000000 -0.000000 1.000000 0.000000 -0.000000 1.000000 0.000000 -0.000000 1.000000 0.000000 -0.000000 1.000000 0.000000 -0.000000 1.000000 0.000000 -0.000000 1.000000 0.000000 -0.000000 1.000000 0.000000 -0.000000 1.000000 0.000000 -0.000000 1.000000 0.000000 -0.000000 1.000000 0.000000 -0.000000 1.000000 0.000000 -0.000000 1.000000 0.000000 -0.000000 1.000000 0.000000 -0.000000 1.000000 0.000000 -0.000000 1.000000 0.000000 -0.000000 1.000000 0.000000 -0.000000 1.000000 0.000000 -0.000000 1.000000 0.000000 -0.000000 1.000000 0.000000 -0.000000 1.000000 0.000000 -0.000000 1.000000 0.000000 -0.000000 1.000000 0.000000 -0.000000 1.000000 0.000000 -0.000000 1.000000 0.000000 -0.000000 1.000000 0.000000 -0.000000 1.000000 0.000000 -0.000000 1.000000 0.000000 -0.000000 1.000000 0.000000 -0.000000 1.000000 0.000000 -0.000000 1.000000 0.000000 -0.000000 1.000000 0.000000 -0.000000 1.000000 0.000000 -0.000000 1.000000 0.000000 -0.000000 1.000000 0.000000 -0.000000 1.000000 0.000000 -0.000000 1.000000 0.000000 -0.000000 1.000000 0.000000 -0.000000 1.000000 0.000000 -0.000000 1.000000 0.000000 -0.000000 1.000000 0.000000 -0.000000 1.000000 0.000000 -0.000000 1.000000 0.000000 -0.000000 1.000000 0.000000 -0.000000 1.000000 0.000000 -0.000000 1.000000 0.000000 -0.000000 1.000000 0.000000 -0.000000 1.000000 0.000000 -0.000000 1.000000 0.000000 -0.000000 1.000000 0.000000 -0.000000 1.000000 0.000000 -0.000000 1.000000 0.000000 -0.000000 1.000000 0.000000 -0.000000 1.000000 0.000000 -0.000000 1.000000 0.000000 -0.000000 1.000000 0.000000 -0.000000 1.000000 0.000000 -0.000000 1.000000 0.000000 -0.000000 1.000000 0.000000 -0.000000 1.000000 0.000000 -0.000000 1.000000 0.000000 -0.000000 1.000000 0.000000 -0.000000 1.000000 0.000000 -0.000000 1.000000 0.000000 -0.000000 1.000000 0.000000 -0.000000 1.000000 0.000000 -0.000000 1.000000 0.000000 -0.000000 1.000000 0.000000 -0.000000 1.000000 0.000000 -0.000000 1.000000 0.000000 -0.000000 1.000000 0.000000 -0.000000 1.000000 0.000000 -0.000000 1.000000 0.000000 -0.000000 1.000000 0.000000 -0.000000 1.000000 0.000000 -0.000000 1.000000 0.000000 -0.000000 1.000000 0.000000 -0.000000 1.000000 0.000000 -0.000000 1.000000 0.000000 -0.000000 1.000000 0.000000 -0.000000 1.000000 0.000000 -0.000000 1.000000 0.000000 -0.000000 1.000000 0.000000 -0.000000 1.000000 0.000000 -0.000000 1.000000 0.000000 -0.000000 1.000000 0.000000 -0.000000 1.000000 0.000000 -0.000000 1.000000 0.000000 -0.000000 1.000000 0.000000 -0.000000 1.000000 0.000000 -0.000000 1.000000 0.000000 -0.000000 1.000000 0.000000 -0.000000 1.000000 0.000000 -0.000000 1.000000 0.000000 -0.000000 1.000000 0.000000 -0.000000 1.000000 0.000000 -0.000000 1.000000 0.000000 -0.000000 1.000000 0.000000 -0.000000 1.000000 0.000000 -0.000000 1.000000 0.000000 -0.000000 1.000000 0.000000 -0.000000 1.000000 0.000000 -0.000000 1.000000 0.000000 -0.000000 1.000000 0.000000 -0.000000 1.000000 0.000000 -0.000000 1.000000 0.000000 -0.000000 1.000000 0.000000 -0.000000 1.000000 0.000000 -0.000000 1.000000 0.000000 -0.965926 -0.000000 -0.258819 -0.965926 -0.000000 -0.258819 -1.000000 -0.000000 -0.000000 -1.000000 -0.000000 0.000000 -0.965926 -0.000000 0.258819 -0.965926 -0.000000 0.258819 -0.866025 -0.000000 0.500000 -0.866025 -0.000000 0.500000 -0.707107 -0.000000 0.707107 -0.707107 -0.000000 0.707107 -0.500000 -0.000000 0.866025 -0.500000 -0.000000 0.866025 -0.258819 -0.000000 0.965926 -0.258819 -0.000000 0.965926 -0.000000 -0.000000 1.000000 -0.000000 -0.000000 1.000000 0.258819 0.000000 0.965926 0.258819 0.000000 0.965926 0.500000 0.000000 0.866025 0.500000 0.000000 0.866025 0.707107 0.000000 0.707107 0.707107 0.000000 0.707107 0.866025 0.000000 0.500000 0.866025 0.000000 0.500000 0.965926 0.000000 0.258819 0.965926 0.000000 0.258819 1.000000 0.000000 0.000000 1.000000 0.000000 0.000000 0.965926 0.000000 -0.258819 0.965926 0.000000 -0.258819 0.866025 0.000000 -0.500000 0.866025 0.000000 -0.500000 0.707107 0.000000 -0.707107 0.707107 0.000000 -0.707107 0.500000 0.000000 -0.866025 0.500000 0.000000 -0.866025 0.258819 0.000000 -0.965926 0.258819 0.000000 -0.965926 -0.000000 -0.000000 -1.000000 -0.000000 -0.000000 -1.000000 -0.258819 -0.000000 -0.965926 -0.258819 -0.000000 -0.965926 -0.500000 -0.000000 -0.866025 -0.500000 -0.000000 -0.866025 -0.707107 -0.000000 -0.707107 -0.707107 -0.000000 -0.707107 -0.866025 -0.000000 -0.500000 -0.866025 -0.000000 -0.500000 -0.965926 -0.000000 -0.258819 -0.965926 -0.000000 -0.258819 -1.000000 -0.000000 0.000000 -1.000000 -0.000000 0.000000 -0.965926 -0.000000 0.258819 -0.965926 -0.000000 0.258819 -0.866025 -0.000000 0.500000 -0.866025 -0.000000 0.500000 -0.707107 -0.000000 0.707107 -0.707107 -0.000000 0.707107 -0.500000 -0.000000 0.866025 -0.500000 -0.000000 0.866025 -0.258819 -0.000000 0.965926 -0.258819 -0.000000 0.965926 -0.000000 -0.000000 1.000000 -0.000000 -0.000000 1.000000 0.258819 0.000000 0.965926 0.258819 0.000000 0.965926 0.500000 0.000000 0.866025 0.500000 0.000000 0.866025 0.707107 0.000000 0.707107 0.707107 0.000000 0.707107 0.866025 0.000000 0.500000 0.866025 0.000000 0.500000 0.965926 0.000000 0.258819 0.965926 0.000000 0.258819 1.000000 0.000000 0.000000 1.000000 0.000000 0.000000 0.965926 0.000000 -0.258819 0.965926 0.000000 -0.258819 0.866025 0.000000 -0.500000 0.866025 0.000000 -0.500000 0.707107 0.000000 -0.707107 0.707107 0.000000 -0.707107 0.500000 0.000000 -0.866025 0.500000 0.000000 -0.866025 0.258819 0.000000 -0.965926 0.258819 0.000000 -0.965926 -0.000000 -0.000000 -1.000000 -0.000000 -0.000000 -1.000000 -0.258819 -0.000000 -0.965926 -0.258819 -0.000000 -0.965926 -0.500000 -0.000000 -0.866025 -0.500000 -0.000000 -0.866025 -0.707107 -0.000000 -0.707107 -0.707107 -0.000000 -0.707107 -0.866025 -0.000000 -0.500000 -0.866025 -0.000000 -0.500000 -0.965926 -0.000000 -0.258819 -0.965926 -0.000000 -0.258819 -1.000000 -0.000000 -0.000000 -1.000000 -0.000000 0.000000 -0.965926 -0.000000 0.258819 -0.965926 -0.000000 0.258819 -0.866025 -0.000000 0.500000 -0.866025 -0.000000 0.500000 -0.707107 -0.000000 0.707107 -0.707107 -0.000000 0.707107 -0.500000 -0.000000 0.866025 -0.500000 -0.000000 0.866025 -0.258819 -0.000000 0.965926 -0.258819 -0.000000 0.965926 0.000000 0.000000 1.000000 -0.000000 -0.000000 1.000000 0.258819 0.000000 0.965926 0.258819 0.000000 0.965926 0.500000 0.000000 0.866025 0.500000 0.000000 0.866025 0.707107 0.000000 0.707107 0.707107 0.000000 0.707107 0.866025 0.000000 0.500000 0.866025 0.000000 0.500000 0.965926 0.000000 0.258819 0.965926 0.000000 0.258819 1.000000 0.000000 0.000000 1.000000 0.000000 0.000000 0.965926 0.000000 -0.258819 0.965926 0.000000 -0.258819 0.866025 0.000000 -0.500000 0.866025 0.000000 -0.500000 0.707107 0.000000 -0.707107 0.707107 0.000000 -0.707107 0.500000 0.000000 -0.866025 0.500000 0.000000 -0.866025 0.258819 0.000000 -0.965926 0.258819 0.000000 -0.965926 0.000000 0.000000 -1.000000 -0.000000 -0.000000 -1.000000 -0.258819 -0.000000 -0.965926 -0.258819 -0.000000 -0.965926 -0.500000 -0.000000 -0.866025 -0.500000 -0.000000 -0.866025 -0.707107 -0.000000 -0.707107 -0.707107 -0.000000 -0.707107 -0.866025 -0.000000 -0.500000 -0.866025 -0.000000 -0.500000 -0.965926 -0.000000 -0.258819 -0.965926 -0.000000 -0.258819 -1.000000 -0.000000 -0.000000 -1.000000 -0.000000 0.000000 -0.965926 -0.000000 0.258819 -0.965926 -0.000000 0.258819 -0.866025 -0.000000 0.500000 -0.866025 -0.000000 0.500000 -0.707107 -0.000000 0.707107 -0.707107 -0.000000 0.707107 -0.500000 -0.000000 0.866025 -0.500000 -0.000000 0.866025 -0.258819 -0.000000 0.965926 -0.258819 -0.000000 0.965926 0.000000 0.000000 1.000000 -0.000000 -0.000000 1.000000 0.258819 0.000000 0.965926 0.258819 0.000000 0.965926 0.500000 0.000000 0.866025 0.500000 0.000000 0.866025 0.707107 0.000000 0.707107 0.707107 0.000000 0.707107 0.866025 0.000000 0.500000 0.866025 0.000000 0.500000 0.965926 0.000000 0.258819 0.965926 0.000000 0.258819 1.000000 0.000000 0.000000 1.000000 0.000000 0.000000 0.965926 0.000000 -0.258819 0.965926 0.000000 -0.258819 0.866025 0.000000 -0.500000 0.866025 0.000000 -0.500000 0.707107 0.000000 -0.707107 0.707107 0.000000 -0.707107 0.500000 0.000000 -0.866025 0.500000 0.000000 -0.866025 0.258819 0.000000 -0.965926 0.258819 0.000000 -0.965926 0.000000 0.000000 -1.000000 -0.000000 -0.000000 -1.000000 -0.258819 -0.000000 -0.965926 -0.258819 -0.000000 -0.965926 -0.500000 -0.000000 -0.866025 -0.500000 -0.000000 -0.866025 -0.707107 -0.000000 -0.707107 -0.707107 -0.000000 -0.707107 -0.866025 -0.000000 -0.500000 -0.866025 -0.000000 -0.500000 1.000000 0.000000 0.000000 1.000000 0.000000 0.000000 1.000000 0.000000 0.000000 1.000000 0.000000 0.000000 -1.000000 -0.000000 0.000000 -1.000000 -0.000000 0.000000 -0.970942 -0.000000 0.239316 -0.970942 -0.000000 0.239316 -0.885456 -0.000000 0.464723 -0.885456 -0.000000 0.464723 -0.748511 -0.000000 0.663123 -0.748511 -0.000000 0.663123 -0.568065 -0.000000 0.822984 -0.568065 -0.000000 0.822984 -0.354605 -0.000000 0.935016 -0.354605 -0.000000 0.935016 -0.120537 -0.000000 0.992709 -0.120537 -0.000000 0.992709 0.120537 0.000000 0.992709 0.120537 0.000000 0.992709 0.354605 0.000000 0.935016 0.354605 0.000000 0.935016 0.568065 0.000000 0.822984 0.568065 0.000000 0.822984 0.748511 0.000000 0.663123 0.748511 0.000000 0.663123 0.885456 0.000000 0.464723 0.885456 0.000000 0.464723 0.970942 0.000000 0.239316 0.970942 0.000000 0.239316 -1.000000 -0.000000 0.000000 -1.000000 -0.000000 0.000000 1.000000 0.000000 -0.000000 1.000000 0.000000 -0.000000 0.970942 0.000000 -0.239316 0.970942 0.000000 -0.239316 0.885456 0.000000 -0.464723 0.885456 0.000000 -0.464723 0.748511 0.000000 -0.663123 0.748511 0.000000 -0.663123 0.568065 0.000000 -0.822984 0.568065 0.000000 -0.822984 0.354605 0.000000 -0.935016 0.354605 0.000000 -0.935016 0.120537 0.000000 -0.992709 0.120537 0.000000 -0.992709 -0.120537 -0.000000 -0.992709 -0.120537 -0.000000 -0.992709 -0.354605 -0.000000 -0.935016 -0.354605 -0.000000 -0.935016 -0.568065 -0.000000 -0.822984 -0.568065 -0.000000 -0.822984 -0.748511 -0.000000 -0.663123 -0.748511 -0.000000 -0.663123 -0.885456 -0.000000 -0.464723 -0.885456 -0.000000 -0.464723 -0.970942 -0.000000 -0.239316 -0.970942 -0.000000 -0.239316 -1.000000 -0.000000 0.000000 -1.000000 -0.000000 0.000000 -0.965926 -0.000000 -0.258819 -0.965926 -0.000000 -0.258819 -1.000000 -0.000000 -0.000000 -1.000000 -0.000000 0.000000 -0.965926 -0.000000 0.258819 -0.965926 -0.000000 0.258819 -0.866025 -0.000000 0.500000 -0.866025 -0.000000 0.500000 -0.707107 -0.000000 0.707107 -0.707107 -0.000000 0.707107 -0.500000 -0.000000 0.866025 -0.500000 -0.000000 0.866025 -0.258819 -0.000000 0.965926 -0.258819 -0.000000 0.965926 0.000000 0.000000 1.000000 -0.000000 -0.000000 1.000000 0.258819 0.000000 0.965926 0.258819 0.000000 0.965926 0.500000 0.000000 0.866025 0.500000 0.000000 0.866025 0.707107 0.000000 0.707107 0.707107 0.000000 0.707107 0.866025 0.000000 0.500000 0.866025 0.000000 0.500000 0.965926 0.000000 0.258819 0.965926 0.000000 0.258819 1.000000 0.000000 0.000000 1.000000 0.000000 0.000000 0.965926 0.000000 -0.258819 0.965926 0.000000 -0.258819 0.866025 0.000000 -0.500000 0.866025 0.000000 -0.500000 0.707107 0.000000 -0.707107 0.707107 0.000000 -0.707107 0.500000 0.000000 -0.866025 0.500000 0.000000 -0.866025 0.258819 0.000000 -0.965926 0.258819 0.000000 -0.965926 0.000000 0.000000 -1.000000 -0.000000 -0.000000 -1.000000 -0.258819 -0.000000 -0.965926 -0.258819 -0.000000 -0.965926 -0.500000 -0.000000 -0.866025 -0.500000 -0.000000 -0.866025 -0.707107 -0.000000 -0.707107 -0.707107 -0.000000 -0.707107 -0.866025 -0.000000 -0.500000 -0.866025 -0.000000 -0.500000 -0.965926 -0.000000 -0.258819 -0.965926 -0.000000 -0.258819 -1.000000 -0.000000 -0.000000 -1.000000 -0.000000 0.000000 -0.965926 -0.000000 0.258819 -0.965926 -0.000000 0.258819 -0.866025 -0.000000 0.500000 -0.866025 -0.000000 0.500000 -0.707107 -0.000000 0.707107 -0.707107 -0.000000 0.707107 -0.500000 -0.000000 0.866025 -0.500000 -0.000000 0.866025 -0.258819 -0.000000 0.965926 -0.258819 -0.000000 0.965926 0.000000 0.000000 1.000000 -0.000000 -0.000000 1.000000 0.258819 0.000000 0.965926 0.258819 0.000000 0.965926 0.500000 0.000000 0.866025 0.500000 0.000000 0.866025 0.707107 0.000000 0.707107 0.707107 0.000000 0.707107 0.866025 0.000000 0.500000 0.866025 0.000000 0.500000 0.965926 0.000000 0.258819 0.965926 0.000000 0.258819 1.000000 0.000000 0.000000 1.000000 0.000000 0.000000 0.965926 0.000000 -0.258819 0.965926 0.000000 -0.258819 0.866025 0.000000 -0.500000 0.866025 0.000000 -0.500000 0.707107 0.000000 -0.707107 0.707107 0.000000 -0.707107 0.500000 0.000000 -0.866025 0.500000 0.000000 -0.866025 0.258819 0.000000 -0.965926 0.258819 0.000000 -0.965926 0.000000 0.000000 -1.000000 -0.000000 -0.000000 -1.000000 -0.258819 -0.000000 -0.965926 -0.258819 -0.000000 -0.965926 -0.500000 -0.000000 -0.866025 -0.500000 -0.000000 -0.866025 -0.707107 -0.000000 -0.707107 -0.707107 -0.000000 -0.707107 -0.866025 -0.000000 -0.500000 -0.866025 -0.000000 -0.500000 0.000000 0.000000 -1.000000 0.000000 0.000000 -1.000000 0.156434 0.000000 -0.987688 0.156434 0.000000 -0.987688 0.309017 0.000000 -0.951057 0.309017 0.000000 -0.951057 0.453990 0.000000 -0.891007 0.453990 0.000000 -0.891007 0.587785 0.000000 -0.809017 0.587785 0.000000 -0.809017 0.707107 0.000000 -0.707107 0.707107 0.000000 -0.707107 0.809017 0.000000 -0.587785 0.809017 0.000000 -0.587785 0.891007 0.000000 -0.453990 0.891007 0.000000 -0.453990 0.951057 0.000000 -0.309017 0.951057 0.000000 -0.309017 0.987688 0.000000 -0.156434 0.987688 0.000000 -0.156434 1.000000 0.000000 0.000000 1.000000 0.000000 0.000000 0.000000 0.000000 -1.000000 0.000000 0.000000 -1.000000 -0.987688 -0.000000 -0.156434 -0.987688 -0.000000 -0.156434 -0.951057 -0.000000 -0.309017 -0.951057 -0.000000 -0.309017 -0.891007 -0.000000 -0.453990 -0.891007 -0.000000 -0.453990 -0.809017 -0.000000 -0.587785 -0.809017 -0.000000 -0.587785 -0.707107 -0.000000 -0.707107 -0.707107 -0.000000 -0.707107 -0.587785 -0.000000 -0.809017 -0.587785 -0.000000 -0.809017 -0.453990 -0.000000 -0.891007 -0.453990 -0.000000 -0.891007 -0.309017 -0.000000 -0.951057 -0.309017 -0.000000 -0.951057 -0.156434 -0.000000 -0.987688 -0.156434 -0.000000 -0.987688 0.000000 -1.000000 -0.000000 0.000000 -1.000000 -0.000000 0.000000 -1.000000 -0.000000 0.000000 -1.000000 -0.000000 0.000000 -1.000000 -0.000000 0.000000 -1.000000 -0.000000 0.000000 -1.000000 -0.000000 0.000000 -1.000000 -0.000000 0.000000 -1.000000 -0.000000 0.000000 -1.000000 -0.000000 0.000000 -1.000000 -0.000000 0.000000 -1.000000 -0.000000 0.000000 -1.000000 -0.000000 0.000000 -1.000000 -0.000000 0.000000 -1.000000 -0.000000 0.000000 -1.000000 -0.000000 0.000000 -1.000000 -0.000000 0.000000 -1.000000 -0.000000 0.000000 -1.000000 -0.000000 0.000000 -1.000000 -0.000000 0.000000 -1.000000 -0.000000 0.000000 -1.000000 -0.000000 0.000000 -1.000000 -0.000000 0.000000 -1.000000 -0.000000 0.000000 -1.000000 -0.000000 0.000000 -1.000000 -0.000000 0.000000 -1.000000 -0.000000 0.000000 -1.000000 -0.000000 0.000000 -1.000000 -0.000000 0.000000 -1.000000 -0.000000 0.000000 -1.000000 -0.000000 0.000000 -1.000000 -0.000000 0.000000 -1.000000 -0.000000 0.000000 -1.000000 -0.000000 0.000000 -1.000000 -0.000000 0.000000 -1.000000 -0.000000 0.000000 -1.000000 -0.000000 0.000000 -1.000000 -0.000000 0.000000 -1.000000 -0.000000 0.000000 -1.000000 -0.000000 0.000000 -1.000000 -0.000000 0.000000 -1.000000 -0.000000 0.000000 -1.000000 -0.000000 0.000000 -1.000000 -0.000000 0.000000 -1.000000 -0.000000 0.000000 -1.000000 -0.000000 0.000000 -1.000000 -0.000000 0.000000 -1.000000 -0.000000 0.000000 -1.000000 -0.000000 0.000000 -1.000000 -0.000000 0.000000 -1.000000 -0.000000 0.000000 -1.000000 -0.000000 0.000000 -1.000000 -0.000000 0.000000 -1.000000 -0.000000 0.000000 -1.000000 -0.000000 0.000000 -1.000000 -0.000000 0.000000 -1.000000 -0.000000 0.000000 -1.000000 -0.000000 0.000000 -1.000000 -0.000000 0.000000 -1.000000 -0.000000 0.000000 -1.000000 -0.000000 0.000000 -1.000000 -0.000000 0.000000 -1.000000 -0.000000 0.000000 -1.000000 -0.000000 0.000000 -1.000000 -0.000000 0.258819 -0.965926 0.000000 0.258819 -0.965926 0.000000 -0.000000 -1.000000 0.000000 0.000000 -1.000000 0.000000 -0.258819 -0.965926 0.000000 -0.258819 -0.965926 0.000000 -0.500000 -0.866025 0.000000 -0.500000 -0.866025 0.000000 -0.707107 -0.707107 0.000000 -0.707107 -0.707107 0.000000 -0.866025 -0.500000 0.000000 -0.866025 -0.500000 0.000000 -0.965926 -0.258819 0.000000 -0.965926 -0.258819 0.000000 -1.000000 0.000000 0.000000 -1.000000 -0.000000 0.000000 -0.965926 0.258819 0.000000 -0.965926 0.258819 0.000000 -0.866025 0.500000 0.000000 -0.866025 0.500000 0.000000 -0.707107 0.707107 0.000000 -0.707107 0.707107 0.000000 -0.500000 0.866025 0.000000 -0.500000 0.866025 0.000000 -0.258819 0.965926 0.000000 -0.258819 0.965926 0.000000 -0.000000 1.000000 0.000000 -0.000000 1.000000 0.000000 0.258819 0.965926 0.000000 0.258819 0.965926 0.000000 0.500000 0.866025 0.000000 0.500000 0.866025 0.000000 0.707107 0.707107 0.000000 0.707107 0.707107 0.000000 0.866025 0.500000 0.000000 0.866025 0.500000 0.000000 0.965926 0.258819 0.000000 0.965926 0.258819 0.000000 1.000000 0.000000 0.000000 1.000000 -0.000000 0.000000 0.965926 -0.258819 0.000000 0.965926 -0.258819 0.000000 0.866025 -0.500000 0.000000 0.866025 -0.500000 0.000000 0.707107 -0.707107 0.000000 0.707107 -0.707107 0.000000 0.500000 -0.866025 0.000000 0.500000 -0.866025 0.000000 0.258819 -0.965926 0.000000 0.258819 -0.965926 0.000000 -0.000000 -1.000000 0.000000 0.000000 -1.000000 0.000000 -0.258819 -0.965926 0.000000 -0.258819 -0.965926 0.000000 -0.500000 -0.866025 0.000000 -0.500000 -0.866025 0.000000 -0.707107 -0.707107 0.000000 -0.707107 -0.707107 0.000000 -0.866025 -0.500000 0.000000 -0.866025 -0.500000 0.000000 -0.965926 -0.258819 0.000000 -0.965926 -0.258819 0.000000 -1.000000 -0.000000 0.000000 -1.000000 -0.000000 0.000000 -0.965926 0.258819 0.000000 -0.965926 0.258819 0.000000 -0.866025 0.500000 0.000000 -0.866025 0.500000 0.000000 -0.707107 0.707107 0.000000 -0.707107 0.707107 0.000000 -0.500000 0.866025 0.000000 -0.500000 0.866025 0.000000 -0.258819 0.965926 0.000000 -0.258819 0.965926 0.000000 -0.000000 1.000000 0.000000 -0.000000 1.000000 0.000000 0.258819 0.965926 0.000000 0.258819 0.965926 0.000000 0.500000 0.866025 0.000000 0.500000 0.866025 0.000000 0.707107 0.707107 0.000000 0.707107 0.707107 0.000000 0.866025 0.500000 0.000000 0.866025 0.500000 0.000000 0.965926 0.258819 0.000000 0.965926 0.258819 0.000000 1.000000 -0.000000 0.000000 1.000000 -0.000000 0.000000 0.965926 -0.258819 0.000000 0.965926 -0.258819 0.000000 0.866025 -0.500000 0.000000 0.866025 -0.500000 0.000000 0.707107 -0.707107 0.000000 0.707107 -0.707107 0.000000 0.500000 -0.866025 0.000000 0.500000 -0.866025 0.000000 0.258819 -0.965926 0.000000 0.258819 -0.965926 0.000000 -0.000000 -1.000000 0.000000 0.000000 -1.000000 0.000000 -0.258819 -0.965926 0.000000 -0.258819 -0.965926 0.000000 -0.500000 -0.866025 0.000000 -0.500000 -0.866025 0.000000 -0.707107 -0.707107 0.000000 -0.707107 -0.707107 0.000000 -0.866025 -0.500000 0.000000 -0.866025 -0.500000 0.000000 -0.965926 -0.258819 0.000000 -0.965926 -0.258819 0.000000 -1.000000 0.000000 0.000000 -1.000000 -0.000000 0.000000 -0.965926 0.258819 0.000000 -0.965926 0.258819 0.000000 -0.866025 0.500000 0.000000 -0.866025 0.500000 0.000000 -0.707107 0.707107 0.000000 -0.707107 0.707107 0.000000 -0.500000 0.866025 0.000000 -0.500000 0.866025 0.000000 -0.258819 0.965926 0.000000 -0.258819 0.965926 0.000000 -0.000000 1.000000 0.000000 -0.000000 1.000000 0.000000 0.258819 0.965926 0.000000 0.258819 0.965926 0.000000 0.500000 0.866025 0.000000 0.500000 0.866025 0.000000 0.707107 0.707107 0.000000 0.707107 0.707107 0.000000 0.866025 0.500000 0.000000 0.866025 0.500000 0.000000 0.965926 0.258819 0.000000 0.965926 0.258819 0.000000 1.000000 0.000000 0.000000 1.000000 -0.000000 0.000000 0.965926 -0.258819 0.000000 0.965926 -0.258819 0.000000 0.866025 -0.500000 0.000000 0.866025 -0.500000 0.000000 0.707107 -0.707107 0.000000 0.707107 -0.707107 0.000000 0.500000 -0.866025 0.000000 0.500000 -0.866025 0.000000 0.258819 -0.965926 0.000000 0.258819 -0.965926 0.000000 -0.000000 -1.000000 0.000000 0.000000 -1.000000 0.000000 -0.258819 -0.965926 0.000000 -0.258819 -0.965926 0.000000 -0.500000 -0.866025 0.000000 -0.500000 -0.866025 0.000000 -0.707107 -0.707107 0.000000 -0.707107 -0.707107 0.000000 -0.866025 -0.500000 0.000000 -0.866025 -0.500000 0.000000 -0.965926 -0.258819 0.000000 -0.965926 -0.258819 0.000000 -1.000000 0.000000 0.000000 -1.000000 -0.000000 0.000000 -0.965926 0.258819 0.000000 -0.965926 0.258819 0.000000 -0.866025 0.500000 0.000000 -0.866025 0.500000 0.000000 -0.707107 0.707107 0.000000 -0.707107 0.707107 0.000000 -0.500000 0.866025 0.000000 -0.500000 0.866025 0.000000 -0.258819 0.965926 0.000000 -0.258819 0.965926 0.000000 -0.000000 1.000000 0.000000 -0.000000 1.000000 0.000000 0.258819 0.965926 0.000000 0.258819 0.965926 0.000000 0.500000 0.866025 0.000000 0.500000 0.866025 0.000000 0.707107 0.707107 0.000000 0.707107 0.707107 0.000000 0.866025 0.500000 0.000000 0.866025 0.500000 0.000000 0.965926 0.258819 0.000000 0.965926 0.258819 0.000000 1.000000 0.000000 0.000000 1.000000 -0.000000 0.000000 0.965926 -0.258819 0.000000 0.965926 -0.258819 0.000000 0.866025 -0.500000 0.000000 0.866025 -0.500000 0.000000 0.707107 -0.707107 0.000000 0.707107 -0.707107 0.000000 0.500000 -0.866025 0.000000 0.500000 -0.866025 0.000000 0.000000 -1.000000 0.000000 0.000000 -1.000000 0.000000 0.000000 -1.000000 0.000000 0.000000 -1.000000 0.000000 1.000000 0.000000 0.000000 1.000000 0.000000 0.000000 1.000000 0.000000 0.000000 1.000000 0.000000 0.000000 1.000000 0.000000 0.000000 1.000000 0.000000 0.000000 1.000000 0.000000 0.000000 1.000000 0.000000 0.000000 1.000000 0.000000 0.000000 1.000000 0.000000 0.000000 0.000000 0.000000 -1.000000 0.000000 0.000000 -1.000000 0.000000 0.000000 -1.000000 0.000000 0.000000 -1.000000 0.000000 0.000000 -1.000000 0.000000 0.000000 -1.000000 0.000000 0.000000 -1.000000 0.000000 0.000000 -1.000000 0.000000 0.000000 -1.000000 0.000000 0.000000 -1.000000 0.000000 0.000000 -1.000000 0.000000 0.000000 -1.000000 0.000000 0.000000 -1.000000 0.000000 0.000000 -1.000000 0.000000 0.000000 -1.000000 0.000000 0.000000 -1.000000 0.000000 0.000000 -1.000000 0.000000 0.000000 -1.000000 0.000000 0.000000 -1.000000 0.000000 0.000000 -1.000000 0.000000 0.000000 -1.000000 0.000000 0.000000 -1.000000 0.000000 0.000000 -1.000000 0.000000 0.000000 -1.000000 0.000000 0.000000 -1.000000 0.000000 0.000000 -1.000000 0.000000 0.000000 -1.000000 0.000000 0.000000 -1.000000 0.000000 0.000000 -1.000000 0.000000 0.000000 -1.000000 0.000000 0.000000 -1.000000 0.000000 0.000000 -1.000000 0.000000 0.000000 -1.000000 0.000000 0.000000 -1.000000 0.000000 0.000000 -1.000000 0.000000 0.000000 -1.000000 0.000000 0.000000 -1.000000 0.000000 0.000000 -1.000000 0.000000 0.000000 -1.000000 0.000000 0.000000 -1.000000 0.000000 0.000000 -1.000000 0.000000 0.000000 -1.000000 0.000000 0.000000 -1.000000 0.000000 0.000000 -1.000000 0.000000 0.000000 -1.000000 0.000000 0.000000 -1.000000 0.000000 0.000000 -1.000000 0.000000 0.000000 -1.000000 0.000000 0.000000 -1.000000 0.000000 0.000000 -1.000000 0.000000 0.000000 -1.000000 0.000000 0.000000 -1.000000 0.000000 0.000000 -1.000000 0.000000 0.000000 -1.000000 0.000000 0.000000 -1.000000 0.000000 0.000000 -1.000000 0.000000 0.000000 -1.000000 0.000000 0.000000 -1.000000 0.000000 0.000000 -1.000000 0.000000 0.000000 -1.000000 0.000000 0.000000 -1.000000 0.000000 0.000000 -1.000000 0.000000 0.000000 -1.000000 0.000000 0.000000 -1.000000 0.000000 0.000000 -1.000000 0.000000 0.000000 -1.000000 0.000000 0.000000 -1.000000 0.000000 0.000000 -1.000000 0.000000 0.000000 -1.000000 0.000000 0.000000 -1.000000 0.000000 0.000000 -1.000000 0.000000 0.000000 -1.000000 0.000000 0.000000 -1.000000 0.000000 0.000000 -1.000000 0.000000 0.000000 -1.000000 0.000000 0.000000 -1.000000 0.000000 0.000000 -1.000000 0.000000 0.000000 -1.000000 0.000000 0.000000 -1.000000 0.000000 0.000000 -1.000000 0.000000 0.000000 -1.000000 0.000000 0.000000 -1.000000 0.000000 0.000000 -1.000000 0.000000 0.000000 -1.000000 0.000000 0.000000 -1.000000 0.000000 0.000000 -1.000000 0.000000 0.000000 -1.000000 0.000000 0.000000 -1.000000 0.000000 0.000000 -1.000000 0.000000 0.000000 -1.000000 0.000000 0.000000 -1.000000 0.000000 0.000000 -1.000000 0.000000 0.000000 -1.000000 0.000000 0.000000 -1.000000 0.000000 0.000000 -1.000000 0.000000 0.000000 -1.000000 0.000000 0.000000 -1.000000 0.000000 0.000000 -1.000000 0.000000 0.000000 -1.000000 0.000000 0.000000 -1.000000 -0.000000 -1.000000 -0.000000 -0.000000 -1.000000 -0.000000 -0.000000 -1.000000 -0.000000 -0.000000 -1.000000 -0.000000 -0.000000 -1.000000 -0.000000 -0.000000 -1.000000 -0.000000 -0.000000 -1.000000 -0.000000 -0.000000 -1.000000 -0.000000 -0.000000 -1.000000 -0.000000 -0.000000 -1.000000 -0.000000 -0.000000 -1.000000 -0.000000 -0.000000 -1.000000 -0.000000 -0.000000 -1.000000 -0.000000 -0.000000 -1.000000 -0.000000 -0.000000 -1.000000 -0.000000 -0.000000 -1.000000 -0.000000 -0.000000 -1.000000 -0.000000 -0.000000 -1.000000 -0.000000 -0.000000 -1.000000 -0.000000 -0.000000 -1.000000 -0.000000 -0.000000 -1.000000 -0.000000 -0.000000 -1.000000 -0.000000 -0.000000 -1.000000 -0.000000 -0.000000 -1.000000 -0.000000 -0.000000 -1.000000 -0.000000 -0.000000 -1.000000 -0.000000 -0.000000 -1.000000 -0.000000 -0.000000 -1.000000 -0.000000 -0.000000 -1.000000 -0.000000 -0.000000 -1.000000 -0.000000 -0.000000 -1.000000 -0.000000 -0.000000 -1.000000 -0.000000 -0.000000 -1.000000 -0.000000 -0.000000 -1.000000 -0.000000 -0.000000 -1.000000 -0.000000 -0.000000 -1.000000 -0.000000 -0.000000 -1.000000 -0.000000 -0.000000 -1.000000 -0.000000 -0.000000 -1.000000 -0.000000 -0.000000 -1.000000 -0.000000 -0.000000 -1.000000 -0.000000 -0.000000 -1.000000 -0.000000 -0.000000 -1.000000 -0.000000 -0.000000 -1.000000 -0.000000 -0.000000 -1.000000 -0.000000 -0.000000 -1.000000 -0.000000 -0.000000 -1.000000 -0.000000 -0.000000 -1.000000 -0.000000 -0.000000 -1.000000 -0.000000 -0.000000 -1.000000 -0.000000 -0.000000 -1.000000 -0.000000 -0.000000 -1.000000 -0.000000 -0.000000 -1.000000 0.000000 -0.000000 -1.000000 0.000000 -0.000000 -1.000000 0.000000 -0.000000 -1.000000 0.000000 -0.000000 -1.000000 0.000000 -0.000000 -1.000000 0.000000 -0.000000 -1.000000 0.000000 -0.000000 -1.000000 0.000000 -0.000000 -1.000000 0.000000 -0.000000 -1.000000 0.000000 -0.000000 -1.000000 0.000000 -0.000000 -1.000000 0.000000 -0.000000 -1.000000 0.000000 -0.000000 -1.000000 0.000000 -0.000000 -1.000000 0.000000 -0.000000 -1.000000 0.000000 -0.000000 -1.000000 0.000000 -0.000000 -1.000000 0.000000 -0.000000 -1.000000 0.000000 -0.000000 -1.000000 0.000000 -0.000000 -1.000000 0.000000 -0.000000 -1.000000 0.000000 -0.000000 -1.000000 0.000000 -0.000000 -1.000000 0.000000 -0.000000 -1.000000 0.000000 -0.000000 -1.000000 0.000000 -0.000000 -1.000000 0.000000 -0.000000 -1.000000 0.000000 -0.000000 -1.000000 0.000000 -0.000000 -1.000000 0.000000 -0.000000 -1.000000 0.000000 -0.000000 -1.000000 0.000000 -0.000000 -1.000000 0.000000 -0.000000 -1.000000 0.000000 -0.000000 -1.000000 0.000000 -0.000000 -1.000000 0.000000 -0.000000 -1.000000 0.000000 -0.000000 -1.000000 0.000000 -0.000000 -1.000000 0.000000 -0.000000 -1.000000 0.000000 -0.000000 -1.000000 0.000000 -0.000000 -1.000000 0.000000 -0.000000 -1.000000 0.000000 -0.000000 -1.000000 0.000000 -0.000000 -1.000000 0.000000 -0.000000 -1.000000 0.000000 -0.000000 -1.000000 0.000000 -0.000000 -1.000000 0.000000 -0.000000 -1.000000 0.000000 -0.000000 -1.000000 0.000000 -0.000000 -1.000000 0.000000 -0.000000 -1.000000 0.000000 -0.000000 -1.000000 0.000000 -0.000000 -1.000000 0.000000 -0.000000 -1.000000 0.000000 -0.000000 -1.000000 0.000000 -0.000000 -1.000000 0.000000 -0.000000 -1.000000 0.000000 -0.000000 -1.000000 0.000000 -0.000000 -1.000000 0.000000 -0.000000 -1.000000 0.000000 -0.000000 -1.000000 0.000000 -0.000000 -1.000000 0.000000 -0.000000 -1.000000 0.000000 -0.000000 -1.000000 0.000000 -0.000000 -1.000000 0.000000 -0.000000 -1.000000 0.000000 -0.000000 -1.000000 0.000000 -0.000000 -1.000000 0.000000 -0.000000 -1.000000 0.000000 -0.000000 -1.000000 0.000000 -0.000000 -1.000000 0.000000 -0.000000 -1.000000 0.000000 -0.000000 -1.000000 0.000000 -0.000000 -1.000000 0.000000 -0.000000 -1.000000 0.000000 -0.000000 -1.000000 0.000000 -0.000000 -1.000000 0.000000 -0.000000 -1.000000 0.000000 -0.000000 -1.000000 0.000000 -0.000000 -1.000000 0.000000 -0.000000 -1.000000 0.000000 -0.000000 -1.000000 0.000000 -0.000000 -1.000000 0.000000 -0.000000 -1.000000 0.000000 -0.000000 -1.000000 0.000000 -0.000000 -1.000000 0.000000 -0.000000 -1.000000 0.000000 -0.000000 -1.000000 0.000000 -0.000000 -1.000000 0.000000 -0.000000 -1.000000 0.000000 -0.000000 -1.000000 0.000000 -0.000000 -1.000000 0.000000 -0.000000 -1.000000 0.000000 -0.000000 -1.000000 0.000000 -0.000000 -1.000000 0.000000 -0.000000 -1.000000 0.000000 -0.000000 -1.000000 0.000000 -0.000000 -1.000000 0.000000 -0.000000 -1.000000 0.000000 -0.000000 -1.000000 0.000000 -0.000000 -1.000000 0.000000 -0.000000 -1.000000 0.000000 -0.000000 -1.000000 0.000000 -0.000000 -1.000000 0.000000 -0.000000 -1.000000 0.000000 -0.000000 -1.000000 0.000000 -0.000000 -1.000000 0.000000 -0.000000 -1.000000 0.000000 -0.000000 -1.000000 0.000000 -0.000000 -1.000000 0.000000 -0.000000 -1.000000 0.000000 -0.000000 -1.000000 0.000000 -0.000000 -1.000000 0.000000 -0.000000 -1.000000 0.000000 -0.000000 -1.000000 0.000000 -0.000000 -1.000000 0.000000 -0.000000 -1.000000 0.000000 -0.000000 -1.000000 0.000000 -0.000000 -1.000000 0.000000 -0.000000 -1.000000 0.000000 -0.000000 -1.000000 0.000000 -0.000000 -1.000000 0.000000 -0.000000 -1.000000 0.000000 -0.000000 -1.000000 0.000000 -0.000000 -1.000000 0.000000 -0.000000 -1.000000 0.000000 -0.000000 -1.000000 0.000000 -0.000000 -1.000000 0.000000 -0.000000 -1.000000 0.000000 -0.000000 -1.000000 0.000000 -0.000000 -1.000000 0.000000 -0.000000 -1.000000 0.000000 -0.000000 -1.000000 0.000000 -0.000000 -1.000000 0.000000 -0.000000 -1.000000 0.000000 -0.000000 -1.000000 0.000000 -0.000000 -1.000000 0.000000 -0.000000 -1.000000 0.000000 -0.000000 -1.000000 0.000000 -0.000000 -1.000000 0.000000 -0.000000 -1.000000 0.000000 -0.000000 -1.000000 0.000000 -0.000000 -1.000000 0.000000 -0.987050 0.000000 -0.160411 -0.987050 0.000000 -0.160411 -1.000000 0.000000 -0.000000 -1.000000 0.000000 -0.000000 -0.987050 0.000000 0.160411 -0.987050 0.000000 0.160411 -0.948536 0.000000 0.316668 -0.948536 0.000000 0.316668 -0.885456 0.000000 0.464723 -0.885456 0.000000 0.464723 -0.799443 0.000000 0.600742 -0.799443 0.000000 0.600742 -0.692724 0.000000 0.721202 -0.692724 0.000000 0.721202 -0.568065 0.000000 0.822984 -0.568065 0.000000 0.822984 -0.428693 0.000000 0.903450 -0.428693 0.000000 0.903450 -0.278217 0.000000 0.960518 -0.278217 0.000000 0.960518 -0.120537 0.000000 0.992709 -0.120537 0.000000 0.992709 0.040266 -0.000000 0.999189 0.040266 -0.000000 0.999189 0.200026 -0.000000 0.979791 0.200026 -0.000000 0.979791 0.354605 -0.000000 0.935016 0.354605 -0.000000 0.935016 0.500000 -0.000000 0.866025 0.500000 -0.000000 0.866025 0.632445 -0.000000 0.774605 0.632445 -0.000000 0.774605 0.748511 -0.000000 0.663123 0.748511 -0.000000 0.663123 0.845190 -0.000000 0.534466 0.845190 -0.000000 0.534466 0.919979 -0.000000 0.391967 0.919979 -0.000000 0.391967 0.970942 -0.000000 0.239316 0.970942 -0.000000 0.239316 0.996757 -0.000000 0.080467 0.996757 -0.000000 0.080467 0.996757 -0.000000 -0.080467 0.996757 -0.000000 -0.080467 0.970942 -0.000000 -0.239316 0.970942 -0.000000 -0.239316 0.919979 -0.000000 -0.391967 0.919979 -0.000000 -0.391967 0.845190 -0.000000 -0.534466 0.845190 -0.000000 -0.534466 0.748511 -0.000000 -0.663123 0.748511 -0.000000 -0.663123 0.632445 -0.000000 -0.774605 0.632445 -0.000000 -0.774605 0.500000 -0.000000 -0.866025 0.500000 -0.000000 -0.866025 0.354605 -0.000000 -0.935016 0.354605 -0.000000 -0.935016 0.200026 -0.000000 -0.979791 0.200026 -0.000000 -0.979791 0.040266 -0.000000 -0.999189 0.040266 -0.000000 -0.999189 -0.120537 0.000000 -0.992709 -0.120537 0.000000 -0.992709 -0.278217 0.000000 -0.960518 -0.278217 0.000000 -0.960518 -0.428693 0.000000 -0.903450 -0.428693 0.000000 -0.903450 -0.568065 0.000000 -0.822984 -0.568065 0.000000 -0.822984 -0.692724 0.000000 -0.721202 -0.692724 0.000000 -0.721202 -0.799443 0.000000 -0.600742 -0.799443 0.000000 -0.600742 -0.885456 0.000000 -0.464723 -0.885456 0.000000 -0.464723 -0.948536 0.000000 -0.316668 -0.948536 0.000000 -0.316668 0.000000 1.000000 0.000000 0.000000 1.000000 0.000000 0.000000 1.000000 0.000000 0.000000 1.000000 0.000000 0.000000 1.000000 0.000000 0.000000 1.000000 0.000000 0.000000 1.000000 0.000000 0.000000 1.000000 0.000000 0.000000 1.000000 0.000000 0.000000 1.000000 0.000000 0.000000 1.000000 0.000000 0.000000 1.000000 0.000000 0.000000 1.000000 0.000000 0.000000 1.000000 0.000000 0.000000 1.000000 0.000000 0.000000 1.000000 0.000000 0.000000 1.000000 0.000000 0.000000 1.000000 0.000000 0.000000 1.000000 0.000000 0.000000 1.000000 0.000000 0.000000 1.000000 0.000000 0.000000 1.000000 0.000000 0.000000 1.000000 0.000000 0.000000 1.000000 0.000000 0.000000 1.000000 0.000000 0.000000 1.000000 0.000000 0.000000 1.000000 0.000000 0.000000 1.000000 0.000000 0.000000 1.000000 0.000000 0.000000 1.000000 0.000000 0.000000 1.000000 0.000000 0.000000 1.000000 0.000000 0.000000 1.000000 0.000000 0.000000 1.000000 0.000000 0.000000 1.000000 0.000000 0.000000 1.000000 0.000000 0.000000 1.000000 0.000000 0.000000 1.000000 0.000000 0.000000 1.000000 0.000000 -0.988280 0.000000 -0.152649 -0.988280 0.000000 -0.152649 -1.000000 0.000000 -0.000000 -1.000000 0.000000 -0.000000 -0.988280 0.000000 0.152649 -0.988280 0.000000 0.152649 -0.953396 0.000000 0.301721 -0.953396 0.000000 0.301721 -0.896166 0.000000 0.443720 -0.896166 0.000000 0.443720 -0.817929 0.000000 0.575319 -0.817929 0.000000 0.575319 -0.720522 0.000000 0.693433 -0.720522 0.000000 0.693433 -0.606225 0.000000 0.795293 -0.606225 0.000000 0.795293 -0.477720 0.000000 0.878512 -0.477720 0.000000 0.878512 -0.338017 0.000000 0.941140 -0.338017 0.000000 0.941140 -0.190391 0.000000 0.981708 -0.190391 0.000000 0.981708 -0.038303 0.000000 0.999266 -0.038303 0.000000 0.999266 0.114683 -0.000000 0.993402 0.114683 -0.000000 0.993402 0.264982 -0.000000 0.964253 0.264982 -0.000000 0.964253 0.409069 -0.000000 0.912504 0.409069 -0.000000 0.912504 0.543568 -0.000000 0.839365 0.543568 -0.000000 0.839365 0.665326 -0.000000 0.746553 0.665326 -0.000000 0.746553 0.771489 -0.000000 0.636242 0.771489 -0.000000 0.636242 0.859570 -0.000000 0.511019 0.859570 -0.000000 0.511019 0.927502 -0.000000 0.373817 0.927502 -0.000000 0.373817 0.973695 -0.000000 0.227854 0.973695 -0.000000 0.227854 0.997066 -0.000000 0.076549 0.997066 -0.000000 0.076549 0.997066 -0.000000 -0.076549 0.997066 -0.000000 -0.076549 0.973695 -0.000000 -0.227854 0.973695 -0.000000 -0.227854 0.927502 -0.000000 -0.373817 0.927502 -0.000000 -0.373817 0.859570 -0.000000 -0.511019 0.859570 -0.000000 -0.511019 0.771489 -0.000000 -0.636242 0.771489 -0.000000 -0.636242 0.665326 -0.000000 -0.746553 0.665326 -0.000000 -0.746553 0.543568 -0.000000 -0.839365 0.543568 -0.000000 -0.839365 0.409069 -0.000000 -0.912504 0.409069 -0.000000 -0.912504 0.264982 -0.000000 -0.964253 0.264982 -0.000000 -0.964253 0.114683 -0.000000 -0.993402 0.114683 -0.000000 -0.993402 -0.038303 0.000000 -0.999266 -0.038303 0.000000 -0.999266 -0.190391 0.000000 -0.981708 -0.190391 0.000000 -0.981708 -0.338017 0.000000 -0.941140 -0.338017 0.000000 -0.941140 -0.477720 0.000000 -0.878512 -0.477720 0.000000 -0.878512 -0.606225 0.000000 -0.795293 -0.606225 0.000000 -0.795293 -0.720522 0.000000 -0.693433 -0.720522 0.000000 -0.693433 -0.817929 0.000000 -0.575319 -0.817929 0.000000 -0.575319 -0.896166 0.000000 -0.443720 -0.896166 0.000000 -0.443720 -0.953396 0.000000 -0.301721 -0.953396 0.000000 -0.301721 0.000000 1.000000 0.000000 0.000000 1.000000 0.000000 0.000000 1.000000 0.000000 0.000000 1.000000 0.000000 0.000000 1.000000 0.000000 0.000000 1.000000 0.000000 0.000000 1.000000 0.000000 0.000000 1.000000 0.000000 0.000000 1.000000 0.000000 0.000000 1.000000 0.000000 0.000000 1.000000 0.000000 0.000000 1.000000 0.000000 0.000000 1.000000 0.000000 0.000000 1.000000 0.000000 0.000000 1.000000 0.000000 0.000000 1.000000 0.000000 0.000000 1.000000 0.000000 0.000000 1.000000 0.000000 0.000000 1.000000 0.000000 0.000000 1.000000 0.000000 0.000000 1.000000 0.000000 0.000000 1.000000 0.000000 0.000000 1.000000 0.000000 0.000000 1.000000 0.000000 0.000000 1.000000 0.000000 0.000000 1.000000 0.000000 0.000000 1.000000 0.000000 0.000000 1.000000 0.000000 0.000000 1.000000 0.000000 0.000000 1.000000 0.000000 0.000000 1.000000 0.000000 0.000000 1.000000 0.000000 0.000000 1.000000 0.000000 0.000000 1.000000 0.000000 0.000000 1.000000 0.000000 0.000000 1.000000 0.000000 0.000000 1.000000 0.000000 0.000000 1.000000 0.000000 0.000000 1.000000 0.000000 0.000000 1.000000 0.000000 0.000000 1.000000 0.000000 0.000000 1.000000 0.000000 0.000000 1.000000 0.000000 0.000000 1.000000 0.000000 0.000000 1.000000 0.000000 0.000000 1.000000 0.000000 0.000000 1.000000 0.000000 0.000000 1.000000 0.000000 0.000000 1.000000 0.000000 0.000000 1.000000 0.000000 0.000000 1.000000 0.000000 0.000000 1.000000 0.000000 0.000000 1.000000 0.000000 0.000000 1.000000 0.000000 0.000000 1.000000 0.000000 0.000000 1.000000 0.000000 0.000000 1.000000 0.000000 0.000000 1.000000 0.000000 0.000000 1.000000 0.000000 0.000000 1.000000 0.000000 0.000000 1.000000 0.000000 0.000000 1.000000 0.000000 0.000000 1.000000 0.000000 0.000000 1.000000 0.000000 0.000000 1.000000 0.000000 0.000000 1.000000 0.000000 0.000000 1.000000 0.000000 0.000000 1.000000 0.000000 0.000000 1.000000 0.000000 0.000000 1.000000 0.000000 0.000000 1.000000 0.000000 0.000000 1.000000 0.000000 0.000000 1.000000 0.000000 0.000000 1.000000 0.000000 0.000000 1.000000 0.000000 0.000000 1.000000 0.000000 0.000000 1.000000 0.000000 0.000000 1.000000 0.000000 0.000000 1.000000 0.000000 0.000000 1.000000 0.000000 -0.000000 -1.000000 -0.000000 -0.000000 -1.000000 -0.000000 -0.000000 -1.000000 -0.000000 -0.000000 -1.000000 -0.000000 -0.000000 -1.000000 -0.000000 -0.000000 -1.000000 -0.000000 -0.000000 -1.000000 -0.000000 -0.000000 -1.000000 -0.000000 -0.000000 -1.000000 -0.000000 -0.000000 -1.000000 -0.000000 -0.000000 -1.000000 -0.000000 -0.000000 -1.000000 -0.000000 -0.000000 -1.000000 -0.000000 -0.000000 -1.000000 -0.000000 -0.000000 -1.000000 -0.000000 -0.000000 -1.000000 -0.000000 -0.000000 -1.000000 -0.000000 -0.000000 -1.000000 -0.000000 -0.000000 -1.000000 -0.000000 -0.000000 -1.000000 -0.000000 -0.000000 -1.000000 -0.000000 -0.000000 -1.000000 -0.000000 -0.000000 -1.000000 -0.000000 -0.000000 -1.000000 -0.000000 -0.000000 -1.000000 -0.000000 -0.000000 -1.000000 -0.000000 -0.000000 -1.000000 -0.000000 -0.000000 -1.000000 -0.000000 -0.000000 -1.000000 -0.000000 -0.000000 -1.000000 -0.000000 -0.000000 -1.000000 -0.000000 -0.000000 -1.000000 -0.000000 -0.000000 -1.000000 -0.000000 -0.000000 -1.000000 -0.000000 -0.000000 -1.000000 -0.000000 -0.000000 -1.000000 -0.000000 -0.000000 -1.000000 -0.000000 -0.000000 -1.000000 -0.000000 -0.000000 -1.000000 -0.000000 -0.000000 -1.000000 -0.000000 -0.000000 -1.000000 -0.000000 -0.000000 -1.000000 -0.000000 -0.000000 -1.000000 -0.000000 -0.000000 -1.000000 -0.000000 -0.000000 -1.000000 -0.000000 -0.000000 -1.000000 -0.000000 -0.000000 -1.000000 -0.000000 -0.000000 -1.000000 -0.000000 -0.965926 0.000000 -0.258819 -0.965926 0.000000 -0.258819 -1.000000 0.000000 -0.000000 -1.000000 0.000000 -0.000000 -0.965926 0.000000 0.258819 -0.965926 0.000000 0.258819 -0.866025 0.000000 0.500000 -0.866025 0.000000 0.500000 -0.707107 0.000000 0.707107 -0.707107 0.000000 0.707107 -0.500000 0.000000 0.866025 -0.500000 0.000000 0.866025 -0.258819 0.000000 0.965926 -0.258819 0.000000 0.965926 -0.000000 0.000000 1.000000 -0.000000 0.000000 1.000000 0.258819 -0.000000 0.965926 0.258819 -0.000000 0.965926 0.500000 -0.000000 0.866025 0.500000 -0.000000 0.866025 0.707107 -0.000000 0.707107 0.707107 -0.000000 0.707107 0.866025 -0.000000 0.500000 0.866025 -0.000000 0.500000 0.965926 -0.000000 0.258819 0.965926 -0.000000 0.258819 1.000000 -0.000000 0.000000 1.000000 -0.000000 0.000000 0.965926 -0.000000 -0.258819 0.965926 -0.000000 -0.258819 0.866025 -0.000000 -0.500000 0.866025 -0.000000 -0.500000 0.707107 -0.000000 -0.707107 0.707107 -0.000000 -0.707107 0.500000 -0.000000 -0.866025 0.500000 -0.000000 -0.866025 0.258819 -0.000000 -0.965926 0.258819 -0.000000 -0.965926 0.000000 -0.000000 -1.000000 0.000000 -0.000000 -1.000000 -0.258819 0.000000 -0.965926 -0.258819 0.000000 -0.965926 -0.500000 0.000000 -0.866025 -0.500000 0.000000 -0.866025 -0.707107 0.000000 -0.707107 -0.707107 0.000000 -0.707107 -0.866025 0.000000 -0.500000 -0.866025 0.000000 -0.500000 -0.000000 -1.000000 0.000000 -0.000000 -1.000000 0.000000 -0.000000 -1.000000 0.000000 -0.000000 -1.000000 0.000000 -0.000000 -1.000000 0.000000 -0.000000 -1.000000 0.000000 -0.000000 -1.000000 0.000000 -0.000000 -1.000000 0.000000 -0.000000 -1.000000 0.000000 -0.000000 -1.000000 0.000000 1.000000 -0.000000 0.000000 1.000000 -0.000000 0.000000 1.000000 -0.000000 0.000000 1.000000 -0.000000 0.000000 -0.965926 0.000000 -0.258819 -0.969469 0.000000 -0.245215 -1.000000 0.000000 -0.000000 -1.000000 0.000000 -0.000000 -0.969469 0.000000 0.245215 -0.879739 0.000000 -0.475457 -0.866025 0.000000 -0.500000 -0.736290 0.000000 -0.676666 -0.707107 0.000000 -0.707107 -0.547881 0.000000 -0.836556 -0.500000 0.000000 -0.866025 -0.326017 0.000000 -0.945364 -0.258819 0.000000 -0.965926 -0.084246 0.000000 -0.996445 0.000000 -0.000000 -1.000000 0.162670 -0.000000 -0.986681 0.258819 -0.000000 -0.965926 0.399653 -0.000000 -0.916667 0.399653 -0.000000 -0.916667 0.500000 -0.000000 -0.866025 0.620076 -0.000000 -0.784542 0.707107 -0.000000 -0.707107 0.799548 -0.000000 -0.600603 0.866025 -0.000000 -0.500000 0.926214 -0.000000 -0.376998 0.965926 -0.000000 -0.258819 0.991710 -0.000000 -0.128495 1.000000 -0.000000 0.000000 0.991710 -0.000000 0.128495 0.965926 -0.000000 0.258819 0.926214 -0.000000 0.376998 0.866025 -0.000000 0.500000 0.799548 -0.000000 0.600603 0.707107 -0.000000 0.707107 0.620076 -0.000000 0.784542 0.500000 -0.000000 0.866025 0.399653 -0.000000 0.916667 0.258819 -0.000000 0.965926 0.399653 -0.000000 0.916667 0.162670 -0.000000 0.986681 -0.000000 0.000000 1.000000 -0.084246 0.000000 0.996445 -0.258819 0.000000 0.965926 -0.326017 0.000000 0.945364 -0.500000 0.000000 0.866025 -0.547881 0.000000 0.836556 -0.707107 0.000000 0.707107 -0.736290 0.000000 0.676666 -0.866025 0.000000 0.500000 -0.879739 0.000000 0.475457 -0.965926 0.000000 0.258819 -0.000000 -1.000000 0.000000 -0.000000 -1.000000 0.000000 -0.000000 -1.000000 0.000000 -0.000000 -1.000000 0.000000 -0.000000 -1.000000 0.000000 -0.000000 -1.000000 0.000000 -0.000000 -1.000000 0.000000 -0.000000 -1.000000 0.000000 -0.000000 -1.000000 0.000000 -0.000000 -1.000000 0.000000 -0.000000 -1.000000 0.000000 -0.000000 -1.000000 0.000000 -0.000000 -1.000000 0.000000 -0.000000 -1.000000 0.000000 -0.000000 -1.000000 0.000000 -0.000000 -1.000000 0.000000 -0.000000 -1.000000 0.000000 -0.000000 -0.258819 0.965926 -0.000000 -0.258819 0.965926 -0.000000 -0.000000 1.000000 -0.000000 -0.258819 0.965926 -0.000000 -0.258819 0.965926 -0.000000 -0.500000 0.866025 -0.000000 -0.500000 0.866025 -0.000000 -0.707107 0.707107 -0.000000 -0.707107 0.707107 -0.000000 -0.866025 0.500000 -0.000000 -0.866025 0.500000 -0.000000 -0.965926 0.258819 -0.000000 -0.965926 0.258819 -0.000000 -1.000000 0.000000 -0.000000 -0.965926 0.258819 -0.000000 -0.965926 0.258819 -0.000000 -0.866025 0.500000 -0.000000 -0.866025 0.500000 -0.000000 -0.707107 0.707107 -0.000000 -0.707107 0.707107 -0.000000 -0.500000 0.866025 -0.000000 -0.500000 0.866025 -0.000000 -0.866025 0.500000 -0.000000 -0.965926 0.258819 -0.000000 -1.000000 0.000000 -0.000000 -0.965926 0.258819 -0.000000 -0.500000 0.866025 -0.000000 -0.258819 0.965926 0.000000 0.000000 1.000000 -0.000000 -0.258819 0.965926 -0.000000 -0.500000 0.866025 -0.000000 -0.707107 0.707107 -0.000000 -0.707107 0.707107 -0.000000 -0.866025 0.500000 -1.000000 0.000000 0.000000 -1.000000 0.000000 0.000000 -1.000000 0.000000 0.000000 -1.000000 0.000000 0.000000 -1.000000 0.000000 0.000000 -1.000000 0.000000 0.000000 -1.000000 0.000000 0.000000 -1.000000 0.000000 0.000000 -1.000000 0.000000 0.000000 -1.000000 0.000000 0.000000 -1.000000 0.000000 0.000000 -1.000000 0.000000 0.000000 -0.000000 -1.000000 0.000000 -0.000000 -1.000000 0.000000 -0.000000 -1.000000 0.000000 -0.000000 -1.000000 0.000000 -0.000000 -1.000000 0.000000 -0.000000 -1.000000 0.000000 -0.000000 -1.000000 0.000000 -0.000000 -1.000000 0.000000 -0.000000 -1.000000 0.000000 -0.000000 -1.000000 0.000000 -0.000000 -1.000000 0.000000 -0.000000 -1.000000 0.000000 -0.000000 -1.000000 0.000000 -0.000000 -1.000000 0.000000 -0.000000 -1.000000 0.000000 -0.000000 -1.000000 0.000000 -0.000000 -1.000000 0.000000 -0.000000 -1.000000 0.000000 -0.000000 -1.000000 0.000000 -0.000000 -1.000000 0.000000 -0.000000 -1.000000 0.000000 -0.000000 -1.000000 0.000000 -0.000000 -1.000000 0.000000 -0.000000 -1.000000 0.000000 -0.000000 -1.000000 0.000000 -0.000000 -1.000000 0.000000 -0.000000 -1.000000 0.000000 -0.000000 -1.000000 0.000000 -0.000000 -1.000000 0.000000 -0.000000 -1.000000 0.000000 -0.000000 -1.000000 0.000000 -0.000000 -1.000000 0.000000 -0.000000 -1.000000 0.000000 -0.000000 -1.000000 0.000000 -0.000000 -1.000000 0.000000 -0.000000 -1.000000 0.000000 -0.000000 -1.000000 0.000000 -0.000000 -1.000000 0.000000 -0.000000 -1.000000 0.000000 -0.000000 -1.000000 0.000000 -0.000000 -1.000000 0.000000 -0.000000 -1.000000 0.000000 -0.000000 -1.000000 0.000000 -0.000000 -1.000000 0.000000 -0.000000 -1.000000 0.000000 -0.000000 -1.000000 0.000000 -0.000000 -1.000000 0.000000 -0.000000 -1.000000 0.000000 -0.000000 -1.000000 0.000000 -0.000000 -1.000000 0.000000 -0.000000 -1.000000 0.000000 -0.000000 -1.000000 0.000000 -0.000000 -1.000000 0.000000 -0.000000 -1.000000 0.000000 -0.000000 -1.000000 0.000000 -0.000000 -1.000000 0.000000 -0.000000 -1.000000 0.000000 -0.000000 -1.000000 0.000000 -0.000000 -1.000000 0.000000 -0.000000 -1.000000 0.000000 -0.000000 -1.000000 0.000000 -0.000000 -1.000000 0.000000 -0.000000 -1.000000 0.000000 -0.000000 -1.000000 0.000000 -0.000000 -1.000000 0.000000 -0.000000 -1.000000 0.000000 -0.000000 -1.000000 0.000000 -0.000000 -1.000000 0.000000 -0.000000 -1.000000 0.000000 -0.000000 -1.000000 0.000000 -0.000000 -1.000000 0.000000 -0.000000 -1.000000 0.000000 -0.000000 -1.000000 0.000000 -0.000000 -1.000000 0.000000 -0.000000 -1.000000 0.000000 -0.000000 -1.000000 0.000000 -0.000000 -1.000000 0.000000 -0.000000 -1.000000 0.000000 -0.000000 -1.000000 0.000000 -0.000000 -1.000000 0.000000 -0.000000 -1.000000 0.000000 -0.000000 -1.000000 0.000000 -0.000000 -1.000000 0.000000 -0.000000 -1.000000 0.000000 -0.000000 -1.000000 0.000000 -0.000000 -1.000000 0.000000 -0.000000 -1.000000 0.000000 -0.000000 -1.000000 0.000000 -0.000000 -1.000000 0.000000 -0.000000 -1.000000 0.000000 -0.000000 -1.000000 0.000000 -0.000000 -1.000000 0.000000 -0.000000 -1.000000 0.000000 -0.000000 -1.000000 0.000000 -0.000000 -1.000000 0.000000 -0.000000 -1.000000 0.000000 -0.000000 -1.000000 0.000000 -0.000000 -1.000000 0.000000 -0.000000 -1.000000 0.000000 -0.000000 -1.000000 0.000000 -0.000000 -1.000000 0.000000 -0.000000 -1.000000 0.000000 -0.000000 -1.000000 0.000000 -0.000000 -1.000000 0.000000 -0.000000 -1.000000 0.000000 -0.000000 -1.000000 0.000000 -0.000000 -1.000000 0.000000 -0.000000 -1.000000 0.000000 -0.000000 -1.000000 0.000000 -0.000000 -1.000000 0.000000 -0.000000 -1.000000 0.000000 -0.000000 -1.000000 0.000000 -0.000000 -1.000000 0.000000 -0.000000 -1.000000 0.000000 -0.000000 -1.000000 0.000000 -0.000000 -1.000000 0.000000 -0.000000 -1.000000 0.000000 -0.000000 -1.000000 0.000000 -0.000000 -1.000000 0.000000 -0.000000 -1.000000 0.000000 -0.000000 -1.000000 0.000000 -0.000000 -1.000000 0.000000 -0.000000 -1.000000 0.000000 -0.000000 -1.000000 0.000000 -0.000000 -1.000000 0.000000 -0.000000 -1.000000 0.000000 -0.000000 -1.000000 0.000000 -0.000000 -1.000000 0.000000 -0.000000 -1.000000 0.000000 -0.000000 -1.000000 0.000000 -0.000000 -1.000000 0.000000 -0.000000 -1.000000 0.000000 -0.000000 -1.000000 0.000000 -0.000000 -1.000000 0.000000 -0.000000 -1.000000 0.000000 -0.000000 -1.000000 0.000000 -0.000000 -1.000000 0.000000 -0.000000 -1.000000 0.000000 -0.000000 -1.000000 0.000000 -0.000000 -1.000000 0.000000 -0.000000 -1.000000 0.000000 -0.000000 -1.000000 0.000000 -0.000000 -1.000000 0.000000 -0.000000 -1.000000 0.000000 -0.000000 -1.000000 0.000000 -0.000000 -1.000000 0.000000 -0.000000 -1.000000 0.000000 -0.000000 -1.000000 0.000000 -0.000000 -1.000000 0.000000 -0.000000 -1.000000 0.000000 -0.000000 -1.000000 0.000000 -0.000000 -1.000000 0.000000 -0.000000 -1.000000 0.000000 -0.000000 -1.000000 0.000000 -0.000000 -1.000000 0.000000 -0.000000 -1.000000 0.000000 -0.000000 -1.000000 0.000000 -0.000000 -1.000000 0.000000 -0.000000 -1.000000 0.000000 -0.000000 -1.000000 0.000000 -0.000000 -1.000000 0.000000 -0.000000 -1.000000 0.000000 -0.000000 -1.000000 0.000000 -0.000000 -1.000000 0.000000 -0.000000 -1.000000 0.000000 -0.000000 -1.000000 0.000000 -0.000000 -1.000000 0.000000 -0.000000 -1.000000 0.000000 -0.000000 -1.000000 0.000000 -0.000000 -1.000000 0.000000 -0.000000 -1.000000 0.000000 -0.000000 -1.000000 0.000000 -0.000000 -1.000000 0.000000 -0.000000 -1.000000 0.000000 -0.000000 -1.000000 0.000000 -0.000000 -1.000000 0.000000 -0.000000 -1.000000 0.000000 -0.000000 -1.000000 0.000000 -0.000000 -1.000000 0.000000 -0.000000 -1.000000 0.000000 -0.000000 -1.000000 0.000000 -0.000000 -1.000000 0.000000 -0.000000 -1.000000 0.000000 -0.000000 -1.000000 0.000000 -0.000000 -1.000000 0.000000 -0.000000 -1.000000 0.000000 -0.000000 -1.000000 0.000000 -0.000000 -1.000000 0.000000 -0.000000 -1.000000 0.000000 -0.000000 -1.000000 0.000000 -0.000000 -1.000000 0.000000 -0.000000 -1.000000 0.000000 -0.000000 -1.000000 0.000000 -0.000000 -1.000000 0.000000 -0.965926 0.000000 0.258819 -0.965926 0.000000 0.258819 -1.000000 0.000000 -0.000000 -1.000000 0.000000 -0.000000 -0.965926 0.000000 -0.258819 -0.965926 0.000000 -0.258819 -0.866025 0.000000 -0.500000 -0.866025 0.000000 -0.500000 -0.707107 0.000000 -0.707107 -0.707107 0.000000 -0.707107 -0.500000 0.000000 -0.866025 -0.500000 0.000000 -0.866025 -0.258819 0.000000 -0.965926 -0.258819 0.000000 -0.965926 -0.000000 0.000000 -1.000000 -0.000000 0.000000 -1.000000 0.258819 -0.000000 -0.965926 0.258819 -0.000000 -0.965926 0.500000 -0.000000 -0.866025 0.500000 -0.000000 -0.866025 0.707107 -0.000000 -0.707107 0.707107 -0.000000 -0.707107 0.866025 -0.000000 -0.500000 0.866025 -0.000000 -0.500000 0.965926 -0.000000 -0.258819 0.965926 -0.000000 -0.258819 1.000000 -0.000000 -0.000000 1.000000 -0.000000 -0.000000 0.965926 -0.000000 0.258819 0.965926 -0.000000 0.258819 0.866025 -0.000000 0.500000 0.866025 -0.000000 0.500000 0.707107 -0.000000 0.707107 0.707107 -0.000000 0.707107 0.500000 -0.000000 0.866025 0.500000 -0.000000 0.866025 0.258819 -0.000000 0.965926 0.258819 -0.000000 0.965926 -0.000000 0.000000 1.000000 -0.000000 0.000000 1.000000 -0.258819 0.000000 0.965926 -0.258819 0.000000 0.965926 -0.500000 0.000000 0.866025 -0.500000 0.000000 0.866025 -0.707107 0.000000 0.707107 -0.707107 0.000000 0.707107 -0.866025 0.000000 0.500000 -0.866025 0.000000 0.500000 -0.965926 0.000000 0.258819 -0.965926 0.000000 0.258819 -1.000000 0.000000 -0.000000 -1.000000 0.000000 -0.000000 -0.965926 0.000000 -0.258819 -0.965926 0.000000 -0.258819 -0.866025 0.000000 -0.500000 -0.866025 0.000000 -0.500000 -0.707107 0.000000 -0.707107 -0.707107 0.000000 -0.707107 -0.500000 0.000000 -0.866025 -0.500000 0.000000 -0.866025 -0.258819 0.000000 -0.965926 -0.258819 0.000000 -0.965926 -0.000000 0.000000 -1.000000 -0.000000 0.000000 -1.000000 0.258819 -0.000000 -0.965926 0.258819 -0.000000 -0.965926 0.500000 -0.000000 -0.866025 0.500000 -0.000000 -0.866025 0.707107 -0.000000 -0.707107 0.707107 -0.000000 -0.707107 0.866025 -0.000000 -0.500000 0.866025 -0.000000 -0.500000 0.965926 -0.000000 -0.258819 0.965926 -0.000000 -0.258819 1.000000 -0.000000 -0.000000 1.000000 -0.000000 -0.000000 0.965926 -0.000000 0.258819 0.965926 -0.000000 0.258819 0.866025 -0.000000 0.500000 0.866025 -0.000000 0.500000 0.707107 -0.000000 0.707107 0.707107 -0.000000 0.707107 0.500000 -0.000000 0.866025 0.500000 -0.000000 0.866025 0.258819 -0.000000 0.965926 0.258819 -0.000000 0.965926 -0.000000 0.000000 1.000000 -0.000000 0.000000 1.000000 -0.258819 0.000000 0.965926 -0.258819 0.000000 0.965926 -0.500000 0.000000 0.866025 -0.500000 0.000000 0.866025 -0.707107 0.000000 0.707107 -0.707107 0.000000 0.707107 -0.866025 0.000000 0.500000 -0.866025 0.000000 0.500000 -0.965926 0.000000 0.258819 -0.965926 0.000000 0.258819 -1.000000 0.000000 -0.000000 -1.000000 0.000000 -0.000000 -0.965926 0.000000 -0.258819 -0.965926 0.000000 -0.258819 -0.866025 0.000000 -0.500000 -0.866025 0.000000 -0.500000 -0.707107 0.000000 -0.707107 -0.707107 0.000000 -0.707107 -0.500000 0.000000 -0.866025 -0.500000 0.000000 -0.866025 -0.258819 0.000000 -0.965926 -0.258819 0.000000 -0.965926 0.000000 -0.000000 -1.000000 -0.000000 0.000000 -1.000000 0.258819 -0.000000 -0.965926 0.258819 -0.000000 -0.965926 0.500000 -0.000000 -0.866025 0.500000 -0.000000 -0.866025 0.707107 -0.000000 -0.707107 0.707107 -0.000000 -0.707107 0.866025 -0.000000 -0.500000 0.866025 -0.000000 -0.500000 0.965926 -0.000000 -0.258819 0.965926 -0.000000 -0.258819 1.000000 -0.000000 -0.000000 1.000000 -0.000000 -0.000000 0.965926 -0.000000 0.258819 0.965926 -0.000000 0.258819 0.866025 -0.000000 0.500000 0.866025 -0.000000 0.500000 0.707107 -0.000000 0.707107 0.707107 -0.000000 0.707107 0.500000 -0.000000 0.866025 0.500000 -0.000000 0.866025 0.258819 -0.000000 0.965926 0.258819 -0.000000 0.965926 0.000000 -0.000000 1.000000 -0.000000 0.000000 1.000000 -0.258819 0.000000 0.965926 -0.258819 0.000000 0.965926 -0.500000 0.000000 0.866025 -0.500000 0.000000 0.866025 -0.707107 0.000000 0.707107 -0.707107 0.000000 0.707107 -0.866025 0.000000 0.500000 -0.866025 0.000000 0.500000 -0.965926 0.000000 0.258819 -0.965926 0.000000 0.258819 -1.000000 0.000000 -0.000000 -1.000000 0.000000 -0.000000 -0.965926 0.000000 -0.258819 -0.965926 0.000000 -0.258819 -0.866025 0.000000 -0.500000 -0.866025 0.000000 -0.500000 -0.707107 0.000000 -0.707107 -0.707107 0.000000 -0.707107 -0.500000 0.000000 -0.866025 -0.500000 0.000000 -0.866025 -0.258819 0.000000 -0.965926 -0.258819 0.000000 -0.965926 0.000000 -0.000000 -1.000000 -0.000000 0.000000 -1.000000 0.258819 -0.000000 -0.965926 0.258819 -0.000000 -0.965926 0.500000 -0.000000 -0.866025 0.500000 -0.000000 -0.866025 0.707107 -0.000000 -0.707107 0.707107 -0.000000 -0.707107 0.866025 -0.000000 -0.500000 0.866025 -0.000000 -0.500000 0.965926 -0.000000 -0.258819 0.965926 -0.000000 -0.258819 1.000000 -0.000000 -0.000000 1.000000 -0.000000 -0.000000 0.965926 -0.000000 0.258819 0.965926 -0.000000 0.258819 0.866025 -0.000000 0.500000 0.866025 -0.000000 0.500000 0.707107 -0.000000 0.707107 0.707107 -0.000000 0.707107 0.500000 -0.000000 0.866025 0.500000 -0.000000 0.866025 0.258819 -0.000000 0.965926 0.258819 -0.000000 0.965926 0.000000 -0.000000 1.000000 -0.000000 0.000000 1.000000 -0.258819 0.000000 0.965926 -0.258819 0.000000 0.965926 -0.500000 0.000000 0.866025 -0.500000 0.000000 0.866025 -0.707107 0.000000 0.707107 -0.707107 0.000000 0.707107 -0.866025 0.000000 0.500000 -0.866025 0.000000 0.500000 1.000000 -0.000000 0.000000 1.000000 -0.000000 0.000000 1.000000 -0.000000 0.000000 1.000000 -0.000000 0.000000 0.970942 -0.000000 0.239316 0.970942 -0.000000 0.239316 0.885456 -0.000000 0.464723 0.885456 -0.000000 0.464723 0.748511 -0.000000 0.663123 0.748511 -0.000000 0.663123 0.568065 -0.000000 0.822984 0.568065 -0.000000 0.822984 0.354605 -0.000000 0.935016 0.354605 -0.000000 0.935016 0.120537 -0.000000 0.992709 0.120537 -0.000000 0.992709 -0.120537 0.000000 0.992709 -0.120537 0.000000 0.992709 -0.354605 0.000000 0.935016 -0.354605 0.000000 0.935016 -0.568065 0.000000 0.822984 -0.568065 0.000000 0.822984 -0.748511 0.000000 0.663123 -0.748511 0.000000 0.663123 -0.885456 0.000000 0.464723 -0.885456 0.000000 0.464723 -0.970942 0.000000 0.239316 -0.970942 0.000000 0.239316 -1.000000 0.000000 -0.000000 -1.000000 0.000000 -0.000000 -1.000000 0.000000 0.000000 -1.000000 0.000000 0.000000 -1.000000 0.000000 0.000000 -1.000000 0.000000 0.000000 -0.970942 0.000000 -0.239316 -0.970942 0.000000 -0.239316 -0.885456 0.000000 -0.464723 -0.885456 0.000000 -0.464723 -0.748511 0.000000 -0.663123 -0.748511 0.000000 -0.663123 -0.568065 0.000000 -0.822984 -0.568065 0.000000 -0.822984 -0.354605 0.000000 -0.935016 -0.354605 0.000000 -0.935016 -0.120537 0.000000 -0.992709 -0.120537 0.000000 -0.992709 0.120537 -0.000000 -0.992709 0.120537 -0.000000 -0.992709 0.354605 -0.000000 -0.935016 0.354605 -0.000000 -0.935016 0.568065 -0.000000 -0.822984 0.568065 -0.000000 -0.822984 0.748511 -0.000000 -0.663123 0.748511 -0.000000 -0.663123 0.885456 -0.000000 -0.464723 0.885456 -0.000000 -0.464723 0.970942 -0.000000 -0.239316 0.970942 -0.000000 -0.239316 1.000000 -0.000000 -0.000000 1.000000 -0.000000 -0.000000 -0.965926 0.000000 0.258819 -0.965926 0.000000 0.258819 -1.000000 0.000000 -0.000000 -1.000000 0.000000 -0.000000 -0.965926 0.000000 -0.258819 -0.965926 0.000000 -0.258819 -0.866025 0.000000 -0.500000 -0.866025 0.000000 -0.500000 -0.707107 0.000000 -0.707107 -0.707107 0.000000 -0.707107 -0.500000 0.000000 -0.866025 -0.500000 0.000000 -0.866025 -0.258819 0.000000 -0.965926 -0.258819 0.000000 -0.965926 0.000000 -0.000000 -1.000000 -0.000000 0.000000 -1.000000 0.258819 -0.000000 -0.965926 0.258819 -0.000000 -0.965926 0.500000 -0.000000 -0.866025 0.500000 -0.000000 -0.866025 0.707107 -0.000000 -0.707107 0.707107 -0.000000 -0.707107 0.866025 -0.000000 -0.500000 0.866025 -0.000000 -0.500000 0.965926 -0.000000 -0.258819 0.965926 -0.000000 -0.258819 1.000000 -0.000000 -0.000000 1.000000 -0.000000 -0.000000 0.965926 -0.000000 0.258819 0.965926 -0.000000 0.258819 0.866025 -0.000000 0.500000 0.866025 -0.000000 0.500000 0.707107 -0.000000 0.707107 0.707107 -0.000000 0.707107 0.500000 -0.000000 0.866025 0.500000 -0.000000 0.866025 0.258819 -0.000000 0.965926 0.258819 -0.000000 0.965926 0.000000 -0.000000 1.000000 -0.000000 0.000000 1.000000 -0.258819 0.000000 0.965926 -0.258819 0.000000 0.965926 -0.500000 0.000000 0.866025 -0.500000 0.000000 0.866025 -0.707107 0.000000 0.707107 -0.707107 0.000000 0.707107 -0.866025 0.000000 0.500000 -0.866025 0.000000 0.500000 -0.965926 0.000000 0.258819 -0.965926 0.000000 0.258819 -1.000000 0.000000 -0.000000 -1.000000 0.000000 -0.000000 -0.965926 0.000000 -0.258819 -0.965926 0.000000 -0.258819 -0.866025 0.000000 -0.500000 -0.866025 0.000000 -0.500000 -0.707107 0.000000 -0.707107 -0.707107 0.000000 -0.707107 -0.500000 0.000000 -0.866025 -0.500000 0.000000 -0.866025 -0.258819 0.000000 -0.965926 -0.258819 0.000000 -0.965926 0.000000 -0.000000 -1.000000 -0.000000 0.000000 -1.000000 0.258819 -0.000000 -0.965926 0.258819 -0.000000 -0.965926 0.500000 -0.000000 -0.866025 0.500000 -0.000000 -0.866025 0.707107 -0.000000 -0.707107 0.707107 -0.000000 -0.707107 0.866025 -0.000000 -0.500000 0.866025 -0.000000 -0.500000 0.965926 -0.000000 -0.258819 0.965926 -0.000000 -0.258819 1.000000 -0.000000 -0.000000 1.000000 -0.000000 -0.000000 0.965926 -0.000000 0.258819 0.965926 -0.000000 0.258819 0.866025 -0.000000 0.500000 0.866025 -0.000000 0.500000 0.707107 -0.000000 0.707107 0.707107 -0.000000 0.707107 0.500000 -0.000000 0.866025 0.500000 -0.000000 0.866025 0.258819 -0.000000 0.965926 0.258819 -0.000000 0.965926 0.000000 -0.000000 1.000000 -0.000000 0.000000 1.000000 -0.258819 0.000000 0.965926 -0.258819 0.000000 0.965926 -0.500000 0.000000 0.866025 -0.500000 0.000000 0.866025 -0.707107 0.000000 0.707107 -0.707107 0.000000 0.707107 -0.866025 0.000000 0.500000 -0.866025 0.000000 0.500000 1.000000 -0.000000 0.000000 1.000000 -0.000000 0.000000 0.987688 -0.000000 -0.156434 0.987688 -0.000000 -0.156434 0.951057 -0.000000 -0.309017 0.951057 -0.000000 -0.309017 0.891007 -0.000000 -0.453990 0.891007 -0.000000 -0.453990 0.809017 -0.000000 -0.587785 0.809017 -0.000000 -0.587785 0.707107 -0.000000 -0.707107 0.707107 -0.000000 -0.707107 0.587785 -0.000000 -0.809017 0.587785 -0.000000 -0.809017 0.453990 -0.000000 -0.891007 0.453990 -0.000000 -0.891007 0.309017 -0.000000 -0.951057 0.309017 -0.000000 -0.951057 0.156434 -0.000000 -0.987688 0.156434 -0.000000 -0.987688 0.000000 -0.000000 -1.000000 0.000000 -0.000000 -1.000000 0.000000 -0.000000 -1.000000 0.000000 -0.000000 -1.000000 -0.156434 0.000000 -0.987688 -0.156434 0.000000 -0.987688 -0.309017 0.000000 -0.951057 -0.309017 0.000000 -0.951057 -0.453990 0.000000 -0.891007 -0.453990 0.000000 -0.891007 -0.587785 0.000000 -0.809017 -0.587785 0.000000 -0.809017 -0.707107 0.000000 -0.707107 -0.707107 0.000000 -0.707107 -0.809017 0.000000 -0.587785 -0.809017 0.000000 -0.587785 -0.891007 0.000000 -0.453990 -0.891007 0.000000 -0.453990 -0.951057 0.000000 -0.309017 -0.951057 0.000000 -0.309017 -0.987688 0.000000 -0.156434 -0.987688 0.000000 -0.156434 0.000000 1.000000 -0.000000 0.000000 1.000000 -0.000000 0.000000 1.000000 -0.000000 0.000000 1.000000 -0.000000 0.000000 1.000000 -0.000000 0.000000 1.000000 -0.000000 0.000000 1.000000 -0.000000 0.000000 1.000000 -0.000000 0.000000 1.000000 -0.000000 0.000000 1.000000 -0.000000 0.000000 1.000000 -0.000000 0.000000 1.000000 -0.000000 0.000000 1.000000 -0.000000 0.000000 1.000000 -0.000000 0.000000 1.000000 -0.000000 0.000000 1.000000 -0.000000 0.000000 1.000000 -0.000000 0.000000 1.000000 -0.000000 0.000000 1.000000 -0.000000 0.000000 1.000000 -0.000000 0.000000 1.000000 -0.000000 0.000000 1.000000 -0.000000 0.000000 1.000000 -0.000000 0.000000 1.000000 -0.000000 0.000000 1.000000 -0.000000 0.000000 1.000000 -0.000000 0.000000 1.000000 -0.000000 0.000000 1.000000 -0.000000 0.000000 1.000000 -0.000000 0.000000 1.000000 -0.000000 0.000000 1.000000 -0.000000 0.000000 1.000000 -0.000000 0.000000 1.000000 -0.000000 0.000000 1.000000 -0.000000 0.000000 1.000000 -0.000000 0.000000 1.000000 -0.000000 0.000000 1.000000 -0.000000 0.000000 1.000000 -0.000000 0.000000 1.000000 -0.000000 0.000000 1.000000 -0.000000 0.000000 1.000000 -0.000000 0.000000 1.000000 -0.000000 0.000000 1.000000 -0.000000 0.000000 1.000000 -0.000000 0.000000 1.000000 -0.000000 0.000000 1.000000 -0.000000 0.000000 1.000000 -0.000000 0.000000 1.000000 -0.000000 0.000000 1.000000 -0.000000 0.000000 1.000000 -0.000000 0.000000 1.000000 -0.000000 0.000000 1.000000 -0.000000 0.000000 1.000000 -0.000000 0.000000 1.000000 -0.000000 0.000000 1.000000 -0.000000 0.000000 1.000000 -0.000000 0.000000 1.000000 -0.000000 0.000000 1.000000 -0.000000 0.000000 1.000000 -0.000000 0.000000 1.000000 -0.000000 0.000000 1.000000 -0.000000 0.000000 1.000000 -0.000000 0.000000 1.000000 -0.000000 0.000000 1.000000 -0.000000 0.000000 1.000000 -0.000000 0.258819 -0.965926 0.000000 0.258819 -0.965926 0.000000 -0.000000 -1.000000 0.000000 -0.000000 -1.000000 0.000000 -0.258819 -0.965926 0.000000 -0.258819 -0.965926 0.000000 -0.500000 -0.866025 0.000000 -0.500000 -0.866025 0.000000 -0.707107 -0.707107 0.000000 -0.707107 -0.707107 0.000000 -0.866025 -0.500000 0.000000 -0.866025 -0.500000 0.000000 -0.965926 -0.258819 0.000000 -0.965926 -0.258819 0.000000 -1.000000 -0.000000 0.000000 -1.000000 0.000000 0.000000 -0.965926 0.258819 0.000000 -0.965926 0.258819 0.000000 -0.866025 0.500000 0.000000 -0.866025 0.500000 0.000000 -0.707107 0.707107 0.000000 -0.707107 0.707107 0.000000 -0.500000 0.866025 0.000000 -0.500000 0.866025 0.000000 -0.258819 0.965926 0.000000 -0.258819 0.965926 0.000000 -0.000000 1.000000 0.000000 -0.000000 1.000000 0.000000 0.258819 0.965926 0.000000 0.258819 0.965926 0.000000 0.500000 0.866025 0.000000 0.500000 0.866025 0.000000 0.707107 0.707107 0.000000 0.707107 0.707107 0.000000 0.866025 0.500000 0.000000 0.866025 0.500000 0.000000 0.965926 0.258819 0.000000 0.965926 0.258819 0.000000 1.000000 -0.000000 0.000000 1.000000 0.000000 0.000000 0.965926 -0.258819 0.000000 0.965926 -0.258819 0.000000 0.866025 -0.500000 0.000000 0.866025 -0.500000 0.000000 0.707107 -0.707107 0.000000 0.707107 -0.707107 0.000000 0.500000 -0.866025 0.000000 0.500000 -0.866025 0.000000 0.258819 -0.965926 0.000000 0.258819 -0.965926 0.000000 -0.000000 -1.000000 0.000000 -0.000000 -1.000000 0.000000 -0.258819 -0.965926 0.000000 -0.258819 -0.965926 0.000000 -0.500000 -0.866025 0.000000 -0.500000 -0.866025 0.000000 -0.707107 -0.707107 0.000000 -0.707107 -0.707107 0.000000 -0.866025 -0.500000 0.000000 -0.866025 -0.500000 0.000000 -0.965926 -0.258819 0.000000 -0.965926 -0.258819 0.000000 -1.000000 0.000000 0.000000 -1.000000 0.000000 0.000000 -0.965926 0.258819 0.000000 -0.965926 0.258819 0.000000 -0.866025 0.500000 0.000000 -0.866025 0.500000 0.000000 -0.707107 0.707107 0.000000 -0.707107 0.707107 0.000000 -0.500000 0.866025 0.000000 -0.500000 0.866025 0.000000 -0.258819 0.965926 0.000000 -0.258819 0.965926 0.000000 0.000000 1.000000 0.000000 -0.000000 1.000000 0.000000 0.258819 0.965926 0.000000 0.258819 0.965926 0.000000 0.500000 0.866025 0.000000 0.500000 0.866025 0.000000 0.707107 0.707107 0.000000 0.707107 0.707107 0.000000 0.866025 0.500000 0.000000 0.866025 0.500000 0.000000 0.965926 0.258819 0.000000 0.965926 0.258819 0.000000 1.000000 0.000000 0.000000 1.000000 0.000000 0.000000 0.965926 -0.258819 0.000000 0.965926 -0.258819 0.000000 0.866025 -0.500000 0.000000 0.866025 -0.500000 0.000000 0.707107 -0.707107 0.000000 0.707107 -0.707107 0.000000 0.500000 -0.866025 0.000000 0.500000 -0.866025 0.000000 0.258819 -0.965926 0.000000 0.258819 -0.965926 0.000000 -0.000000 -1.000000 0.000000 -0.000000 -1.000000 0.000000 -0.258819 -0.965926 0.000000 -0.258819 -0.965926 0.000000 -0.500000 -0.866025 0.000000 -0.500000 -0.866025 0.000000 -0.707107 -0.707107 0.000000 -0.707107 -0.707107 0.000000 -0.866025 -0.500000 0.000000 -0.866025 -0.500000 0.000000 -0.965926 -0.258819 0.000000 -0.965926 -0.258819 0.000000 -1.000000 -0.000000 0.000000 -1.000000 0.000000 0.000000 -0.965926 0.258819 0.000000 -0.965926 0.258819 0.000000 -0.866025 0.500000 0.000000 -0.866025 0.500000 0.000000 -0.707107 0.707107 0.000000 -0.707107 0.707107 0.000000 -0.500000 0.866025 0.000000 -0.500000 0.866025 0.000000 -0.258819 0.965926 0.000000 -0.258819 0.965926 0.000000 -0.000000 1.000000 0.000000 -0.000000 1.000000 0.000000 0.258819 0.965926 0.000000 0.258819 0.965926 0.000000 0.500000 0.866025 0.000000 0.500000 0.866025 0.000000 0.707107 0.707107 0.000000 0.707107 0.707107 0.000000 0.866025 0.500000 0.000000 0.866025 0.500000 0.000000 0.965926 0.258819 0.000000 0.965926 0.258819 0.000000 1.000000 -0.000000 0.000000 1.000000 0.000000 0.000000 0.965926 -0.258819 0.000000 0.965926 -0.258819 0.000000 0.866025 -0.500000 0.000000 0.866025 -0.500000 0.000000 0.707107 -0.707107 0.000000 0.707107 -0.707107 0.000000 0.500000 -0.866025 0.000000 0.500000 -0.866025 0.000000 0.258819 -0.965926 0.000000 0.258819 -0.965926 0.000000 -0.000000 -1.000000 0.000000 -0.000000 -1.000000 0.000000 -0.258819 -0.965926 0.000000 -0.258819 -0.965926 0.000000 -0.500000 -0.866025 0.000000 -0.500000 -0.866025 0.000000 -0.707107 -0.707107 0.000000 -0.707107 -0.707107 0.000000 -0.866025 -0.500000 0.000000 -0.866025 -0.500000 0.000000 -0.965926 -0.258819 0.000000 -0.965926 -0.258819 0.000000 -1.000000 -0.000000 0.000000 -1.000000 0.000000 0.000000 -0.965926 0.258819 0.000000 -0.965926 0.258819 0.000000 -0.866025 0.500000 0.000000 -0.866025 0.500000 0.000000 -0.707107 0.707107 0.000000 -0.707107 0.707107 0.000000 -0.500000 0.866025 0.000000 -0.500000 0.866025 0.000000 -0.258819 0.965926 0.000000 -0.258819 0.965926 0.000000 0.000000 1.000000 0.000000 -0.000000 1.000000 0.000000 0.258819 0.965926 0.000000 0.258819 0.965926 0.000000 0.500000 0.866025 0.000000 0.500000 0.866025 0.000000 0.707107 0.707107 0.000000 0.707107 0.707107 0.000000 0.866025 0.500000 0.000000 0.866025 0.500000 0.000000 0.965926 0.258819 0.000000 0.965926 0.258819 0.000000 1.000000 -0.000000 0.000000 1.000000 0.000000 0.000000 0.965926 -0.258819 0.000000 0.965926 -0.258819 0.000000 0.866025 -0.500000 0.000000 0.866025 -0.500000 0.000000 0.707107 -0.707107 0.000000 0.707107 -0.707107 0.000000 0.500000 -0.866025 0.000000 0.500000 -0.866025 0.000000 0.000000 1.000000 0.000000 0.000000 1.000000 0.000000 0.000000 1.000000 0.000000 0.000000 1.000000 0.000000 1.000000 -0.000000 0.000000 1.000000 -0.000000 0.000000 1.000000 -0.000000 0.000000 1.000000 -0.000000 0.000000 1.000000 -0.000000 0.000000 1.000000 -0.000000 0.000000 1.000000 -0.000000 0.000000 1.000000 -0.000000 0.000000 1.000000 -0.000000 0.000000 1.000000 -0.000000 0.000000 0.000000 -0.000000 -1.000000 0.000000 -0.000000 -1.000000 0.000000 -0.000000 -1.000000 0.000000 -0.000000 -1.000000 0.000000 -0.000000 -1.000000 0.000000 -0.000000 -1.000000 0.000000 -0.000000 -1.000000 0.000000 -0.000000 -1.000000 0.000000 -0.000000 -1.000000 0.000000 -0.000000 -1.000000 0.000000 -0.000000 -1.000000 0.000000 -0.000000 -1.000000 0.000000 -0.000000 -1.000000 0.000000 -0.000000 -1.000000 0.000000 -0.000000 -1.000000 0.000000 -0.000000 -1.000000 0.000000 -0.000000 -1.000000 0.000000 -0.000000 -1.000000 0.000000 -0.000000 -1.000000 0.000000 -0.000000 -1.000000 0.000000 -0.000000 -1.000000 0.000000 -0.000000 -1.000000 0.000000 -0.000000 -1.000000 0.000000 -0.000000 -1.000000 0.000000 -0.000000 -1.000000 0.000000 -0.000000 -1.000000 0.000000 -0.000000 -1.000000 0.000000 -0.000000 -1.000000 0.000000 -0.000000 -1.000000 0.000000 -0.000000 -1.000000 0.000000 -0.000000 -1.000000 0.000000 -0.000000 -1.000000 0.000000 -0.000000 -1.000000 0.000000 -0.000000 -1.000000 0.000000 -0.000000 -1.000000 0.000000 -0.000000 -1.000000 0.000000 -0.000000 -1.000000 0.000000 -0.000000 -1.000000 0.000000 -0.000000 -1.000000 0.000000 -0.000000 -1.000000 0.000000 -0.000000 -1.000000 0.000000 -0.000000 -1.000000 0.000000 -0.000000 -1.000000 0.000000 -0.000000 -1.000000 0.000000 -0.000000 -1.000000 0.000000 -0.000000 -1.000000 0.000000 -0.000000 -1.000000 0.000000 -0.000000 -1.000000 0.000000 -0.000000 -1.000000 0.000000 -0.000000 -1.000000 0.000000 -0.000000 -1.000000 0.000000 -0.000000 -1.000000 0.000000 -0.000000 -1.000000 0.000000 -0.000000 -1.000000 0.000000 -0.000000 -1.000000 0.000000 -0.000000 -1.000000 0.000000 -0.000000 -1.000000 0.000000 -0.000000 -1.000000 0.000000 -0.000000 -1.000000 0.000000 -0.000000 -1.000000 0.000000 -0.000000 -1.000000 0.000000 -0.000000 -1.000000 0.000000 -0.000000 -1.000000 0.000000 -0.000000 -1.000000 0.000000 -0.000000 -1.000000 0.000000 -0.000000 -1.000000 0.000000 -0.000000 -1.000000 0.000000 -0.000000 -1.000000 0.000000 -0.000000 -1.000000 0.000000 -0.000000 -1.000000 0.000000 -0.000000 -1.000000 0.000000 -0.000000 -1.000000 0.000000 -0.000000 -1.000000 0.000000 -0.000000 -1.000000 0.000000 -0.000000 -1.000000 0.000000 -0.000000 -1.000000 0.000000 -0.000000 -1.000000 0.000000 -0.000000 -1.000000 0.000000 -0.000000 -1.000000 0.000000 -0.000000 -1.000000 0.000000 -0.000000 -1.000000 0.000000 -0.000000 -1.000000 0.000000 -0.000000 -1.000000 0.000000 -0.000000 -1.000000 0.000000 -0.000000 -1.000000 0.000000 -0.000000 -1.000000 0.000000 -0.000000 -1.000000 0.000000 -0.000000 -1.000000 0.000000 -0.000000 -1.000000 0.000000 -0.000000 -1.000000 0.000000 -0.000000 -1.000000 0.000000 -0.000000 -1.000000 0.000000 -0.000000 -1.000000 0.000000 -0.000000 -1.000000 0.000000 -0.000000 -1.000000 0.000000 -0.000000 -1.000000 0.000000 -0.000000 -1.000000 0.000000 -0.000000 -1.000000 0.000000 -0.000000 -1.000000 0.000000 -0.000000 -1.000000 0.189251 0.981929 -0.000000 0.189251 0.981929 -0.000000 0.000000 1.000000 -0.000000 0.000000 1.000000 -0.000000 -0.189251 0.981929 -0.000000 -0.189251 0.981929 -0.000000 -0.371662 0.928368 -0.000000 0.371662 0.928368 -0.000000 0.371662 0.928368 -0.000000 0.540641 0.841254 -0.000000 0.540641 0.841254 -0.000000 0.690079 0.723734 -0.000000 0.690079 0.723734 -0.000000 0.814576 0.580057 -0.000000 0.814576 0.580057 -0.000000 0.909632 0.415415 -0.000000 0.909632 0.415415 -0.000000 0.971812 0.235759 -0.000000 0.971812 0.235759 -0.000000 0.998867 0.047582 -0.000000 0.998867 0.047582 -0.000000 0.989821 -0.142315 -0.000000 0.989821 -0.142315 -0.000000 0.945001 -0.327068 -0.000000 0.945001 -0.327068 -0.000000 0.866025 -0.500000 -0.000000 0.866025 -0.500000 -0.000000 0.755750 -0.654861 -0.000000 0.755750 -0.654861 -0.000000 0.618159 -0.786053 -0.000000 0.618159 -0.786053 -0.000000 0.458227 -0.888835 -0.000000 0.458227 -0.888835 -0.000000 0.281733 -0.959493 -0.000000 0.281733 -0.959493 -0.000000 0.095056 -0.995472 -0.000000 0.095056 -0.995472 -0.000000 -0.095056 -0.995472 0.000000 -0.095056 -0.995472 0.000000 -0.281733 -0.959493 0.000000 -0.281733 -0.959493 0.000000 -0.458227 -0.888835 0.000000 -0.458227 -0.888835 0.000000 -0.618159 -0.786053 0.000000 -0.618159 -0.786053 0.000000 -0.755750 -0.654861 0.000000 -0.755750 -0.654861 0.000000 -0.866025 -0.500000 0.000000 -0.866025 -0.500000 0.000000 -0.945001 -0.327068 0.000000 -0.945001 -0.327068 0.000000 -0.989821 -0.142315 0.000000 -0.989821 -0.142315 0.000000 -0.998867 0.047582 -0.000000 -0.998867 0.047582 -0.000000 -0.971812 0.235759 -0.000000 -0.971812 0.235759 -0.000000 -0.909632 0.415415 -0.000000 -0.909632 0.415415 -0.000000 -0.814576 0.580057 -0.000000 -0.814576 0.580057 -0.000000 -0.690079 0.723734 -0.000000 -0.690079 0.723734 -0.000000 -0.540641 0.841254 -0.000000 -0.540641 0.841254 -0.000000 -0.371662 0.928368 -0.000000 0.000000 -0.000000 1.000000 0.000000 -0.000000 1.000000 0.000000 -0.000000 1.000000 0.000000 -0.000000 1.000000 0.000000 -0.000000 1.000000 0.000000 -0.000000 1.000000 0.000000 -0.000000 1.000000 0.000000 -0.000000 1.000000 0.000000 -0.000000 1.000000 0.000000 -0.000000 1.000000 0.000000 -0.000000 1.000000 0.000000 -0.000000 1.000000 0.000000 -0.000000 1.000000 0.000000 -0.000000 1.000000 0.000000 -0.000000 1.000000 0.000000 -0.000000 1.000000 0.000000 -0.000000 1.000000 0.000000 -0.000000 1.000000 0.000000 -0.000000 1.000000 0.000000 -0.000000 1.000000 0.000000 -0.000000 1.000000 0.000000 -0.000000 1.000000 0.000000 -0.000000 1.000000 0.000000 -0.000000 1.000000 0.000000 -0.000000 1.000000 0.000000 -0.000000 1.000000 0.000000 -0.000000 1.000000 0.000000 -0.000000 1.000000 0.000000 -0.000000 1.000000 0.000000 -0.000000 1.000000 0.000000 -0.000000 1.000000 0.000000 -0.000000 1.000000 0.000000 -0.000000 1.000000 -0.258819 -0.965926 -0.000000 -0.258819 -0.965926 -0.000000 -0.000000 -1.000000 -0.000000 -0.000000 -1.000000 -0.000000 0.258819 -0.965926 0.000000 0.258819 -0.965926 0.000000 0.500000 -0.866025 0.000000 0.500000 -0.866025 0.000000 0.707107 -0.707107 0.000000 0.707107 -0.707107 0.000000 0.866025 -0.500000 0.000000 0.866025 -0.500000 0.000000 0.965926 -0.258819 0.000000 0.965926 -0.258819 0.000000 1.000000 0.000000 0.000000 1.000000 0.000000 0.000000 0.965926 0.258819 0.000000 0.965926 0.258819 0.000000 0.866025 0.500000 0.000000 0.866025 0.500000 0.000000 0.707107 0.707107 0.000000 0.707107 0.707107 0.000000 0.500000 0.866025 0.000000 0.500000 0.866025 0.000000 0.258819 0.965926 0.000000 0.258819 0.965926 0.000000 0.000000 1.000000 0.000000 0.000000 1.000000 0.000000 -0.258819 0.965926 0.000000 -0.258819 0.965926 0.000000 -0.500000 0.866025 0.000000 -0.500000 0.866025 0.000000 -0.707107 0.707107 0.000000 -0.707107 0.707107 0.000000 -0.866025 0.500000 0.000000 -0.866025 0.500000 0.000000 -0.965926 0.258819 0.000000 -0.965926 0.258819 0.000000 -1.000000 0.000000 0.000000 -1.000000 0.000000 0.000000 -0.965926 -0.258819 -0.000000 -0.965926 -0.258819 -0.000000 -0.866025 -0.500000 -0.000000 -0.866025 -0.500000 -0.000000 -0.707107 -0.707107 -0.000000 -0.707107 -0.707107 -0.000000 -0.500000 -0.866025 -0.000000 -0.500000 -0.866025 -0.000000 -0.258819 -0.965926 -0.000000 -0.258819 -0.965926 -0.000000 -0.000000 -1.000000 -0.000000 -0.000000 -1.000000 -0.000000 0.258819 -0.965926 0.000000 0.258819 -0.965926 0.000000 0.500000 -0.866025 0.000000 0.500000 -0.866025 0.000000 0.707107 -0.707107 0.000000 0.707107 -0.707107 0.000000 0.866025 -0.500000 0.000000 0.866025 -0.500000 0.000000 0.965926 -0.258819 0.000000 0.965926 -0.258819 0.000000 1.000000 0.000000 0.000000 1.000000 0.000000 0.000000 0.965926 0.258819 0.000000 0.965926 0.258819 0.000000 0.866025 0.500000 0.000000 0.866025 0.500000 0.000000 0.707107 0.707107 0.000000 0.707107 0.707107 0.000000 0.500000 0.866025 0.000000 0.500000 0.866025 0.000000 0.258819 0.965926 0.000000 0.258819 0.965926 0.000000 0.000000 1.000000 0.000000 0.000000 1.000000 0.000000 -0.258819 0.965926 0.000000 -0.258819 0.965926 0.000000 -0.500000 0.866025 0.000000 -0.500000 0.866025 0.000000 -0.707107 0.707107 0.000000 -0.707107 0.707107 0.000000 -0.866025 0.500000 0.000000 -0.866025 0.500000 0.000000 -0.965926 0.258819 0.000000 -0.965926 0.258819 0.000000 -1.000000 0.000000 0.000000 -1.000000 0.000000 0.000000 -0.965926 -0.258819 -0.000000 -0.965926 -0.258819 -0.000000 -0.866025 -0.500000 -0.000000 -0.866025 -0.500000 -0.000000 -0.707107 -0.707107 -0.000000 -0.707107 -0.707107 -0.000000 -0.500000 -0.866025 -0.000000 -0.500000 -0.866025 -0.000000 -0.258819 -0.965926 -0.000000 -0.258819 -0.965926 -0.000000 -0.000000 -1.000000 -0.000000 -0.000000 -1.000000 -0.000000 0.258819 -0.965926 0.000000 0.258819 -0.965926 0.000000 0.500000 -0.866025 0.000000 0.500000 -0.866025 0.000000 0.707107 -0.707107 0.000000 0.707107 -0.707107 0.000000 0.866025 -0.500000 0.000000 0.866025 -0.500000 0.000000 0.965926 -0.258819 0.000000 0.965926 -0.258819 0.000000 1.000000 0.000000 0.000000 1.000000 0.000000 0.000000 0.965926 0.258819 0.000000 0.965926 0.258819 0.000000 0.866025 0.500000 0.000000 0.866025 0.500000 0.000000 0.707107 0.707107 0.000000 0.707107 0.707107 0.000000 0.500000 0.866025 0.000000 0.500000 0.866025 0.000000 0.258819 0.965926 0.000000 0.258819 0.965926 0.000000 0.000000 1.000000 0.000000 0.000000 1.000000 0.000000 -0.258819 0.965926 0.000000 -0.258819 0.965926 0.000000 -0.500000 0.866025 0.000000 -0.500000 0.866025 0.000000 -0.707107 0.707107 0.000000 -0.707107 0.707107 0.000000 -0.866025 0.500000 0.000000 -0.866025 0.500000 0.000000 -0.965926 0.258819 0.000000 -0.965926 0.258819 0.000000 -1.000000 0.000000 0.000000 -1.000000 0.000000 0.000000 -0.965926 -0.258819 -0.000000 -0.965926 -0.258819 -0.000000 -0.866025 -0.500000 -0.000000 -0.866025 -0.500000 -0.000000 -0.707107 -0.707107 -0.000000 -0.707107 -0.707107 -0.000000 -0.500000 -0.866025 -0.000000 -0.500000 -0.866025 -0.000000 -0.258819 -0.965926 -0.000000 -0.258819 -0.965926 -0.000000 -0.000000 -1.000000 -0.000000 -0.000000 -1.000000 -0.000000 0.258819 -0.965926 0.000000 0.258819 -0.965926 0.000000 0.500000 -0.866025 0.000000 0.500000 -0.866025 0.000000 0.707107 -0.707107 0.000000 0.707107 -0.707107 0.000000 0.866025 -0.500000 0.000000 0.866025 -0.500000 0.000000 0.965926 -0.258819 0.000000 0.965926 -0.258819 0.000000 1.000000 0.000000 0.000000 1.000000 0.000000 0.000000 0.965926 0.258819 0.000000 0.965926 0.258819 0.000000 0.866025 0.500000 0.000000 0.866025 0.500000 0.000000 0.707107 0.707107 0.000000 0.707107 0.707107 0.000000 0.500000 0.866025 0.000000 0.500000 0.866025 0.000000 0.258819 0.965926 0.000000 0.258819 0.965926 0.000000 0.000000 1.000000 0.000000 0.000000 1.000000 0.000000 -0.258819 0.965926 0.000000 -0.258819 0.965926 0.000000 -0.500000 0.866025 0.000000 -0.500000 0.866025 0.000000 -0.707107 0.707107 0.000000 -0.707107 0.707107 0.000000 -0.866025 0.500000 0.000000 -0.866025 0.500000 0.000000 -0.965926 0.258819 0.000000 -0.965926 0.258819 0.000000 -1.000000 0.000000 0.000000 -1.000000 0.000000 0.000000 -0.965926 -0.258819 -0.000000 -0.965926 -0.258819 -0.000000 -0.866025 -0.500000 -0.000000 -0.866025 -0.500000 -0.000000 -0.707107 -0.707107 -0.000000 -0.707107 -0.707107 -0.000000 -0.500000 -0.866025 -0.000000 -0.500000 -0.866025 -0.000000 -0.258819 -0.965926 -0.000000 -0.258819 -0.965926 -0.000000 -0.000000 -1.000000 -0.000000 -0.000000 -1.000000 -0.000000 0.258819 -0.965926 0.000000 0.258819 -0.965926 0.000000 0.500000 -0.866025 0.000000 0.500000 -0.866025 0.000000 0.707107 -0.707107 0.000000 0.707107 -0.707107 0.000000 0.866025 -0.500000 0.000000 0.866025 -0.500000 0.000000 0.965926 -0.258819 0.000000 0.965926 -0.258819 0.000000 1.000000 0.000000 0.000000 1.000000 0.000000 0.000000 0.965926 0.258819 0.000000 0.965926 0.258819 0.000000 0.866025 0.500000 0.000000 0.866025 0.500000 0.000000 0.707107 0.707107 0.000000 0.707107 0.707107 0.000000 0.500000 0.866025 0.000000 0.500000 0.866025 0.000000 0.258819 0.965926 0.000000 0.258819 0.965926 0.000000 0.000000 1.000000 0.000000 0.000000 1.000000 0.000000 -0.258819 0.965926 0.000000 -0.258819 0.965926 0.000000 -0.500000 0.866025 0.000000 -0.500000 0.866025 0.000000 -0.707107 0.707107 0.000000 -0.707107 0.707107 0.000000 -0.866025 0.500000 0.000000 -0.866025 0.500000 0.000000 -0.965926 0.258819 0.000000 -0.965926 0.258819 0.000000 -1.000000 0.000000 0.000000 -1.000000 0.000000 0.000000 -0.965926 -0.258819 -0.000000 -0.965926 -0.258819 -0.000000 -0.866025 -0.500000 -0.000000 -0.866025 -0.500000 -0.000000 -0.707107 -0.707107 -0.000000 -0.707107 -0.707107 -0.000000 -0.500000 -0.866025 -0.000000 -0.500000 -0.866025 -0.000000 -0.258819 -0.965926 -0.000000 -0.258819 -0.965926 -0.000000 -0.000000 -1.000000 -0.000000 -0.000000 -1.000000 -0.000000 0.258819 -0.965926 0.000000 0.258819 -0.965926 0.000000 0.500000 -0.866025 0.000000 0.500000 -0.866025 0.000000 0.707107 -0.707107 0.000000 0.707107 -0.707107 0.000000 0.866025 -0.500000 0.000000 0.866025 -0.500000 0.000000 0.965926 -0.258819 0.000000 0.965926 -0.258819 0.000000 1.000000 0.000000 0.000000 1.000000 0.000000 0.000000 0.965926 0.258819 0.000000 0.965926 0.258819 0.000000 0.866025 0.500000 0.000000 0.866025 0.500000 0.000000 0.707107 0.707107 0.000000 0.707107 0.707107 0.000000 0.500000 0.866025 0.000000 0.500000 0.866025 0.000000 0.258819 0.965926 0.000000 0.258819 0.965926 0.000000 0.000000 1.000000 0.000000 0.000000 1.000000 0.000000 -0.258819 0.965926 0.000000 -0.258819 0.965926 0.000000 -0.500000 0.866025 0.000000 -0.500000 0.866025 0.000000 -0.707107 0.707107 0.000000 -0.707107 0.707107 0.000000 -0.866025 0.500000 0.000000 -0.866025 0.500000 0.000000 -0.965926 0.258819 0.000000 -0.965926 0.258819 0.000000 -1.000000 0.000000 0.000000 -1.000000 0.000000 0.000000 -0.965926 -0.258819 -0.000000 -0.965926 -0.258819 -0.000000 -0.866025 -0.500000 -0.000000 -0.866025 -0.500000 -0.000000 -0.707107 -0.707107 -0.000000 -0.707107 -0.707107 -0.000000 -0.500000 -0.866025 -0.000000 -0.500000 -0.866025 -0.000000 -0.258819 -0.965926 -0.000000 -0.258819 -0.965926 -0.000000 -0.000000 -1.000000 -0.000000 -0.000000 -1.000000 -0.000000 0.258819 -0.965926 0.000000 0.258819 -0.965926 0.000000 0.500000 -0.866025 0.000000 0.500000 -0.866025 0.000000 0.707107 -0.707107 0.000000 0.707107 -0.707107 0.000000 0.866025 -0.500000 0.000000 0.866025 -0.500000 0.000000 0.965926 -0.258819 0.000000 0.965926 -0.258819 0.000000 1.000000 0.000000 0.000000 1.000000 0.000000 0.000000 0.965926 0.258819 0.000000 0.965926 0.258819 0.000000 0.866025 0.500000 0.000000 0.866025 0.500000 0.000000 0.707107 0.707107 0.000000 0.707107 0.707107 0.000000 0.500000 0.866025 0.000000 0.500000 0.866025 0.000000 0.258819 0.965926 0.000000 0.258819 0.965926 0.000000 0.000000 1.000000 0.000000 0.000000 1.000000 0.000000 -0.258819 0.965926 0.000000 -0.258819 0.965926 0.000000 -0.500000 0.866025 0.000000 -0.500000 0.866025 0.000000 -0.707107 0.707107 0.000000 -0.707107 0.707107 0.000000 -0.866025 0.500000 0.000000 -0.866025 0.500000 0.000000 -0.965926 0.258819 0.000000 -0.965926 0.258819 0.000000 -1.000000 0.000000 0.000000 -1.000000 0.000000 0.000000 -0.965926 -0.258819 -0.000000 -0.965926 -0.258819 -0.000000 -0.866025 -0.500000 -0.000000 -0.866025 -0.500000 -0.000000 -0.707107 -0.707107 -0.000000 -0.707107 -0.707107 -0.000000 -0.500000 -0.866025 -0.000000 -0.500000 -0.866025 -0.000000 -0.000000 -1.000000 -0.000000 -0.000000 -1.000000 -0.000000 -0.000000 -1.000000 -0.000000 -0.000000 -1.000000 -0.000000 -1.000000 0.000000 0.000000 -1.000000 0.000000 0.000000 -1.000000 0.000000 0.000000 -1.000000 0.000000 0.000000 0.000000 1.000000 0.000000 0.000000 1.000000 0.000000 0.000000 1.000000 0.000000 0.000000 1.000000 0.000000 1.000000 -0.000000 0.000000 1.000000 -0.000000 0.000000 1.000000 -0.000000 0.000000 1.000000 -0.000000 0.000000 -0.258819 -0.965926 -0.000000 -0.258819 -0.965926 -0.000000 -0.000000 -1.000000 -0.000000 -0.000000 -1.000000 -0.000000 0.258819 -0.965926 0.000000 0.258819 -0.965926 0.000000 0.500000 -0.866025 0.000000 0.500000 -0.866025 0.000000 0.707107 -0.707107 0.000000 0.707107 -0.707107 0.000000 0.866025 -0.500000 0.000000 0.866025 -0.500000 0.000000 0.965926 -0.258819 0.000000 0.965926 -0.258819 0.000000 1.000000 0.000000 0.000000 1.000000 0.000000 0.000000 0.965926 0.258819 0.000000 0.965926 0.258819 0.000000 0.866025 0.500000 0.000000 0.866025 0.500000 0.000000 0.707107 0.707107 0.000000 0.707107 0.707107 0.000000 0.500000 0.866025 0.000000 0.500000 0.866025 0.000000 0.258819 0.965926 0.000000 0.258819 0.965926 0.000000 0.000000 1.000000 0.000000 0.000000 1.000000 0.000000 -0.258819 0.965926 0.000000 -0.258819 0.965926 0.000000 -0.500000 0.866025 0.000000 -0.500000 0.866025 0.000000 -0.707107 0.707107 0.000000 -0.707107 0.707107 0.000000 -0.866025 0.500000 0.000000 -0.866025 0.500000 0.000000 -0.965926 0.258819 0.000000 -0.965926 0.258819 0.000000 -1.000000 0.000000 0.000000 -1.000000 0.000000 0.000000 -0.965926 -0.258819 -0.000000 -0.965926 -0.258819 -0.000000 -0.866025 -0.500000 -0.000000 -0.866025 -0.500000 -0.000000 -0.707107 -0.707107 -0.000000 -0.707107 -0.707107 -0.000000 -0.500000 -0.866025 -0.000000 -0.500000 -0.866025 -0.000000 -0.258819 -0.965926 -0.000000 -0.258819 -0.965926 -0.000000 -0.000000 -1.000000 -0.000000 -0.000000 -1.000000 -0.000000 0.258819 -0.965926 0.000000 0.258819 -0.965926 0.000000 0.500000 -0.866025 0.000000 0.500000 -0.866025 0.000000 0.707107 -0.707107 0.000000 0.707107 -0.707107 0.000000 0.866025 -0.500000 0.000000 0.866025 -0.500000 0.000000 0.965926 -0.258819 0.000000 0.965926 -0.258819 0.000000 1.000000 0.000000 0.000000 1.000000 0.000000 0.000000 0.965926 0.258819 0.000000 0.965926 0.258819 0.000000 0.866025 0.500000 0.000000 0.866025 0.500000 0.000000 0.707107 0.707107 0.000000 0.707107 0.707107 0.000000 0.500000 0.866025 0.000000 0.500000 0.866025 0.000000 0.258819 0.965926 0.000000 0.258819 0.965926 0.000000 0.000000 1.000000 0.000000 0.000000 1.000000 0.000000 -0.258819 0.965926 0.000000 -0.258819 0.965926 0.000000 -0.500000 0.866025 0.000000 -0.500000 0.866025 0.000000 -0.707107 0.707107 0.000000 -0.707107 0.707107 0.000000 -0.866025 0.500000 0.000000 -0.866025 0.500000 0.000000 -0.965926 0.258819 0.000000 -0.965926 0.258819 0.000000 -1.000000 0.000000 0.000000 -1.000000 0.000000 0.000000 -0.965926 -0.258819 -0.000000 -0.965926 -0.258819 -0.000000 -0.866025 -0.500000 -0.000000 -0.866025 -0.500000 -0.000000 -0.707107 -0.707107 -0.000000 -0.707107 -0.707107 -0.000000 -0.500000 -0.866025 -0.000000 -0.500000 -0.866025 -0.000000 -0.258819 -0.965926 -0.000000 -0.258819 -0.965926 -0.000000 -0.000000 -1.000000 -0.000000 -0.000000 -1.000000 -0.000000 0.258819 -0.965926 0.000000 0.258819 -0.965926 0.000000 0.500000 -0.866025 0.000000 0.500000 -0.866025 0.000000 0.707107 -0.707107 0.000000 0.707107 -0.707107 0.000000 0.866025 -0.500000 0.000000 0.866025 -0.500000 0.000000 0.965926 -0.258819 0.000000 0.965926 -0.258819 0.000000 1.000000 0.000000 0.000000 1.000000 0.000000 0.000000 0.965926 0.258819 0.000000 0.965926 0.258819 0.000000 0.866025 0.500000 0.000000 0.866025 0.500000 0.000000 0.707107 0.707107 0.000000 0.707107 0.707107 0.000000 0.500000 0.866025 0.000000 0.500000 0.866025 0.000000 0.258819 0.965926 0.000000 0.258819 0.965926 0.000000 0.000000 1.000000 0.000000 0.000000 1.000000 0.000000 -0.258819 0.965926 0.000000 -0.258819 0.965926 0.000000 -0.500000 0.866025 0.000000 -0.500000 0.866025 0.000000 -0.707107 0.707107 0.000000 -0.707107 0.707107 0.000000 -0.866025 0.500000 0.000000 -0.866025 0.500000 0.000000 -0.965926 0.258819 0.000000 -0.965926 0.258819 0.000000 -1.000000 0.000000 0.000000 -1.000000 0.000000 0.000000 -0.965926 -0.258819 -0.000000 -0.965926 -0.258819 -0.000000 -0.866025 -0.500000 -0.000000 -0.866025 -0.500000 -0.000000 -0.707107 -0.707107 -0.000000 -0.707107 -0.707107 -0.000000 -0.500000 -0.866025 -0.000000 -0.500000 -0.866025 -0.000000 -0.000000 -1.000000 -0.000000 -0.000000 -1.000000 -0.000000 -0.000000 -1.000000 -0.000000 -0.000000 -1.000000 -0.000000 -1.000000 0.000000 0.000000 -1.000000 0.000000 0.000000 -1.000000 0.000000 0.000000 -1.000000 0.000000 0.000000 0.000000 1.000000 0.000000 0.000000 1.000000 0.000000 0.000000 1.000000 0.000000 0.000000 1.000000 0.000000 1.000000 -0.000000 0.000000 1.000000 -0.000000 0.000000 1.000000 -0.000000 0.000000 1.000000 -0.000000 0.000000 -0.258819 -0.965926 -0.000000 -0.258819 -0.965926 -0.000000 -0.000000 -1.000000 -0.000000 -0.000000 -1.000000 -0.000000 0.258819 -0.965926 0.000000 0.258819 -0.965926 0.000000 0.500000 -0.866025 0.000000 0.500000 -0.866025 0.000000 0.707107 -0.707107 0.000000 0.707107 -0.707107 0.000000 0.866025 -0.500000 0.000000 0.866025 -0.500000 0.000000 0.965926 -0.258819 0.000000 0.965926 -0.258819 0.000000 1.000000 0.000000 0.000000 1.000000 0.000000 0.000000 0.965926 0.258819 0.000000 0.965926 0.258819 0.000000 0.866025 0.500000 0.000000 0.866025 0.500000 0.000000 0.707107 0.707107 0.000000 0.707107 0.707107 0.000000 0.500000 0.866025 0.000000 0.500000 0.866025 0.000000 0.258819 0.965926 0.000000 0.258819 0.965926 0.000000 0.000000 1.000000 0.000000 0.000000 1.000000 0.000000 -0.258819 0.965926 0.000000 -0.258819 0.965926 0.000000 -0.500000 0.866025 0.000000 -0.500000 0.866025 0.000000 -0.707107 0.707107 0.000000 -0.707107 0.707107 0.000000 -0.866025 0.500000 0.000000 -0.866025 0.500000 0.000000 -0.965926 0.258819 0.000000 -0.965926 0.258819 0.000000 -1.000000 0.000000 0.000000 -1.000000 0.000000 0.000000 -0.965926 -0.258819 -0.000000 -0.965926 -0.258819 -0.000000 -0.866025 -0.500000 -0.000000 -0.866025 -0.500000 -0.000000 -0.707107 -0.707107 -0.000000 -0.707107 -0.707107 -0.000000 -0.500000 -0.866025 -0.000000 -0.500000 -0.866025 -0.000000 -0.258819 -0.965926 -0.000000 -0.258819 -0.965926 -0.000000 -0.000000 -1.000000 -0.000000 -0.000000 -1.000000 -0.000000 0.258819 -0.965926 0.000000 0.258819 -0.965926 0.000000 0.500000 -0.866025 0.000000 0.500000 -0.866025 0.000000 0.707107 -0.707107 0.000000 0.707107 -0.707107 0.000000 0.866025 -0.500000 0.000000 0.866025 -0.500000 0.000000 0.965926 -0.258819 0.000000 0.965926 -0.258819 0.000000 1.000000 0.000000 0.000000 1.000000 0.000000 0.000000 0.965926 0.258819 0.000000 0.965926 0.258819 0.000000 0.866025 0.500000 0.000000 0.866025 0.500000 0.000000 0.707107 0.707107 0.000000 0.707107 0.707107 0.000000 0.500000 0.866025 0.000000 0.500000 0.866025 0.000000 0.258819 0.965926 0.000000 0.258819 0.965926 0.000000 0.000000 1.000000 0.000000 0.000000 1.000000 0.000000 -0.258819 0.965926 0.000000 -0.258819 0.965926 0.000000 -0.500000 0.866025 0.000000 -0.500000 0.866025 0.000000 -0.707107 0.707107 0.000000 -0.707107 0.707107 0.000000 -0.866025 0.500000 0.000000 -0.866025 0.500000 0.000000 -0.965926 0.258819 0.000000 -0.965926 0.258819 0.000000 -1.000000 0.000000 0.000000 -1.000000 0.000000 0.000000 -0.965926 -0.258819 -0.000000 -0.965926 -0.258819 -0.000000 -0.866025 -0.500000 -0.000000 -0.866025 -0.500000 -0.000000 -0.707107 -0.707107 -0.000000 -0.707107 -0.707107 -0.000000 -0.500000 -0.866025 -0.000000 -0.500000 -0.866025 -0.000000 -0.258819 -0.965926 -0.000000 -0.258819 -0.965926 -0.000000 -0.000000 -1.000000 -0.000000 -0.000000 -1.000000 -0.000000 0.258819 -0.965926 0.000000 0.258819 -0.965926 0.000000 0.500000 -0.866025 0.000000 0.500000 -0.866025 0.000000 0.707107 -0.707107 0.000000 0.707107 -0.707107 0.000000 0.866025 -0.500000 0.000000 0.866025 -0.500000 0.000000 0.965926 -0.258819 0.000000 0.965926 -0.258819 0.000000 1.000000 0.000000 0.000000 1.000000 0.000000 0.000000 0.965926 0.258819 0.000000 0.965926 0.258819 0.000000 0.866025 0.500000 0.000000 0.866025 0.500000 0.000000 0.707107 0.707107 0.000000 0.707107 0.707107 0.000000 0.500000 0.866025 0.000000 0.500000 0.866025 0.000000 0.258819 0.965926 0.000000 0.258819 0.965926 0.000000 0.000000 1.000000 0.000000 0.000000 1.000000 0.000000 -0.258819 0.965926 0.000000 -0.258819 0.965926 0.000000 -0.500000 0.866025 0.000000 -0.500000 0.866025 0.000000 -0.707107 0.707107 0.000000 -0.707107 0.707107 0.000000 -0.866025 0.500000 0.000000 -0.866025 0.500000 0.000000 -0.965926 0.258819 0.000000 -0.965926 0.258819 0.000000 -1.000000 0.000000 0.000000 -1.000000 0.000000 0.000000 -0.965926 -0.258819 -0.000000 -0.965926 -0.258819 -0.000000 -0.866025 -0.500000 -0.000000 -0.866025 -0.500000 -0.000000 -0.707107 -0.707107 -0.000000 -0.707107 -0.707107 -0.000000 -0.500000 -0.866025 -0.000000 -0.500000 -0.866025 -0.000000 -0.258819 -0.965926 -0.000000 -0.258819 -0.965926 -0.000000 -0.000000 -1.000000 -0.000000 -0.000000 -1.000000 -0.000000 0.258819 -0.965926 0.000000 0.258819 -0.965926 0.000000 0.500000 -0.866025 0.000000 0.500000 -0.866025 0.000000 0.707107 -0.707107 0.000000 0.707107 -0.707107 0.000000 0.866025 -0.500000 0.000000 0.866025 -0.500000 0.000000 0.965926 -0.258819 0.000000 0.965926 -0.258819 0.000000 1.000000 0.000000 0.000000 1.000000 0.000000 0.000000 0.965926 0.258819 0.000000 0.965926 0.258819 0.000000 0.866025 0.500000 0.000000 0.866025 0.500000 0.000000 0.707107 0.707107 0.000000 0.707107 0.707107 0.000000 0.500000 0.866025 0.000000 0.500000 0.866025 0.000000 0.258819 0.965926 0.000000 0.258819 0.965926 0.000000 0.000000 1.000000 0.000000 0.000000 1.000000 0.000000 -0.258819 0.965926 0.000000 -0.258819 0.965926 0.000000 -0.500000 0.866025 0.000000 -0.500000 0.866025 0.000000 -0.707107 0.707107 0.000000 -0.707107 0.707107 0.000000 -0.866025 0.500000 0.000000 -0.866025 0.500000 0.000000 -0.965926 0.258819 0.000000 -0.965926 0.258819 0.000000 -1.000000 0.000000 0.000000 -1.000000 0.000000 0.000000 -0.965926 -0.258819 -0.000000 -0.965926 -0.258819 -0.000000 -0.866025 -0.500000 -0.000000 -0.866025 -0.500000 -0.000000 -0.707107 -0.707107 -0.000000 -0.707107 -0.707107 -0.000000 -0.500000 -0.866025 -0.000000 -0.500000 -0.866025 -0.000000 -0.258819 -0.965926 -0.000000 -0.258819 -0.965926 -0.000000 -0.000000 -1.000000 -0.000000 -0.000000 -1.000000 -0.000000 0.258819 -0.965926 0.000000 0.258819 -0.965926 0.000000 0.500000 -0.866025 0.000000 0.500000 -0.866025 0.000000 0.707107 -0.707107 0.000000 0.707107 -0.707107 0.000000 0.866025 -0.500000 0.000000 0.866025 -0.500000 0.000000 0.965926 -0.258819 0.000000 0.965926 -0.258819 0.000000 1.000000 0.000000 0.000000 1.000000 0.000000 0.000000 0.965926 0.258819 0.000000 0.965926 0.258819 0.000000 0.866025 0.500000 0.000000 0.866025 0.500000 0.000000 0.707107 0.707107 0.000000 0.707107 0.707107 0.000000 0.500000 0.866025 0.000000 0.500000 0.866025 0.000000 0.258819 0.965926 0.000000 0.258819 0.965926 0.000000 0.000000 1.000000 0.000000 0.000000 1.000000 0.000000 -0.258819 0.965926 0.000000 -0.258819 0.965926 0.000000 -0.500000 0.866025 0.000000 -0.500000 0.866025 0.000000 -0.707107 0.707107 0.000000 -0.707107 0.707107 0.000000 -0.866025 0.500000 0.000000 -0.866025 0.500000 0.000000 -0.965926 0.258819 0.000000 -0.965926 0.258819 0.000000 -1.000000 0.000000 0.000000 -1.000000 0.000000 0.000000 -0.965926 -0.258819 -0.000000 -0.965926 -0.258819 -0.000000 -0.866025 -0.500000 -0.000000 -0.866025 -0.500000 -0.000000 -0.707107 -0.707107 -0.000000 -0.707107 -0.707107 -0.000000 -0.500000 -0.866025 -0.000000 -0.500000 -0.866025 -0.000000 -0.000000 -1.000000 -0.000000 -0.000000 -1.000000 -0.000000 -0.000000 -1.000000 -0.000000 -0.000000 -1.000000 -0.000000 -1.000000 0.000000 0.000000 -1.000000 0.000000 0.000000 -1.000000 0.000000 0.000000 -1.000000 0.000000 0.000000 0.000000 1.000000 0.000000 0.000000 1.000000 0.000000 0.000000 1.000000 0.000000 0.000000 1.000000 0.000000 1.000000 -0.000000 0.000000 1.000000 -0.000000 0.000000 1.000000 -0.000000 0.000000 1.000000 -0.000000 0.000000 -0.258819 -0.965926 -0.000000 -0.258819 -0.965926 -0.000000 -0.000000 -1.000000 -0.000000 -0.000000 -1.000000 -0.000000 0.258819 -0.965926 0.000000 0.258819 -0.965926 0.000000 0.500000 -0.866025 0.000000 0.500000 -0.866025 0.000000 0.707107 -0.707107 0.000000 0.707107 -0.707107 0.000000 0.866025 -0.500000 0.000000 0.866025 -0.500000 0.000000 0.965926 -0.258819 0.000000 0.965926 -0.258819 0.000000 1.000000 0.000000 0.000000 1.000000 0.000000 0.000000 0.965926 0.258819 0.000000 0.965926 0.258819 0.000000 0.866025 0.500000 0.000000 0.866025 0.500000 0.000000 0.707107 0.707107 0.000000 0.707107 0.707107 0.000000 0.500000 0.866025 0.000000 0.500000 0.866025 0.000000 0.258819 0.965926 0.000000 0.258819 0.965926 0.000000 0.000000 1.000000 0.000000 0.000000 1.000000 0.000000 -0.258819 0.965926 0.000000 -0.258819 0.965926 0.000000 -0.500000 0.866025 0.000000 -0.500000 0.866025 0.000000 -0.707107 0.707107 0.000000 -0.707107 0.707107 0.000000 -0.866025 0.500000 0.000000 -0.866025 0.500000 0.000000 -0.965926 0.258819 0.000000 -0.965926 0.258819 0.000000 -1.000000 0.000000 0.000000 -1.000000 0.000000 0.000000 -0.965926 -0.258819 -0.000000 -0.965926 -0.258819 -0.000000 -0.866025 -0.500000 -0.000000 -0.866025 -0.500000 -0.000000 -0.707107 -0.707107 -0.000000 -0.707107 -0.707107 -0.000000 -0.500000 -0.866025 -0.000000 -0.500000 -0.866025 -0.000000 -0.000000 -1.000000 -0.000000 -0.000000 -1.000000 -0.000000 -0.164888 -0.986312 -0.000000 -0.164888 -0.986312 -0.000000 -0.325262 -0.945624 -0.000000 -0.325262 -0.945624 -0.000000 -0.476731 -0.879049 -0.000000 -0.476731 -0.879049 -0.000000 -0.615150 -0.788410 -0.000000 -0.615150 -0.788410 -0.000000 -0.736729 -0.676188 -0.000000 -0.736729 -0.676188 -0.000000 -0.838140 -0.545455 -0.000000 -0.838140 -0.545455 -0.000000 -0.000000 -1.000000 -0.000000 -0.000000 -1.000000 -0.000000 0.838140 -0.545455 -0.000000 0.838140 -0.545455 -0.000000 0.736729 -0.676188 -0.000000 0.736729 -0.676188 -0.000000 0.615150 -0.788410 -0.000000 0.615150 -0.788410 -0.000000 0.476731 -0.879049 -0.000000 0.476731 -0.879049 -0.000000 0.325262 -0.945624 -0.000000 0.325262 -0.945624 -0.000000 0.164888 -0.986312 -0.000000 0.164888 -0.986312 -0.000000 0.838140 0.545455 0.000000 0.838140 0.545455 0.000000 0.868197 0.496219 0.000000 0.868197 0.496219 0.000000 0.895365 0.445332 0.000000 0.895365 0.445332 0.000000 0.919554 0.392963 0.000000 0.919554 0.392963 0.000000 0.940683 0.339287 0.000000 0.940683 0.339287 0.000000 0.958681 0.284482 0.000000 0.958681 0.284482 0.000000 0.973490 0.228730 0.000000 0.973490 0.228730 0.000000 0.985059 0.172217 0.000000 0.985059 0.172217 0.000000 0.993350 0.115130 0.000000 0.993350 0.115130 0.000000 0.998336 0.057661 0.000000 0.998336 0.057661 0.000000 1.000000 -0.000000 -0.000000 1.000000 -0.000000 -0.000000 0.998336 -0.057661 -0.000000 0.998336 -0.057661 -0.000000 0.993350 -0.115130 -0.000000 0.993350 -0.115130 -0.000000 0.985059 -0.172217 -0.000000 0.985059 -0.172217 -0.000000 0.973490 -0.228730 -0.000000 0.973490 -0.228730 -0.000000 0.958681 -0.284482 -0.000000 0.958681 -0.284482 -0.000000 0.940683 -0.339287 -0.000000 0.940683 -0.339287 -0.000000 0.919554 -0.392963 -0.000000 0.919554 -0.392963 -0.000000 0.895365 -0.445332 -0.000000 0.895365 -0.445332 -0.000000 0.868197 -0.496219 -0.000000 0.868197 -0.496219 -0.000000 -0.000000 1.000000 -0.000000 -0.000000 1.000000 -0.000000 0.164888 0.986312 0.000000 0.164888 0.986312 0.000000 0.325262 0.945624 0.000000 0.325262 0.945624 0.000000 0.476731 0.879049 0.000000 0.476731 0.879049 0.000000 0.615150 0.788410 0.000000 0.615150 0.788410 0.000000 0.736729 0.676188 0.000000 0.736729 0.676188 0.000000 -0.000000 1.000000 0.000000 -0.000000 1.000000 0.000000 -0.838140 0.545455 -0.000000 -0.838140 0.545455 -0.000000 -0.736729 0.676188 -0.000000 -0.736729 0.676188 -0.000000 -0.615150 0.788410 -0.000000 -0.615150 0.788410 -0.000000 -0.476731 0.879049 -0.000000 -0.476731 0.879049 -0.000000 -0.325262 0.945624 -0.000000 -0.325262 0.945624 -0.000000 -0.164888 0.986312 -0.000000 -0.164888 0.986312 -0.000000 -0.868197 -0.496219 -0.000000 -0.868197 -0.496219 -0.000000 -0.895365 -0.445332 -0.000000 -0.895365 -0.445332 -0.000000 -0.919554 -0.392963 -0.000000 -0.919554 -0.392963 -0.000000 -0.940683 -0.339287 -0.000000 -0.940683 -0.339287 -0.000000 -0.958681 -0.284482 -0.000000 -0.958681 -0.284482 -0.000000 -0.973490 -0.228730 -0.000000 -0.973490 -0.228730 -0.000000 -0.985059 -0.172217 -0.000000 -0.985059 -0.172217 -0.000000 -0.993350 -0.115130 -0.000000 -0.993350 -0.115130 -0.000000 -0.998336 -0.057661 -0.000000 -0.998336 -0.057661 -0.000000 -1.000000 0.000000 -0.000000 -1.000000 0.000000 -0.000000 -0.998336 0.057661 -0.000000 -0.998336 0.057661 -0.000000 -0.993350 0.115130 -0.000000 -0.993350 0.115130 -0.000000 -0.985059 0.172217 -0.000000 -0.985059 0.172217 -0.000000 -0.973490 0.228730 -0.000000 -0.973490 0.228730 -0.000000 -0.958681 0.284482 -0.000000 -0.958681 0.284482 -0.000000 -0.940683 0.339287 -0.000000 -0.940683 0.339287 -0.000000 -0.919554 0.392963 -0.000000 -0.919554 0.392963 -0.000000 -0.895365 0.445332 -0.000000 -0.895365 0.445332 -0.000000 -0.868197 0.496219 -0.000000 -0.868197 0.496219 -0.000000 0.000000 0.000000 1.000000 0.000000 0.000000 1.000000 0.000000 0.000000 1.000000 0.000000 0.000000 1.000000 0.000000 0.000000 1.000000 0.000000 0.000000 1.000000 0.000000 0.000000 1.000000 0.000000 0.000000 1.000000 0.000000 0.000000 1.000000 0.000000 0.000000 1.000000 0.000000 0.000000 1.000000 0.000000 0.000000 1.000000 0.000000 0.000000 1.000000 0.000000 0.000000 1.000000 0.000000 0.000000 1.000000 0.000000 0.000000 1.000000 0.000000 0.000000 1.000000 0.000000 0.000000 1.000000 0.000000 0.000000 1.000000 0.000000 0.000000 1.000000 0.000000 0.000000 1.000000 0.000000 0.000000 1.000000 0.000000 0.000000 1.000000 0.000000 0.000000 1.000000 0.000000 0.000000 1.000000 0.000000 0.000000 1.000000 0.000000 0.000000 1.000000 0.000000 0.000000 1.000000 0.000000 0.000000 1.000000 0.000000 0.000000 1.000000 0.000000 0.000000 1.000000 0.000000 0.000000 1.000000 0.000000 0.000000 1.000000 0.000000 0.000000 1.000000 0.000000 0.000000 1.000000 0.000000 0.000000 1.000000 0.000000 0.000000 1.000000 0.000000 0.000000 1.000000 0.000000 0.000000 1.000000 0.000000 0.000000 1.000000 0.000000 0.000000 1.000000 0.000000 0.000000 1.000000 0.000000 0.000000 1.000000 0.000000 0.000000 1.000000 0.000000 0.000000 1.000000 0.000000 0.000000 1.000000 0.000000 0.000000 1.000000 0.000000 0.000000 1.000000 0.000000 0.000000 1.000000 0.000000 0.000000 1.000000 0.000000 0.000000 1.000000 0.000000 0.000000 1.000000 0.000000 0.000000 1.000000 0.000000 0.000000 1.000000 0.000000 0.000000 1.000000 0.000000 0.000000 1.000000 0.000000 0.000000 1.000000 0.000000 0.000000 1.000000 0.000000 0.000000 1.000000 0.000000 0.000000 1.000000 0.000000 0.000000 1.000000 0.000000 0.000000 1.000000 0.000000 0.000000 1.000000 0.000000 0.000000 1.000000 0.000000 0.000000 1.000000 0.000000 0.000000 1.000000 0.000000 0.000000 1.000000 0.000000 0.000000 1.000000 0.000000 0.000000 1.000000 0.000000 0.000000 1.000000 0.000000 0.000000 1.000000 0.000000 0.000000 1.000000 0.000000 0.000000 1.000000 0.000000 0.000000 1.000000 0.000000 0.000000 1.000000 0.000000 0.000000 1.000000 0.000000 0.000000 1.000000 0.000000 0.000000 1.000000 0.000000 0.000000 1.000000 0.000000 0.000000 1.000000 0.000000 0.000000 1.000000 0.000000 0.000000 1.000000 0.000000 0.000000 1.000000 0.000000 0.000000 1.000000 0.000000 0.000000 1.000000 0.000000 0.000000 1.000000 0.000000 0.000000 1.000000 0.000000 0.000000 1.000000 0.000000 0.000000 1.000000 0.000000 0.000000 1.000000 0.000000 0.000000 1.000000 0.000000 0.000000 1.000000 0.000000 0.000000 1.000000 0.000000 0.000000 1.000000 0.000000 0.000000 1.000000 0.000000 0.000000 1.000000 0.000000 0.000000 1.000000 0.000000 0.000000 1.000000 0.000000 0.000000 1.000000 0.000000 0.000000 1.000000 0.000000 0.000000 1.000000 0.000000 0.000000 1.000000 0.000000 0.000000 1.000000 0.000000 0.000000 1.000000 0.000000 0.000000 1.000000 0.000000 0.000000 1.000000 0.000000 0.000000 1.000000 0.000000 0.000000 1.000000 0.000000 0.000000 1.000000 0.000000 0.000000 1.000000 0.000000 0.000000 1.000000 0.000000 0.000000 1.000000 0.000000 0.000000 1.000000 0.000000 0.000000 1.000000 0.000000 0.000000 1.000000 0.000000 0.000000 1.000000 0.000000 0.000000 1.000000 0.000000 0.000000 1.000000 0.000000 0.000000 1.000000 0.000000 0.000000 1.000000 0.000000 0.000000 1.000000 0.000000 0.000000 1.000000 0.000000 0.000000 1.000000 0.000000 0.000000 1.000000 0.000000 0.000000 1.000000 0.000000 0.000000 1.000000 0.000000 0.000000 1.000000 0.000000 0.000000 1.000000 0.000000 0.000000 1.000000 0.000000 0.000000 1.000000 0.000000 0.000000 1.000000 0.000000 0.000000 1.000000 0.000000 0.000000 1.000000 0.000000 0.000000 1.000000 0.000000 0.000000 1.000000 0.000000 0.000000 1.000000 0.000000 0.000000 1.000000 0.000000 0.000000 1.000000 0.000000 0.000000 1.000000 0.000000 0.000000 1.000000 0.000000 0.000000 1.000000 0.000000 0.000000 1.000000 0.000000 0.000000 1.000000 0.000000 0.000000 1.000000 0.000000 0.000000 1.000000 0.000000 0.000000 1.000000 0.000000 0.000000 1.000000 0.000000 0.000000 1.000000 0.000000 0.000000 1.000000 0.000000 0.000000 1.000000 0.000000 0.000000 1.000000 0.000000 0.000000 1.000000 0.000000 0.000000 1.000000 0.000000 0.000000 1.000000 0.000000 0.000000 1.000000 0.000000 0.000000 1.000000 0.000000 0.000000 1.000000 0.000000 0.000000 1.000000 0.000000 0.000000 1.000000 0.000000 0.000000 1.000000 0.000000 0.000000 1.000000 0.000000 0.000000 1.000000 0.000000 0.000000 1.000000 0.000000 0.000000 1.000000 0.000000 0.000000 1.000000 0.000000 0.000000 1.000000 0.000000 0.000000 1.000000 0.000000 0.000000 1.000000 0.000000 0.000000 1.000000 0.000000 0.000000 1.000000 0.000000 0.000000 1.000000 0.000000 0.000000 1.000000 0.000000 0.000000 1.000000 0.000000 0.000000 1.000000 0.000000 0.000000 1.000000 0.000000 0.000000 1.000000 0.000000 0.000000 1.000000 0.000000 0.000000 1.000000 0.000000 0.000000 1.000000 0.000000 0.000000 1.000000 0.000000 0.000000 1.000000 0.000000 0.000000 1.000000 0.000000 0.000000 1.000000 0.000000 0.000000 1.000000 0.000000 0.000000 1.000000 0.000000 0.000000 1.000000 0.000000 0.000000 1.000000 0.000000 0.000000 1.000000 0.000000 0.000000 1.000000 0.000000 0.000000 1.000000 0.000000 0.000000 1.000000 0.000000 0.000000 1.000000 0.000000 0.000000 1.000000 0.000000 0.000000 1.000000 0.000000 0.000000 1.000000 0.000000 0.000000 1.000000 0.000000 0.000000 1.000000 0.000000 0.000000 1.000000 0.000000 0.000000 1.000000 0.000000 0.000000 1.000000 0.000000 0.000000 1.000000 0.000000 0.000000 1.000000 0.000000 0.000000 1.000000 0.000000 0.000000 1.000000 0.000000 0.000000 1.000000 0.000000 0.000000 1.000000 0.000000 0.000000 1.000000 0.000000 0.000000 1.000000 0.000000 0.000000 1.000000 0.000000 0.000000 1.000000 0.000000 0.000000 1.000000 0.000000 0.000000 1.000000 0.000000 0.000000 1.000000 0.000000 0.000000 1.000000 0.000000 0.000000 1.000000 0.000000 0.000000 1.000000 0.000000 0.000000 1.000000 0.000000 0.000000 1.000000 0.000000 0.000000 1.000000 0.000000 0.000000 1.000000 0.000000 0.000000 1.000000 0.000000 0.000000 1.000000 0.000000 0.000000 1.000000 0.000000 0.000000 1.000000 0.000000 0.000000 1.000000 0.000000 0.000000 1.000000 0.000000 0.000000 1.000000 0.000000 0.000000 1.000000 0.000000 0.000000 1.000000 0.000000 0.000000 1.000000 0.000000 0.000000 1.000000 0.000000 0.000000 1.000000 0.000000 0.000000 1.000000 0.000000 0.000000 1.000000 0.000000 0.000000 1.000000 0.000000 0.000000 1.000000 0.000000 0.000000 1.000000 0.000000 0.000000 1.000000 0.000000 0.000000 1.000000 0.000000 0.000000 1.000000 0.000000 0.000000 1.000000 0.000000 0.000000 1.000000 0.000000 0.000000 1.000000 0.000000 0.000000 1.000000 0.000000 0.000000 1.000000 0.000000 0.000000 1.000000 0.000000 0.000000 1.000000 0.000000 0.000000 1.000000 0.000000 0.000000 1.000000 0.000000 0.000000 1.000000 0.000000 0.000000 1.000000 0.000000 0.000000 1.000000 0.000000 0.000000 1.000000 0.000000 0.000000 1.000000 0.000000 0.000000 1.000000 0.000000 0.000000 1.000000 0.000000 0.000000 1.000000 0.000000 0.000000 1.000000 0.000000 0.000000 1.000000 0.000000 0.000000 1.000000 0.000000 0.000000 1.000000 0.000000 0.000000 1.000000 0.000000 0.000000 1.000000 0.000000 0.000000 1.000000 0.000000 0.000000 1.000000 0.000000 0.000000 1.000000 0.000000 0.000000 1.000000 0.000000 0.000000 1.000000 0.000000 0.000000 1.000000 0.000000 0.000000 1.000000 0.000000 0.000000 1.000000 0.000000 0.000000 1.000000 0.000000 0.000000 1.000000 0.000000 0.000000 1.000000 0.000000 0.000000 1.000000 0.000000 0.000000 1.000000 0.000000 0.000000 1.000000 0.000000 0.000000 1.000000 0.000000 0.000000 1.000000 0.000000 0.000000 1.000000 0.000000 0.000000 1.000000 0.000000 0.000000 1.000000 0.000000 0.000000 1.000000 0.000000 0.000000 1.000000 0.000000 0.000000 1.000000 0.000000 0.000000 1.000000 0.000000 0.000000 1.000000 0.000000 0.000000 1.000000 0.000000 0.000000 1.000000 0.000000 0.000000 1.000000 0.000000 0.000000 1.000000 0.000000 0.000000 1.000000 0.000000 0.000000 1.000000 0.000000 0.000000 1.000000 0.000000 0.000000 1.000000 0.000000 0.000000 1.000000 0.000000 0.000000 1.000000 0.000000 0.000000 1.000000 0.000000 0.000000 1.000000 0.000000 0.000000 1.000000 0.000000 0.000000 1.000000 0.000000 0.000000 1.000000 0.000000 0.000000 1.000000 0.000000 0.000000 1.000000 0.000000 0.000000 1.000000 0.000000 0.000000 1.000000 0.000000 0.000000 1.000000 0.000000 0.000000 1.000000 0.000000 0.000000 1.000000 0.000000 0.000000 1.000000 0.000000 0.000000 1.000000 0.000000 0.000000 1.000000 0.000000 0.000000 1.000000 0.000000 0.000000 1.000000 0.000000 0.000000 1.000000 0.000000 0.000000 1.000000 0.000000 0.000000 1.000000 0.000000 0.000000 1.000000 0.000000 0.000000 1.000000 0.000000 0.000000 1.000000 0.000000 0.000000 1.000000 0.000000 0.000000 1.000000 0.000000 0.000000 1.000000 0.000000 0.000000 1.000000 0.000000 0.000000 1.000000 0.000000 0.000000 1.000000 0.000000 0.000000 1.000000 0.000000 0.000000 1.000000 0.000000 0.000000 1.000000 0.000000 0.000000 1.000000 0.000000 0.000000 1.000000 0.000000 0.000000 1.000000 0.000000 0.000000 1.000000 0.000000 0.000000 1.000000 0.000000 0.000000 1.000000 0.000000 0.000000 1.000000 0.000000 0.000000 1.000000 0.000000 0.000000 1.000000 0.000000 0.000000 1.000000 0.000000 0.000000 1.000000 0.000000 0.000000 1.000000 0.000000 0.000000 1.000000 0.000000 0.000000 1.000000 0.000000 0.000000 1.000000 0.000000 0.000000 1.000000 0.000000 0.000000 1.000000 0.000000 0.000000 1.000000 0.000000 0.000000 1.000000 0.000000 0.000000 1.000000 0.000000 0.000000 1.000000 0.000000 0.000000 1.000000 0.000000 0.000000 1.000000 0.000000 0.000000 1.000000 0.000000 0.000000 1.000000 0.000000 0.000000 1.000000 0.000000 0.000000 1.000000 0.000000 0.000000 1.000000 0.000000 0.000000 1.000000 0.000000 0.000000 1.000000 0.000000 0.000000 1.000000 0.000000 0.000000 1.000000 0.000000 0.000000 1.000000 0.000000 0.000000 1.000000 0.000000 0.000000 1.000000 0.000000 0.000000 1.000000 0.000000 0.000000 1.000000 0.000000 0.000000 1.000000 0.000000 0.000000 1.000000 0.000000 0.000000 1.000000 0.000000 0.000000 1.000000 0.000000 0.000000 1.000000 0.000000 0.000000 1.000000 0.000000 0.000000 1.000000 0.000000 0.000000 1.000000 0.000000 0.000000 1.000000 0.000000 0.000000 1.000000 0.000000 0.000000 1.000000 0.000000 0.000000 1.000000 0.000000 0.000000 1.000000 0.000000 0.000000 1.000000 0.000000 0.000000 1.000000 0.000000 0.000000 1.000000 0.000000 0.000000 1.000000 0.000000 0.000000 1.000000 0.000000 0.000000 1.000000 0.000000 0.000000 1.000000 0.000000 0.000000 1.000000 0.000000 0.000000 1.000000 0.000000 0.000000 1.000000 0.000000 0.000000 1.000000 0.000000 0.000000 1.000000 0.000000 0.000000 1.000000 0.000000 0.000000 1.000000 0.000000 0.000000 1.000000 0.000000 0.000000 1.000000 0.000000 0.000000 1.000000 0.000000 0.000000 1.000000 0.000000 0.000000 1.000000 0.000000 0.000000 1.000000 0.000000 0.000000 1.000000 0.000000 0.000000 1.000000 0.000000 0.000000 1.000000 0.000000 0.000000 1.000000 0.000000 0.000000 1.000000 0.000000 0.000000 1.000000 0.000000 0.000000 1.000000 0.000000 0.000000 1.000000 0.000000 0.000000 1.000000 0.000000 0.000000 1.000000 0.000000 0.000000 1.000000 0.000000 0.000000 1.000000 0.000000 0.000000 1.000000 0.000000 0.000000 1.000000 0.000000 0.000000 1.000000 0.000000 0.000000 1.000000 0.000000 0.000000 1.000000 0.000000 0.000000 1.000000 0.000000 0.000000 1.000000 0.000000 0.000000 1.000000 0.000000 0.000000 1.000000 0.000000 0.000000 1.000000 0.000000 0.000000 1.000000 0.000000 0.000000 1.000000 0.000000 0.000000 1.000000 0.000000 0.000000 1.000000 0.000000 0.000000 1.000000 0.000000 0.000000 1.000000 0.000000 0.000000 1.000000 0.000000 0.000000 1.000000 0.000000 0.000000 1.000000 0.000000 0.000000 1.000000 0.000000 0.000000 1.000000 0.000000 0.000000 1.000000 0.000000 0.000000 1.000000 0.000000 0.000000 1.000000 0.000000 0.000000 1.000000 0.000000 0.000000 1.000000 0.000000 0.000000 1.000000 0.000000 0.000000 1.000000 0.000000 0.000000 1.000000 0.000000 0.000000 1.000000 0.000000 0.000000 1.000000 0.000000 0.000000 1.000000 0.000000 0.000000 1.000000 0.000000 0.000000 1.000000 0.000000 0.000000 1.000000 0.000000 0.000000 1.000000 0.000000 0.000000 1.000000 0.000000 0.000000 1.000000 0.000000 0.000000 1.000000 0.000000 0.000000 1.000000 0.000000 0.000000 1.000000 0.000000 0.000000 1.000000 0.000000 0.000000 1.000000 0.000000 0.000000 1.000000 0.000000 0.000000 1.000000 0.000000 0.000000 1.000000 0.000000 0.000000 1.000000 0.000000 0.000000 1.000000 0.000000 0.000000 1.000000 0.000000 0.000000 1.000000 0.000000 0.000000 1.000000 0.000000 0.000000 1.000000 0.000000 0.000000 1.000000 0.000000 0.000000 1.000000 0.000000 0.000000 1.000000 0.000000 0.000000 1.000000 0.000000 0.000000 1.000000 0.000000 0.000000 1.000000 0.000000 0.000000 1.000000 0.000000 0.000000 1.000000 0.000000 0.000000 1.000000 0.000000 0.000000 1.000000 0.000000 0.000000 1.000000 0.000000 0.000000 1.000000 0.000000 0.000000 1.000000 0.000000 0.000000 1.000000 0.000000 0.000000 1.000000 0.000000 0.000000 1.000000 0.000000 0.000000 1.000000 0.000000 0.000000 1.000000 0.000000 0.000000 1.000000 0.000000 0.000000 1.000000 0.000000 0.000000 1.000000 0.000000 0.000000 1.000000 0.000000 0.000000 1.000000 0.000000 0.000000 1.000000 0.000000 0.000000 1.000000 0.000000 0.000000 1.000000 0.000000 0.000000 1.000000 0.000000 0.000000 1.000000 0.000000 0.000000 1.000000 0.000000 0.000000 1.000000 0.000000 0.000000 1.000000 0.000000 0.000000 1.000000 -0.000000 -0.000000 -1.000000 -0.000000 -0.000000 -1.000000 -0.000000 -0.000000 -1.000000 -0.000000 -0.000000 -1.000000 -0.000000 -0.000000 -1.000000 -0.000000 -0.000000 -1.000000 -0.000000 -0.000000 -1.000000 -0.000000 -0.000000 -1.000000 -0.000000 -0.000000 -1.000000 -0.000000 -0.000000 -1.000000 -0.000000 -0.000000 -1.000000 -0.000000 -0.000000 -1.000000 -0.000000 -0.000000 -1.000000 -0.000000 -0.000000 -1.000000 -0.000000 -0.000000 -1.000000 -0.000000 -0.000000 -1.000000 -0.000000 -0.000000 -1.000000 -0.000000 -0.000000 -1.000000 -0.000000 -0.000000 -1.000000 -0.000000 -0.000000 -1.000000 -0.000000 -0.000000 -1.000000 -0.000000 -0.000000 -1.000000 -0.000000 -0.000000 -1.000000 -0.000000 -0.000000 -1.000000 -0.000000 -0.000000 -1.000000 -0.000000 -0.000000 -1.000000 -0.000000 -0.000000 -1.000000 -0.000000 -0.000000 -1.000000 -0.000000 -0.000000 -1.000000 -0.000000 -0.000000 -1.000000 -0.000000 -0.000000 -1.000000 -0.000000 -0.000000 -1.000000 -0.000000 -0.000000 -1.000000 -0.000000 -0.000000 -1.000000 -0.000000 -0.000000 -1.000000 -0.000000 -0.000000 -1.000000 -0.000000 -0.000000 -1.000000 -0.000000 -0.000000 -1.000000 -0.000000 -0.000000 -1.000000 -0.000000 -0.000000 -1.000000 -0.000000 -0.000000 -1.000000 -0.000000 -0.000000 -1.000000 -0.000000 -0.000000 -1.000000 -0.000000 -0.000000 -1.000000 -0.000000 -0.000000 -1.000000 -0.000000 -0.000000 -1.000000 -0.000000 -0.000000 -1.000000 -0.000000 -0.000000 -1.000000 -0.000000 -0.000000 -1.000000 -0.000000 -0.000000 -1.000000 -0.000000 -0.000000 -1.000000 -0.000000 -0.000000 -1.000000 -0.000000 -0.000000 -1.000000 -0.000000 -0.000000 -1.000000 -0.000000 -0.000000 -1.000000 -0.000000 -0.000000 -1.000000 -0.000000 -0.000000 -1.000000 -0.000000 -0.000000 -1.000000 -0.000000 -0.000000 -1.000000 -0.000000 -0.000000 -1.000000 -0.000000 -0.000000 -1.000000 -0.000000 -0.000000 -1.000000 -0.000000 -0.000000 -1.000000 -0.000000 -0.000000 -1.000000 -0.000000 -0.000000 -1.000000 -0.000000 -0.000000 -1.000000 -0.000000 -0.000000 -1.000000 -0.000000 -0.000000 -1.000000 -0.000000 -0.000000 -1.000000 -0.000000 -0.000000 -1.000000 -0.000000 -0.000000 -1.000000 -0.000000 -0.000000 -1.000000 -0.000000 -0.000000 -1.000000 -0.000000 -0.000000 -1.000000 -0.000000 -0.000000 -1.000000 -0.000000 -0.000000 -1.000000 -0.000000 -0.000000 -1.000000 -0.000000 -0.000000 -1.000000 -0.000000 -0.000000 -1.000000 -0.000000 -0.000000 -1.000000 -0.000000 -0.000000 -1.000000 -0.000000 -0.000000 -1.000000 -0.000000 -0.000000 -1.000000 -0.000000 -0.000000 -1.000000 -0.000000 -0.000000 -1.000000 -0.000000 -0.000000 -1.000000 -0.000000 -0.000000 -1.000000 -0.000000 -0.000000 -1.000000 -0.000000 -0.000000 -1.000000 -0.000000 -0.000000 -1.000000 -0.000000 -0.000000 -1.000000 -0.000000 -0.000000 -1.000000 -0.000000 -0.000000 -1.000000 -0.000000 -0.000000 -1.000000 -0.000000 -0.000000 -1.000000 -0.000000 -0.000000 -1.000000 -0.000000 -0.000000 -1.000000 -0.000000 -0.000000 -1.000000 -0.000000 -0.000000 -1.000000 -0.000000 -0.000000 -1.000000 -0.000000 -0.000000 -1.000000 -0.000000 -0.000000 -1.000000 -0.000000 -0.000000 -1.000000 -0.000000 -0.000000 -1.000000 -0.000000 -0.000000 -1.000000 -0.000000 -0.000000 -1.000000 -0.000000 -0.000000 -1.000000 -0.000000 -0.000000 -1.000000 -0.000000 -0.000000 -1.000000 -0.000000 -0.000000 -1.000000 -0.000000 -0.000000 -1.000000 -0.000000 -0.000000 -1.000000 -0.000000 -0.000000 -1.000000 -0.000000 -0.000000 -1.000000 -0.000000 -0.000000 -1.000000 -0.000000 -0.000000 -1.000000 -0.000000 -0.000000 -1.000000 -0.000000 -0.000000 -1.000000 -0.000000 -0.000000 -1.000000 -0.000000 -0.000000 -1.000000 -0.000000 -0.000000 -1.000000 -0.000000 -0.000000 -1.000000 -0.000000 -0.000000 -1.000000 -0.000000 -0.000000 -1.000000 -0.000000 -0.000000 -1.000000 -0.000000 -0.000000 -1.000000 -0.000000 -0.000000 -1.000000 -0.000000 -0.000000 -1.000000 -0.000000 -0.000000 -1.000000 -0.000000 -0.000000 -1.000000 -0.000000 -0.000000 -1.000000 -0.000000 -0.000000 -1.000000 -0.000000 -0.000000 -1.000000 -0.000000 -0.000000 -1.000000 -0.000000 -0.000000 -1.000000 -0.000000 -0.000000 -1.000000 -0.000000 -0.000000 -1.000000 -0.000000 -0.000000 -1.000000 -0.000000 -0.000000 -1.000000 -0.000000 -0.000000 -1.000000 -0.000000 -0.000000 -1.000000 -0.000000 -0.000000 -1.000000 -0.000000 -0.000000 -1.000000 -0.000000 -0.000000 -1.000000 -0.000000 -0.000000 -1.000000 -0.000000 -0.000000 -1.000000 -0.000000 -0.000000 -1.000000 -0.000000 -0.000000 -1.000000 -0.000000 -0.000000 -1.000000 -0.000000 -0.000000 -1.000000 -0.000000 -0.000000 -1.000000 -0.000000 -0.000000 -1.000000 -0.000000 -0.000000 -1.000000 -0.000000 -0.000000 -1.000000 -0.000000 -0.000000 -1.000000 -0.000000 -0.000000 -1.000000 -0.000000 -0.000000 -1.000000 -0.000000 -0.000000 -1.000000 -0.000000 -0.000000 -1.000000 -0.000000 -0.000000 -1.000000 -0.000000 -0.000000 -1.000000 -0.000000 -0.000000 -1.000000 -0.000000 -0.000000 -1.000000 -0.000000 -0.000000 -1.000000 -0.000000 -0.000000 -1.000000 -0.000000 -0.000000 -1.000000 -0.000000 -0.000000 -1.000000 -0.000000 -0.000000 -1.000000 -0.000000 -0.000000 -1.000000 -0.000000 -0.000000 -1.000000 -0.000000 -0.000000 -1.000000 -0.000000 -0.000000 -1.000000 -0.000000 -0.000000 -1.000000 -0.000000 -0.000000 -1.000000 -0.000000 -0.000000 -1.000000 -0.000000 -0.000000 -1.000000 -0.000000 -0.000000 -1.000000 -0.000000 -0.000000 -1.000000 -0.000000 -0.000000 -1.000000 -0.000000 -0.000000 -1.000000 -0.000000 -0.000000 -1.000000 -0.000000 -0.000000 -1.000000 -0.000000 -0.000000 -1.000000 -0.000000 -0.000000 -1.000000 -0.000000 -0.000000 -1.000000 -0.000000 -0.000000 -1.000000 -0.000000 -0.000000 -1.000000 -0.000000 -0.000000 -1.000000 -0.000000 -0.000000 -1.000000 -0.000000 -0.000000 -1.000000 -0.000000 -0.000000 -1.000000 -0.000000 -0.000000 -1.000000 -0.000000 -0.000000 -1.000000 -0.000000 -0.000000 -1.000000 -0.000000 -0.000000 -1.000000 -0.000000 -0.000000 -1.000000 -0.000000 -0.000000 -1.000000 -0.000000 -0.000000 -1.000000 -0.000000 -0.000000 -1.000000 -0.000000 -0.000000 -1.000000 -0.000000 -0.000000 -1.000000 -0.000000 -0.000000 -1.000000 -0.000000 -0.000000 -1.000000 -0.000000 -0.000000 -1.000000 -0.000000 -0.000000 -1.000000 -0.000000 -0.000000 -1.000000 -0.000000 -0.000000 -1.000000 -0.000000 -0.000000 -1.000000 -0.000000 -0.000000 -1.000000 -0.000000 -0.000000 -1.000000 -0.000000 -0.000000 -1.000000 -0.000000 -0.000000 -1.000000 -0.000000 -0.000000 -1.000000 -0.000000 -0.000000 -1.000000 -0.000000 -0.000000 -1.000000 -0.000000 -0.000000 -1.000000 -0.000000 -0.000000 -1.000000 -0.000000 -0.000000 -1.000000 -0.000000 -0.000000 -1.000000 -0.000000 -0.000000 -1.000000 -0.000000 -0.000000 -1.000000 -0.000000 -0.000000 -1.000000 -0.000000 -0.000000 -1.000000 -0.000000 -0.000000 -1.000000 -0.000000 -0.000000 -1.000000 -0.000000 -0.000000 -1.000000 -0.000000 -0.000000 -1.000000 -0.000000 -0.000000 -1.000000 -0.000000 -0.000000 -1.000000 -0.000000 -0.000000 -1.000000 -0.000000 -0.000000 -1.000000 -0.000000 -0.000000 -1.000000 -0.000000 -0.000000 -1.000000 -0.000000 -0.000000 -1.000000 -0.000000 -0.000000 -1.000000 -0.000000 -0.000000 -1.000000 -0.000000 -0.000000 -1.000000 -0.000000 -0.000000 -1.000000 -0.000000 -0.000000 -1.000000 -0.000000 -0.000000 -1.000000 -0.000000 -0.000000 -1.000000 -0.000000 -0.000000 -1.000000 -0.000000 -0.000000 -1.000000 -0.000000 -0.000000 -1.000000 -0.000000 -0.000000 -1.000000 -0.000000 -0.000000 -1.000000 -0.000000 -0.000000 -1.000000 -0.000000 -0.000000 -1.000000 -0.000000 -0.000000 -1.000000 -0.000000 -0.000000 -1.000000 -0.000000 -0.000000 -1.000000 -0.000000 -0.000000 -1.000000 -0.000000 -0.000000 -1.000000 -0.000000 -0.000000 -1.000000 -0.000000 -0.000000 -1.000000 -0.000000 -0.000000 -1.000000 -0.000000 -0.000000 -1.000000 -0.000000 -0.000000 -1.000000 -0.000000 -0.000000 -1.000000 -0.000000 -0.000000 -1.000000 -0.000000 -0.000000 -1.000000 -0.000000 -0.000000 -1.000000 -0.000000 -0.000000 -1.000000 -0.000000 -0.000000 -1.000000 -0.000000 -0.000000 -1.000000 -0.000000 -0.000000 -1.000000 -0.000000 -0.000000 -1.000000 -0.000000 -0.000000 -1.000000 -0.000000 -0.000000 -1.000000 -0.000000 -0.000000 -1.000000 -0.000000 -0.000000 -1.000000 -0.000000 -0.000000 -1.000000 -0.000000 -0.000000 -1.000000 -0.000000 -0.000000 -1.000000 -0.000000 -0.000000 -1.000000 -0.000000 -0.000000 -1.000000 -0.000000 -0.000000 -1.000000 -0.000000 -0.000000 -1.000000 -0.000000 -0.000000 -1.000000 -0.000000 -0.000000 -1.000000 -0.000000 -0.000000 -1.000000 -0.000000 -0.000000 -1.000000 -0.000000 -0.000000 -1.000000 -0.000000 -0.000000 -1.000000 -0.000000 -0.000000 -1.000000 -0.000000 -0.000000 -1.000000 -0.000000 -0.000000 -1.000000 -0.000000 -0.000000 -1.000000 -0.000000 -0.000000 -1.000000 -0.000000 -0.000000 -1.000000 -0.000000 -0.000000 -1.000000 -0.000000 -0.000000 -1.000000 -0.000000 -0.000000 -1.000000 -0.000000 -0.000000 -1.000000 -0.000000 -0.000000 -1.000000 -0.000000 -0.000000 -1.000000 -0.000000 -0.000000 -1.000000 -0.000000 -0.000000 -1.000000 -0.000000 -0.000000 -1.000000 -0.000000 -0.000000 -1.000000 -0.000000 -0.000000 -1.000000 -0.000000 -0.000000 -1.000000 -0.000000 -0.000000 -1.000000 -0.000000 -0.000000 -1.000000 -0.000000 -0.000000 -1.000000 -0.000000 -0.000000 -1.000000 -0.000000 -0.000000 -1.000000 -0.000000 -0.000000 -1.000000 -0.000000 -0.000000 -1.000000 -0.000000 -0.000000 -1.000000 -0.000000 -0.000000 -1.000000 -0.000000 -0.000000 -1.000000 -0.000000 -0.000000 -1.000000 -0.000000 -0.000000 -1.000000 -0.000000 -0.000000 -1.000000 -0.000000 -0.000000 -1.000000 -0.000000 -0.000000 -1.000000 -0.000000 -0.000000 -1.000000 -0.000000 -0.000000 -1.000000 -0.000000 -0.000000 -1.000000 -0.000000 -0.000000 -1.000000 -0.000000 -0.000000 -1.000000 -0.000000 -0.000000 -1.000000 -0.000000 -0.000000 -1.000000 -0.000000 -0.000000 -1.000000 -0.000000 -0.000000 -1.000000 -0.000000 -0.000000 -1.000000 -0.000000 -0.000000 -1.000000 -0.000000 -0.000000 -1.000000 -0.000000 -0.000000 -1.000000 -0.000000 -0.000000 -1.000000 -0.000000 -0.000000 -1.000000 -0.000000 -0.000000 -1.000000 -0.000000 -0.000000 -1.000000 -0.000000 -0.000000 -1.000000 -0.000000 -0.000000 -1.000000 -0.000000 -0.000000 -1.000000 -0.000000 -0.000000 -1.000000 -0.000000 -0.000000 -1.000000 -0.000000 -0.000000 -1.000000 -0.000000 -0.000000 -1.000000 -0.000000 -0.000000 -1.000000 -0.000000 -0.000000 -1.000000 -0.000000 -0.000000 -1.000000 -0.000000 -0.000000 -1.000000 -0.000000 -0.000000 -1.000000 -0.000000 -0.000000 -1.000000 -0.000000 -0.000000 -1.000000 -0.000000 -0.000000 -1.000000 -0.000000 -0.000000 -1.000000 -0.000000 -0.000000 -1.000000 -0.000000 -0.000000 -1.000000 -0.000000 -0.000000 -1.000000 -0.000000 -0.000000 -1.000000 -0.000000 -0.000000 -1.000000 -0.000000 -0.000000 -1.000000 -0.000000 -0.000000 -1.000000 -0.000000 -0.000000 -1.000000 -0.000000 -0.000000 -1.000000 -0.000000 -0.000000 -1.000000 -0.000000 -0.000000 -1.000000 -0.000000 -0.000000 -1.000000 -0.000000 -0.000000 -1.000000 -0.000000 -0.000000 -1.000000 -0.000000 -0.000000 -1.000000 -0.000000 -0.000000 -1.000000 -0.000000 -0.000000 -1.000000 -0.000000 -0.000000 -1.000000 -0.000000 -0.000000 -1.000000 -0.000000 -0.000000 -1.000000 -0.000000 -0.000000 -1.000000 -0.000000 -0.000000 -1.000000 -0.000000 -0.000000 -1.000000 -0.000000 -0.000000 -1.000000 -0.000000 -0.000000 -1.000000 -0.000000 -0.000000 -1.000000 -0.000000 -0.000000 -1.000000 -0.000000 -0.000000 -1.000000 -0.000000 -0.000000 -1.000000 -0.000000 -0.000000 -1.000000 -0.000000 -0.000000 -1.000000 -0.000000 -0.000000 -1.000000 -0.000000 -0.000000 -1.000000 -0.000000 -0.000000 -1.000000 -0.000000 -0.000000 -1.000000 -0.000000 -0.000000 -1.000000 -0.000000 -0.000000 -1.000000 -0.000000 -0.000000 -1.000000 -0.000000 -0.000000 -1.000000 -0.000000 -0.000000 -1.000000 -0.000000 -0.000000 -1.000000 -0.000000 -0.000000 -1.000000 -0.000000 -0.000000 -1.000000 -0.000000 -0.000000 -1.000000 -0.000000 -0.000000 -1.000000 -0.000000 -0.000000 -1.000000 -0.000000 -0.000000 -1.000000 -0.000000 -0.000000 -1.000000 -0.000000 -0.000000 -1.000000 -0.000000 -0.000000 -1.000000 -0.000000 -0.000000 -1.000000 -0.000000 -0.000000 -1.000000 -0.000000 -0.000000 -1.000000 -0.000000 -0.000000 -1.000000 -0.000000 -0.000000 -1.000000 -0.000000 -0.000000 -1.000000 -0.000000 -0.000000 -1.000000 -0.000000 -0.000000 -1.000000 -0.000000 -0.000000 -1.000000 -0.000000 -0.000000 -1.000000 -0.000000 -0.000000 -1.000000 -0.000000 -0.000000 -1.000000 -0.000000 -0.000000 -1.000000 -0.000000 -0.000000 -1.000000 -0.000000 -0.000000 -1.000000 -0.000000 -0.000000 -1.000000 -0.000000 -0.000000 -1.000000 -0.000000 -0.000000 -1.000000 -0.000000 -0.000000 -1.000000 -0.000000 -0.000000 -1.000000 -0.000000 -0.000000 -1.000000 -0.000000 -0.000000 -1.000000 -0.000000 -0.000000 -1.000000 -0.000000 -0.000000 -1.000000 -0.000000 -0.000000 -1.000000 -0.000000 -0.000000 -1.000000 -0.000000 -0.000000 -1.000000 -0.000000 -0.000000 -1.000000 -0.000000 -0.000000 -1.000000 -0.000000 -0.000000 -1.000000 -0.000000 -0.000000 -1.000000 -0.000000 -0.000000 -1.000000 -0.000000 -0.000000 -1.000000 -0.000000 -0.000000 -1.000000 -0.000000 -0.000000 -1.000000 -0.000000 -0.000000 -1.000000 -0.000000 -0.000000 -1.000000 -0.000000 -0.000000 -1.000000 -0.000000 -0.000000 -1.000000 -0.000000 -0.000000 -1.000000 -0.000000 -0.000000 -1.000000 -0.000000 -0.000000 -1.000000 -0.000000 -0.000000 -1.000000 -0.000000 -0.000000 -1.000000 -0.000000 -0.000000 -1.000000 -0.000000 -0.000000 -1.000000 -0.000000 -0.000000 -1.000000 -0.000000 -0.000000 -1.000000 -0.000000 -0.000000 -1.000000 -0.000000 -0.000000 -1.000000 -0.000000 -0.000000 -1.000000 -0.000000 -0.000000 -1.000000 -0.000000 -0.000000 -1.000000 -0.000000 -0.000000 -1.000000 -0.000000 -0.000000 -1.000000 -0.000000 -0.000000 -1.000000 -0.000000 -0.000000 -1.000000 -0.000000 -0.000000 -1.000000 -0.000000 -0.000000 -1.000000 -0.000000 -0.000000 -1.000000 -0.000000 -0.000000 -1.000000 -0.000000 -0.000000 -1.000000</float_array>
          <technique_common>
            <accessor source="#base_link-mesh-normals-array" count="8160" stride="3">
              <param name="X" type="float"/>
              <param name="Y" type="float"/>
              <param name="Z" type="float"/>
            </accessor>
          </technique_common>
        </source>
        <vertices id="base_link-mesh-vertices">
          <input semantic="POSITION" source="#base_link-mesh-positions"/>
        </vertices>
        <triangles material="HP_3D_HR_CB_PA_12__avec_imprimante_3D_en_couleurs_HP_Jet_Fusion_580_" count="8320">
          <input semantic="VERTEX" source="#base_link-mesh-vertices" offset="0"/>
          <input semantic="NORMAL" source="#base_link-mesh-normals" offset="1"/>
          <p>1 0 47 1 0 2 0 2 47 1 24 3 0 2 24 3 23 4 23 4 24 3 25 5 23 4 25 5 22 6 22 6 25 5 26 7 22 6 26 7 21 8 21 8 26 7 27 9 21 8 27 9 20 10 20 10 27 9 28 11 20 10 28 11 19 12 19 12 28 11 29 13 19 12 29 13 18 14 18 14 29 13 30 15 18 14 30 15 17 16 17 16 30 15 31 17 17 16 31 17 16 18 16 18 31 17 32 19 16 18 32 19 15 20 15 20 32 19 33 21 15 20 33 21 14 22 14 22 33 21 34 23 14 22 34 23 13 24 13 24 34 23 35 25 13 24 35 25 12 26 12 26 35 25 36 27 12 26 36 27 11 28 11 28 36 27 37 29 11 28 37 29 10 30 10 30 37 29 38 31 10 30 38 31 9 32 9 32 38 31 39 33 9 32 39 33 8 34 8 34 39 33 40 35 8 34 40 35 7 36 7 36 40 35 41 37 7 36 41 37 6 38 6 38 41 37 42 39 6 38 42 39 5 40 5 40 42 39 43 41 5 40 43 41 4 42 4 42 43 41 44 43 4 42 44 43 3 44 3 44 44 43 45 45 3 44 45 45 2 46 2 46 45 45 46 47 2 46 46 47 1 0 1 0 46 47 47 1 49 48 95 49 48 50 48 50 95 49 72 51 48 50 72 51 71 52 71 52 72 51 73 53 71 52 73 53 70 54 70 54 73 53 74 55 70 54 74 55 69 56 69 56 74 55 75 57 69 56 75 57 68 58 68 58 75 57 76 59 68 58 76 59 67 60 67 60 76 59 77 61 67 60 77 61 66 62 66 62 77 61 78 63 66 62 78 63 65 64 65 64 78 63 79 65 65 64 79 65 64 66 64 66 79 65 80 67 64 66 80 67 63 68 63 68 80 67 81 69 63 68 81 69 62 70 62 70 81 69 82 71 62 70 82 71 61 72 61 72 82 71 83 73 61 72 83 73 60 74 60 74 83 73 84 75 60 74 84 75 59 76 59 76 84 75 85 77 59 76 85 77 58 78 58 78 85 77 86 79 58 78 86 79 57 80 57 80 86 79 87 81 57 80 87 81 56 82 56 82 87 81 88 83 56 82 88 83 55 84 55 84 88 83 89 85 55 84 89 85 54 86 54 86 89 85 90 87 54 86 90 87 53 88 53 88 90 87 91 89 53 88 91 89 52 90 52 90 91 89 92 91 52 90 92 91 51 92 51 92 92 91 93 93 51 92 93 93 50 94 50 94 93 93 94 95 50 94 94 95 49 48 49 48 94 95 95 49 97 96 143 97 96 98 96 98 143 97 120 99 96 98 120 99 119 100 119 100 120 99 121 101 119 100 121 101 118 102 118 102 121 101 122 103 118 102 122 103 117 104 117 104 122 103 123 105 117 104 123 105 116 106 116 106 123 105 124 107 116 106 124 107 115 108 115 108 124 107 125 109 115 108 125 109 114 110 114 110 125 109 126 111 114 110 126 111 113 112 113 112 126 111 127 113 113 112 127 113 112 114 112 114 127 113 128 115 112 114 128 115 111 116 111 116 128 115 129 117 111 116 129 117 110 118 110 118 129 117 130 119 110 118 130 119 109 120 109 120 130 119 131 121 109 120 131 121 108 122 108 122 131 121 132 123 108 122 132 123 107 124 107 124 132 123 133 125 107 124 133 125 106 126 106 126 133 125 134 127 106 126 134 127 105 128 105 128 134 127 135 129 105 128 135 129 104 130 104 130 135 129 136 131 104 130 136 131 103 132 103 132 136 131 137 133 103 132 137 133 102 134 102 134 137 133 138 135 102 134 138 135 101 136 101 136 138 135 139 137 101 136 139 137 100 138 100 138 139 137 140 139 100 138 140 139 99 140 99 140 140 139 141 141 99 140 141 141 98 142 98 142 141 141 142 143 98 142 142 143 97 96 97 96 142 143 143 97 145 144 191 145 144 146 144 146 191 145 168 147 144 146 168 147 167 148 167 148 168 147 169 149 167 148 169 149 166 150 166 150 169 149 170 151 166 150 170 151 165 152 165 152 170 151 171 153 165 152 171 153 164 154 164 154 171 153 172 155 164 154 172 155 163 156 163 156 172 155 173 157 163 156 173 157 162 158 162 158 173 157 174 159 162 158 174 159 161 160 161 160 174 159 175 161 161 160 175 161 160 162 160 162 175 161 176 163 160 162 176 163 159 164 159 164 176 163 177 165 159 164 177 165 158 166 158 166 177 165 178 167 158 166 178 167 157 168 157 168 178 167 179 169 157 168 179 169 156 170 156 170 179 169 180 171 156 170 180 171 155 172 155 172 180 171 181 173 155 172 181 173 154 174 154 174 181 173 182 175 154 174 182 175 153 176 153 176 182 175 183 177 153 176 183 177 152 178 152 178 183 177 184 179 152 178 184 179 151 180 151 180 184 179 185 181 151 180 185 181 150 182 150 182 185 181 186 183 150 182 186 183 149 184 149 184 186 183 187 185 149 184 187 185 148 186 148 186 187 185 188 187 148 186 188 187 147 188 147 188 188 187 189 189 147 188 189 189 146 190 146 190 189 189 190 191 146 190 190 191 145 144 145 144 190 191 191 145 193 192 239 193 192 194 192 194 239 193 216 195 192 194 216 195 215 196 215 196 216 195 217 197 215 196 217 197 214 198 214 198 217 197 218 199 214 198 218 199 213 200 213 200 218 199 219 201 213 200 219 201 212 202 212 202 219 201 220 203 212 202 220 203 211 204 211 204 220 203 221 205 211 204 221 205 210 206 210 206 221 205 222 207 210 206 222 207 209 208 209 208 222 207 223 209 209 208 223 209 208 210 208 210 223 209 224 211 208 210 224 211 207 212 207 212 224 211 225 213 207 212 225 213 206 214 206 214 225 213 226 215 206 214 226 215 205 216 205 216 226 215 227 217 205 216 227 217 204 218 204 218 227 217 228 219 204 218 228 219 203 220 203 220 228 219 229 221 203 220 229 221 202 222 202 222 229 221 230 223 202 222 230 223 201 224 201 224 230 223 231 225 201 224 231 225 200 226 200 226 231 225 232 227 200 226 232 227 199 228 199 228 232 227 233 229 199 228 233 229 198 230 198 230 233 229 234 231 198 230 234 231 197 232 197 232 234 231 235 233 197 232 235 233 196 234 196 234 235 233 236 235 196 234 236 235 195 236 195 236 236 235 237 237 195 236 237 237 194 238 194 238 237 237 238 239 194 238 238 239 193 192 193 192 238 239 239 193 241 240 287 241 240 242 240 242 287 241 264 243 240 242 264 243 263 244 263 244 264 243 265 245 263 244 265 245 262 246 262 246 265 245 266 247 262 246 266 247 261 248 261 248 266 247 267 249 261 248 267 249 260 250 260 250 267 249 268 251 260 250 268 251 259 252 259 252 268 251 269 253 259 252 269 253 258 254 258 254 269 253 270 255 258 254 270 255 257 256 257 256 270 255 271 257 257 256 271 257 256 258 256 258 271 257 272 259 256 258 272 259 255 260 255 260 272 259 273 261 255 260 273 261 254 262 254 262 273 261 274 263 254 262 274 263 253 264 253 264 274 263 275 265 253 264 275 265 252 266 252 266 275 265 276 267 252 266 276 267 251 268 251 268 276 267 277 269 251 268 277 269 250 270 250 270 277 269 278 271 250 270 278 271 249 272 249 272 278 271 279 273 249 272 279 273 248 274 248 274 279 273 280 275 248 274 280 275 247 276 247 276 280 275 281 277 247 276 281 277 246 278 246 278 281 277 282 279 246 278 282 279 245 280 245 280 282 279 283 281 245 280 283 281 244 282 244 282 283 281 284 283 244 282 284 283 243 284 243 284 284 283 285 285 243 284 285 285 242 286 242 286 285 285 286 287 242 286 286 287 241 240 241 240 286 287 287 241 289 288 335 289 288 290 288 290 335 289 312 291 288 290 312 291 311 292 311 292 312 291 313 293 311 292 313 293 310 294 310 294 313 293 314 295 310 294 314 295 309 296 309 296 314 295 315 297 309 296 315 297 308 298 308 298 315 297 316 299 308 298 316 299 307 300 307 300 316 299 317 301 307 300 317 301 306 302 306 302 317 301 318 303 306 302 318 303 305 304 305 304 318 303 319 305 305 304 319 305 304 306 304 306 319 305 320 307 304 306 320 307 303 308 303 308 320 307 321 309 303 308 321 309 302 310 302 310 321 309 322 311 302 310 322 311 301 312 301 312 322 311 323 313 301 312 323 313 300 314 300 314 323 313 324 315 300 314 324 315 299 316 299 316 324 315 325 317 299 316 325 317 298 318 298 318 325 317 326 319 298 318 326 319 297 320 297 320 326 319 327 321 297 320 327 321 296 322 296 322 327 321 328 323 296 322 328 323 295 324 295 324 328 323 329 325 295 324 329 325 294 326 294 326 329 325 330 327 294 326 330 327 293 328 293 328 330 327 331 329 293 328 331 329 292 330 292 330 331 329 332 331 292 330 332 331 291 332 291 332 332 331 333 333 291 332 333 333 290 334 290 334 333 333 334 335 290 334 334 335 289 288 289 288 334 335 335 289 337 336 383 337 336 338 336 338 383 337 360 339 336 338 360 339 359 340 359 340 360 339 361 341 359 340 361 341 358 342 358 342 361 341 362 343 358 342 362 343 357 344 357 344 362 343 363 345 357 344 363 345 356 346 356 346 363 345 364 347 356 346 364 347 355 348 355 348 364 347 365 349 355 348 365 349 354 350 354 350 365 349 366 351 354 350 366 351 353 352 353 352 366 351 367 353 353 352 367 353 352 354 352 354 367 353 368 355 352 354 368 355 351 356 351 356 368 355 369 357 351 356 369 357 350 358 350 358 369 357 370 359 350 358 370 359 349 360 349 360 370 359 371 361 349 360 371 361 348 362 348 362 371 361 372 363 348 362 372 363 347 364 347 364 372 363 373 365 347 364 373 365 346 366 346 366 373 365 374 367 346 366 374 367 345 368 345 368 374 367 375 369 345 368 375 369 344 370 344 370 375 369 376 371 344 370 376 371 343 372 343 372 376 371 377 373 343 372 377 373 342 374 342 374 377 373 378 375 342 374 378 375 341 376 341 376 378 375 379 377 341 376 379 377 340 378 340 378 379 377 380 379 340 378 380 379 339 380 339 380 380 379 381 381 339 380 381 381 338 382 338 382 381 381 382 383 338 382 382 383 337 336 337 336 382 383 383 337 385 384 431 385 384 386 384 386 431 385 408 387 384 386 408 387 407 388 407 388 408 387 409 389 407 388 409 389 406 390 406 390 409 389 410 391 406 390 410 391 405 392 405 392 410 391 411 393 405 392 411 393 404 394 404 394 411 393 412 395 404 394 412 395 403 396 403 396 412 395 413 397 403 396 413 397 402 398 402 398 413 397 414 399 402 398 414 399 401 400 401 400 414 399 415 401 401 400 415 401 400 402 400 402 415 401 416 403 400 402 416 403 399 404 399 404 416 403 417 405 399 404 417 405 398 406 398 406 417 405 418 407 398 406 418 407 397 408 397 408 418 407 419 409 397 408 419 409 396 410 396 410 419 409 420 411 396 410 420 411 395 412 395 412 420 411 421 413 395 412 421 413 394 414 394 414 421 413 422 415 394 414 422 415 393 416 393 416 422 415 423 417 393 416 423 417 392 418 392 418 423 417 424 419 392 418 424 419 391 420 391 420 424 419 425 421 391 420 425 421 390 422 390 422 425 421 426 423 390 422 426 423 389 424 389 424 426 423 427 425 389 424 427 425 388 426 388 426 427 425 428 427 388 426 428 427 387 428 387 428 428 427 429 429 387 428 429 429 386 430 386 430 429 429 430 431 386 430 430 431 385 384 385 384 430 431 431 385 433 432 479 433 432 434 432 434 479 433 456 435 432 434 456 435 455 436 455 436 456 435 457 437 455 436 457 437 454 438 454 438 457 437 458 439 454 438 458 439 453 440 453 440 458 439 459 441 453 440 459 441 452 442 452 442 459 441 460 443 452 442 460 443 451 444 451 444 460 443 461 445 451 444 461 445 450 446 450 446 461 445 462 447 450 446 462 447 449 448 449 448 462 447 463 449 449 448 463 449 448 450 448 450 463 449 464 451 448 450 464 451 447 452 447 452 464 451 465 453 447 452 465 453 446 454 446 454 465 453 466 455 446 454 466 455 445 456 445 456 466 455 467 457 445 456 467 457 444 458 444 458 467 457 468 459 444 458 468 459 443 460 443 460 468 459 469 461 443 460 469 461 442 462 442 462 469 461 470 463 442 462 470 463 441 464 441 464 470 463 471 465 441 464 471 465 440 466 440 466 471 465 472 467 440 466 472 467 439 468 439 468 472 467 473 469 439 468 473 469 438 470 438 470 473 469 474 471 438 470 474 471 437 472 437 472 474 471 475 473 437 472 475 473 436 474 436 474 475 473 476 475 436 474 476 475 435 476 435 476 476 475 477 477 435 476 477 477 434 478 434 478 477 477 478 479 434 478 478 479 433 432 433 432 478 479 479 433 481 480 527 481 480 482 480 482 527 481 504 483 480 482 504 483 503 484 503 484 504 483 505 485 503 484 505 485 502 486 502 486 505 485 506 487 502 486 506 487 501 488 501 488 506 487 507 489 501 488 507 489 500 490 500 490 507 489 508 491 500 490 508 491 499 492 499 492 508 491 509 493 499 492 509 493 498 494 498 494 509 493 510 495 498 494 510 495 497 496 497 496 510 495 511 497 497 496 511 497 496 498 496 498 511 497 512 499 496 498 512 499 495 500 495 500 512 499 513 501 495 500 513 501 494 502 494 502 513 501 514 503 494 502 514 503 493 504 493 504 514 503 515 505 493 504 515 505 492 506 492 506 515 505 516 507 492 506 516 507 491 508 491 508 516 507 517 509 491 508 517 509 490 510 490 510 517 509 518 511 490 510 518 511 489 512 489 512 518 511 519 513 489 512 519 513 488 514 488 514 519 513 520 515 488 514 520 515 487 516 487 516 520 515 521 517 487 516 521 517 486 518 486 518 521 517 522 519 486 518 522 519 485 520 485 520 522 519 523 521 485 520 523 521 484 522 484 522 523 521 524 523 484 522 524 523 483 524 483 524 524 523 525 525 483 524 525 525 482 526 482 526 525 525 526 527 482 526 526 527 481 480 481 480 526 527 527 481 529 528 575 529 528 530 528 530 575 529 552 531 528 530 552 531 551 532 551 532 552 531 553 533 551 532 553 533 550 534 550 534 553 533 554 535 550 534 554 535 549 536 549 536 554 535 555 537 549 536 555 537 548 538 548 538 555 537 556 539 548 538 556 539 547 540 547 540 556 539 557 541 547 540 557 541 546 542 546 542 557 541 558 543 546 542 558 543 545 544 545 544 558 543 559 545 545 544 559 545 544 546 544 546 559 545 560 547 544 546 560 547 543 548 543 548 560 547 561 549 543 548 561 549 542 550 542 550 561 549 562 551 542 550 562 551 541 552 541 552 562 551 563 553 541 552 563 553 540 554 540 554 563 553 564 555 540 554 564 555 539 556 539 556 564 555 565 557 539 556 565 557 538 558 538 558 565 557 566 559 538 558 566 559 537 560 537 560 566 559 567 561 537 560 567 561 536 562 536 562 567 561 568 563 536 562 568 563 535 564 535 564 568 563 569 565 535 564 569 565 534 566 534 566 569 565 570 567 534 566 570 567 533 568 533 568 570 567 571 569 533 568 571 569 532 570 532 570 571 569 572 571 532 570 572 571 531 572 531 572 572 571 573 573 531 572 573 573 530 574 530 574 573 573 574 575 530 574 574 575 529 528 529 528 574 575 575 529 577 576 623 577 576 578 576 578 623 577 600 579 576 578 600 579 599 580 599 580 600 579 601 581 599 580 601 581 598 582 598 582 601 581 602 583 598 582 602 583 597 584 597 584 602 583 603 585 597 584 603 585 596 586 596 586 603 585 604 587 596 586 604 587 595 588 595 588 604 587 605 589 595 588 605 589 594 590 594 590 605 589 606 591 594 590 606 591 593 592 593 592 606 591 607 593 593 592 607 593 592 594 592 594 607 593 608 595 592 594 608 595 591 596 591 596 608 595 609 597 591 596 609 597 590 598 590 598 609 597 610 599 590 598 610 599 589 600 589 600 610 599 611 601 589 600 611 601 588 602 588 602 611 601 612 603 588 602 612 603 587 604 587 604 612 603 613 605 587 604 613 605 586 606 586 606 613 605 614 607 586 606 614 607 585 608 585 608 614 607 615 609 585 608 615 609 584 610 584 610 615 609 616 611 584 610 616 611 583 612 583 612 616 611 617 613 583 612 617 613 582 614 582 614 617 613 618 615 582 614 618 615 581 616 581 616 618 615 619 617 581 616 619 617 580 618 580 618 619 617 620 619 580 618 620 619 579 620 579 620 620 619 621 621 579 620 621 621 578 622 578 622 621 621 622 623 578 622 622 623 577 576 577 576 622 623 623 577 624 624 625 625 627 626 627 626 625 625 626 627 628 628 624 629 629 630 629 630 624 629 627 631 630 632 628 633 631 634 631 634 628 633 629 635 625 636 630 637 626 638 626 638 630 637 631 639 633 640 679 641 632 642 632 642 679 641 656 643 632 642 656 643 655 644 655 644 656 643 657 645 655 644 657 645 654 646 654 646 657 645 658 647 654 646 658 647 653 648 653 648 658 647 659 649 653 648 659 649 652 650 652 650 659 649 660 651 652 650 660 651 651 652 651 652 660 651 661 653 651 652 661 653 650 654 650 654 661 653 662 655 650 654 662 655 649 656 649 656 662 655 663 657 649 656 663 657 648 658 648 658 663 657 664 659 648 658 664 659 647 660 647 660 664 659 665 661 647 660 665 661 646 662 646 662 665 661 666 663 646 662 666 663 645 664 645 664 666 663 667 665 645 664 667 665 644 666 644 666 667 665 668 667 644 666 668 667 643 668 643 668 668 667 669 669 643 668 669 669 642 670 642 670 669 669 670 671 642 670 670 671 641 672 641 672 670 671 671 673 641 672 671 673 640 674 640 674 671 673 672 675 640 674 672 675 639 676 639 676 672 675 673 677 639 676 673 677 638 678 638 678 673 677 674 679 638 678 674 679 637 680 637 680 674 679 675 681 637 680 675 681 636 682 636 682 675 681 676 683 636 682 676 683 635 684 635 684 676 683 677 685 635 684 677 685 634 686 634 686 677 685 678 687 634 686 678 687 633 640 633 640 678 687 679 641 681 688 727 689 680 690 680 690 727 689 704 691 680 690 704 691 703 692 703 692 704 691 705 693 703 692 705 693 702 694 702 694 705 693 706 695 702 694 706 695 701 696 701 696 706 695 707 697 701 696 707 697 700 698 700 698 707 697 708 699 700 698 708 699 699 700 699 700 708 699 709 701 699 700 709 701 698 702 698 702 709 701 710 703 698 702 710 703 697 704 697 704 710 703 711 705 697 704 711 705 696 706 696 706 711 705 712 707 696 706 712 707 695 708 695 708 712 707 713 709 695 708 713 709 694 710 694 710 713 709 714 711 694 710 714 711 693 712 693 712 714 711 715 713 693 712 715 713 692 714 692 714 715 713 716 715 692 714 716 715 691 716 691 716 716 715 717 717 691 716 717 717 690 718 690 718 717 717 718 719 690 718 718 719 689 720 689 720 718 719 719 721 689 720 719 721 688 722 688 722 719 721 720 723 688 722 720 723 687 724 687 724 720 723 721 725 687 724 721 725 686 726 686 726 721 725 722 727 686 726 722 727 685 728 685 728 722 727 723 729 685 728 723 729 684 730 684 730 723 729 724 731 684 730 724 731 683 732 683 732 724 731 725 733 683 732 725 733 682 734 682 734 725 733 726 735 682 734 726 735 681 688 681 688 726 735 727 689 728 736 729 737 731 738 731 738 729 737 730 739 732 740 728 741 733 742 733 742 728 741 731 743 734 744 732 745 735 746 735 746 732 745 733 747 729 748 734 749 730 750 730 750 734 749 735 751 736 752 737 753 739 754 739 754 737 753 738 755 740 756 736 757 741 758 741 758 736 757 739 759 742 760 740 761 743 762 743 762 740 761 741 763 737 764 742 765 738 766 738 766 742 765 743 767 745 768 791 769 744 770 744 770 791 769 768 771 744 770 768 771 767 772 767 772 768 771 769 773 767 772 769 773 766 774 766 774 769 773 770 775 766 774 770 775 765 776 765 776 770 775 771 777 765 776 771 777 764 778 764 778 771 777 772 779 764 778 772 779 763 780 763 780 772 779 773 781 763 780 773 781 762 782 762 782 773 781 774 783 762 782 774 783 761 784 761 784 774 783 775 785 761 784 775 785 760 786 760 786 775 785 776 787 760 786 776 787 759 788 759 788 776 787 777 789 759 788 777 789 758 790 758 790 777 789 778 791 758 790 778 791 757 792 757 792 778 791 779 793 757 792 779 793 756 794 756 794 779 793 780 795 756 794 780 795 755 796 755 796 780 795 781 797 755 796 781 797 754 798 754 798 781 797 782 799 754 798 782 799 753 800 753 800 782 799 783 801 753 800 783 801 752 802 752 802 783 801 784 803 752 802 784 803 751 804 751 804 784 803 785 805 751 804 785 805 750 806 750 806 785 805 786 807 750 806 786 807 749 808 749 808 786 807 787 809 749 808 787 809 748 810 748 810 787 809 788 811 748 810 788 811 747 812 747 812 788 811 789 813 747 812 789 813 746 814 746 814 789 813 790 815 746 814 790 815 745 768 745 768 790 815 791 769 793 816 839 817 792 818 792 818 839 817 816 819 792 818 816 819 815 820 815 820 816 819 817 821 815 820 817 821 814 822 814 822 817 821 818 823 814 822 818 823 813 824 813 824 818 823 819 825 813 824 819 825 812 826 812 826 819 825 820 827 812 826 820 827 811 828 811 828 820 827 821 829 811 828 821 829 810 830 810 830 821 829 822 831 810 830 822 831 809 832 809 832 822 831 823 833 809 832 823 833 808 834 808 834 823 833 824 835 808 834 824 835 807 836 807 836 824 835 825 837 807 836 825 837 806 838 806 838 825 837 826 839 806 838 826 839 805 840 805 840 826 839 827 841 805 840 827 841 804 842 804 842 827 841 828 843 804 842 828 843 803 844 803 844 828 843 829 845 803 844 829 845 802 846 802 846 829 845 830 847 802 846 830 847 801 848 801 848 830 847 831 849 801 848 831 849 800 850 800 850 831 849 832 851 800 850 832 851 799 852 799 852 832 851 833 853 799 852 833 853 798 854 798 854 833 853 834 855 798 854 834 855 797 856 797 856 834 855 835 857 797 856 835 857 796 858 796 858 835 857 836 859 796 858 836 859 795 860 795 860 836 859 837 861 795 860 837 861 794 862 794 862 837 861 838 863 794 862 838 863 793 816 793 816 838 863 839 817 841 864 887 865 840 866 840 866 887 865 864 867 840 866 864 867 863 868 863 868 864 867 865 869 863 868 865 869 862 870 862 870 865 869 866 871 862 870 866 871 861 872 861 872 866 871 867 873 861 872 867 873 860 874 860 874 867 873 868 875 860 874 868 875 859 876 859 876 868 875 869 877 859 876 869 877 858 878 858 878 869 877 870 879 858 878 870 879 857 880 857 880 870 879 871 881 857 880 871 881 856 882 856 882 871 881 872 883 856 882 872 883 855 884 855 884 872 883 873 885 855 884 873 885 854 886 854 886 873 885 874 887 854 886 874 887 853 888 853 888 874 887 875 889 853 888 875 889 852 890 852 890 875 889 876 891 852 890 876 891 851 892 851 892 876 891 877 893 851 892 877 893 850 894 850 894 877 893 878 895 850 894 878 895 849 896 849 896 878 895 879 897 849 896 879 897 848 898 848 898 879 897 880 899 848 898 880 899 847 900 847 900 880 899 881 901 847 900 881 901 846 902 846 902 881 901 882 903 846 902 882 903 845 904 845 904 882 903 883 905 845 904 883 905 844 906 844 906 883 905 884 907 844 906 884 907 843 908 843 908 884 907 885 909 843 908 885 909 842 910 842 910 885 909 886 911 842 910 886 911 841 864 841 864 886 911 887 865 889 912 935 913 888 914 888 914 935 913 912 915 888 914 912 915 911 916 911 916 912 915 913 917 911 916 913 917 910 918 910 918 913 917 914 919 910 918 914 919 909 920 909 920 914 919 915 921 909 920 915 921 908 922 908 922 915 921 916 923 908 922 916 923 907 924 907 924 916 923 917 925 907 924 917 925 906 926 906 926 917 925 918 927 906 926 918 927 905 928 905 928 918 927 919 929 905 928 919 929 904 930 904 930 919 929 920 931 904 930 920 931 903 932 903 932 920 931 921 933 903 932 921 933 902 934 902 934 921 933 922 935 902 934 922 935 901 936 901 936 922 935 923 937 901 936 923 937 900 938 900 938 923 937 924 939 900 938 924 939 899 940 899 940 924 939 925 941 899 940 925 941 898 942 898 942 925 941 926 943 898 942 926 943 897 944 897 944 926 943 927 945 897 944 927 945 896 946 896 946 927 945 928 947 896 946 928 947 895 948 895 948 928 947 929 949 895 948 929 949 894 950 894 950 929 949 930 951 894 950 930 951 893 952 893 952 930 951 931 953 893 952 931 953 892 954 892 954 931 953 932 955 892 954 932 955 891 956 891 956 932 955 933 957 891 956 933 957 890 958 890 958 933 957 934 959 890 958 934 959 889 912 889 912 934 959 935 913 937 960 983 961 936 962 936 962 983 961 960 963 936 962 960 963 959 964 959 964 960 963 961 965 959 964 961 965 958 966 958 966 961 965 962 967 958 966 962 967 957 968 957 968 962 967 963 969 957 968 963 969 956 970 956 970 963 969 964 971 956 970 964 971 955 972 955 972 964 971 965 973 955 972 965 973 954 974 954 974 965 973 966 975 954 974 966 975 953 976 953 976 966 975 967 977 953 976 967 977 952 978 952 978 967 977 968 979 952 978 968 979 951 980 951 980 968 979 969 981 951 980 969 981 950 982 950 982 969 981 970 983 950 982 970 983 949 984 949 984 970 983 971 985 949 984 971 985 948 986 948 986 971 985 972 987 948 986 972 987 947 988 947 988 972 987 973 989 947 988 973 989 946 990 946 990 973 989 974 991 946 990 974 991 945 992 945 992 974 991 975 993 945 992 975 993 944 994 944 994 975 993 976 995 944 994 976 995 943 996 943 996 976 995 977 997 943 996 977 997 942 998 942 998 977 997 978 999 942 998 978 999 941 1000 941 1000 978 999 979 1001 941 1000 979 1001 940 1002 940 1002 979 1001 980 1003 940 1002 980 1003 939 1004 939 1004 980 1003 981 1005 939 1004 981 1005 938 1006 938 1006 981 1005 982 1007 938 1006 982 1007 937 960 937 960 982 1007 983 961 984 1008 985 1009 987 1010 987 1010 985 1009 986 1011 988 1012 984 1013 989 1014 989 1014 984 1013 987 1015 990 1016 988 1017 991 1018 991 1018 988 1017 989 1019 985 1020 990 1021 986 1022 986 1022 990 1021 991 1023 993 1024 1039 1025 992 1026 992 1026 1039 1025 1016 1027 992 1026 1016 1027 1015 1028 1015 1028 1016 1027 1017 1029 1015 1028 1017 1029 1014 1030 1014 1030 1017 1029 1018 1031 1014 1030 1018 1031 1013 1032 1013 1032 1018 1031 1019 1033 1013 1032 1019 1033 1012 1034 1012 1034 1019 1033 1020 1035 1012 1034 1020 1035 1011 1036 1011 1036 1020 1035 1021 1037 1011 1036 1021 1037 1010 1038 1010 1038 1021 1037 1022 1039 1010 1038 1022 1039 1009 1040 1009 1040 1022 1039 1023 1041 1009 1040 1023 1041 1008 1042 1008 1042 1023 1041 1024 1043 1008 1042 1024 1043 1007 1044 1007 1044 1024 1043 1025 1045 1007 1044 1025 1045 1006 1046 1006 1046 1025 1045 1026 1047 1006 1046 1026 1047 1005 1048 1005 1048 1026 1047 1027 1049 1005 1048 1027 1049 1004 1050 1004 1050 1027 1049 1028 1051 1004 1050 1028 1051 1003 1052 1003 1052 1028 1051 1029 1053 1003 1052 1029 1053 1002 1054 1002 1054 1029 1053 1030 1055 1002 1054 1030 1055 1001 1056 1001 1056 1030 1055 1031 1057 1001 1056 1031 1057 1000 1058 1000 1058 1031 1057 1032 1059 1000 1058 1032 1059 999 1060 999 1060 1032 1059 1033 1061 999 1060 1033 1061 998 1062 998 1062 1033 1061 1034 1063 998 1062 1034 1063 997 1064 997 1064 1034 1063 1035 1065 997 1064 1035 1065 996 1066 996 1066 1035 1065 1036 1067 996 1066 1036 1067 995 1068 995 1068 1036 1067 1037 1069 995 1068 1037 1069 994 1070 994 1070 1037 1069 1038 1071 994 1070 1038 1071 993 1024 993 1024 1038 1071 1039 1025 1041 1072 1087 1073 1040 1074 1040 1074 1087 1073 1064 1075 1040 1074 1064 1075 1063 1076 1063 1076 1064 1075 1065 1077 1063 1076 1065 1077 1062 1078 1062 1078 1065 1077 1066 1079 1062 1078 1066 1079 1061 1080 1061 1080 1066 1079 1067 1081 1061 1080 1067 1081 1060 1082 1060 1082 1067 1081 1068 1083 1060 1082 1068 1083 1059 1084 1059 1084 1068 1083 1069 1085 1059 1084 1069 1085 1058 1086 1058 1086 1069 1085 1070 1087 1058 1086 1070 1087 1057 1088 1057 1088 1070 1087 1071 1089 1057 1088 1071 1089 1056 1090 1056 1090 1071 1089 1072 1091 1056 1090 1072 1091 1055 1092 1055 1092 1072 1091 1073 1093 1055 1092 1073 1093 1054 1094 1054 1094 1073 1093 1074 1095 1054 1094 1074 1095 1053 1096 1053 1096 1074 1095 1075 1097 1053 1096 1075 1097 1052 1098 1052 1098 1075 1097 1076 1099 1052 1098 1076 1099 1051 1100 1051 1100 1076 1099 1077 1101 1051 1100 1077 1101 1050 1102 1050 1102 1077 1101 1078 1103 1050 1102 1078 1103 1049 1104 1049 1104 1078 1103 1079 1105 1049 1104 1079 1105 1048 1106 1048 1106 1079 1105 1080 1107 1048 1106 1080 1107 1047 1108 1047 1108 1080 1107 1081 1109 1047 1108 1081 1109 1046 1110 1046 1110 1081 1109 1082 1111 1046 1110 1082 1111 1045 1112 1045 1112 1082 1111 1083 1113 1045 1112 1083 1113 1044 1114 1044 1114 1083 1113 1084 1115 1044 1114 1084 1115 1043 1116 1043 1116 1084 1115 1085 1117 1043 1116 1085 1117 1042 1118 1042 1118 1085 1117 1086 1119 1042 1118 1086 1119 1041 1072 1041 1072 1086 1119 1087 1073 1089 1120 1135 1121 1088 1122 1088 1122 1135 1121 1112 1123 1088 1122 1112 1123 1111 1124 1111 1124 1112 1123 1113 1125 1111 1124 1113 1125 1110 1126 1110 1126 1113 1125 1114 1127 1110 1126 1114 1127 1109 1128 1109 1128 1114 1127 1115 1129 1109 1128 1115 1129 1108 1130 1108 1130 1115 1129 1116 1131 1108 1130 1116 1131 1107 1132 1107 1132 1116 1131 1117 1133 1107 1132 1117 1133 1106 1134 1106 1134 1117 1133 1118 1135 1106 1134 1118 1135 1105 1136 1105 1136 1118 1135 1119 1137 1105 1136 1119 1137 1104 1138 1104 1138 1119 1137 1120 1139 1104 1138 1120 1139 1103 1140 1103 1140 1120 1139 1121 1141 1103 1140 1121 1141 1102 1142 1102 1142 1121 1141 1122 1143 1102 1142 1122 1143 1101 1144 1101 1144 1122 1143 1123 1145 1101 1144 1123 1145 1100 1146 1100 1146 1123 1145 1124 1147 1100 1146 1124 1147 1099 1148 1099 1148 1124 1147 1125 1149 1099 1148 1125 1149 1098 1150 1098 1150 1125 1149 1126 1151 1098 1150 1126 1151 1097 1152 1097 1152 1126 1151 1127 1153 1097 1152 1127 1153 1096 1154 1096 1154 1127 1153 1128 1155 1096 1154 1128 1155 1095 1156 1095 1156 1128 1155 1129 1157 1095 1156 1129 1157 1094 1158 1094 1158 1129 1157 1130 1159 1094 1158 1130 1159 1093 1160 1093 1160 1130 1159 1131 1161 1093 1160 1131 1161 1092 1162 1092 1162 1131 1161 1132 1163 1092 1162 1132 1163 1091 1164 1091 1164 1132 1163 1133 1165 1091 1164 1133 1165 1090 1166 1090 1166 1133 1165 1134 1167 1090 1166 1134 1167 1089 1120 1089 1120 1134 1167 1135 1121 1136 1168 1137 1169 1139 1170 1139 1170 1137 1169 1138 1171 1159 1172 1140 1173 1158 1174 1158 1174 1140 1173 1141 1175 1158 1174 1141 1175 1157 1176 1157 1176 1141 1175 1142 1177 1157 1176 1142 1177 1156 1178 1156 1178 1142 1177 1143 1179 1156 1178 1143 1179 1155 1180 1155 1180 1143 1179 1144 1181 1155 1180 1144 1181 1154 1182 1154 1182 1144 1181 1145 1183 1154 1182 1145 1183 1153 1184 1153 1184 1145 1183 1146 1185 1153 1184 1146 1185 1152 1186 1152 1186 1146 1185 1147 1187 1152 1186 1147 1187 1151 1188 1151 1188 1147 1187 1148 1189 1151 1188 1148 1189 1150 1190 1150 1190 1148 1189 1149 1191 1150 1190 1149 1191 1139 1170 1139 1170 1149 1191 1136 1168 1203 1192 1160 1193 1202 1194 1202 1194 1160 1193 1161 1195 1202 1194 1161 1195 1201 1196 1201 1196 1161 1195 1162 1197 1201 1196 1162 1197 1200 1198 1200 1198 1162 1197 1163 1199 1200 1198 1163 1199 1199 1200 1199 1200 1163 1199 1164 1201 1199 1200 1164 1201 1198 1202 1198 1202 1164 1201 1165 1203 1198 1202 1165 1203 1197 1204 1197 1204 1165 1203 1166 1205 1197 1204 1166 1205 1196 1206 1196 1206 1166 1205 1167 1207 1196 1206 1167 1207 1195 1208 1195 1208 1167 1207 1168 1209 1195 1208 1168 1209 1194 1210 1194 1210 1168 1209 1169 1211 1194 1210 1169 1211 1193 1212 1193 1212 1169 1211 1170 1213 1193 1212 1170 1213 1192 1214 1192 1214 1170 1213 1171 1215 1192 1214 1171 1215 1191 1216 1191 1216 1171 1215 1172 1217 1191 1216 1172 1217 1190 1218 1190 1218 1172 1217 1173 1219 1190 1218 1173 1219 1189 1220 1189 1220 1173 1219 1174 1221 1189 1220 1174 1221 1188 1222 1188 1222 1174 1221 1175 1223 1188 1222 1175 1223 1187 1224 1187 1224 1175 1223 1176 1225 1187 1224 1176 1225 1186 1226 1186 1226 1176 1225 1177 1227 1186 1226 1177 1227 1185 1228 1185 1228 1177 1227 1178 1229 1185 1228 1178 1229 1184 1230 1184 1230 1178 1229 1179 1231 1184 1230 1179 1231 1183 1232 1183 1232 1179 1231 1180 1233 1183 1232 1180 1233 1182 1234 1182 1234 1180 1233 1181 1235 1182 1234 1181 1235 1159 1172 1159 1172 1181 1235 1140 1173 1223 1236 1204 1237 1222 1238 1222 1238 1204 1237 1205 1239 1222 1238 1205 1239 1221 1240 1221 1240 1205 1239 1206 1241 1221 1240 1206 1241 1220 1242 1220 1242 1206 1241 1207 1243 1220 1242 1207 1243 1219 1244 1219 1244 1207 1243 1208 1245 1219 1244 1208 1245 1218 1246 1218 1246 1208 1245 1209 1247 1218 1246 1209 1247 1217 1248 1217 1248 1209 1247 1210 1249 1217 1248 1210 1249 1216 1250 1216 1250 1210 1249 1211 1251 1216 1250 1211 1251 1215 1252 1215 1252 1211 1251 1212 1253 1215 1252 1212 1253 1214 1254 1214 1254 1212 1253 1213 1255 1214 1254 1213 1255 1203 1192 1203 1192 1213 1255 1160 1193 1224 1256 1204 1237 1225 1257 1225 1257 1204 1237 1223 1236 1245 1258 1226 1259 1244 1260 1244 1260 1226 1259 1227 1261 1244 1260 1227 1261 1243 1262 1243 1262 1227 1261 1228 1263 1243 1262 1228 1263 1242 1264 1242 1264 1228 1263 1229 1265 1242 1264 1229 1265 1241 1266 1241 1266 1229 1265 1230 1267 1241 1266 1230 1267 1240 1268 1240 1268 1230 1267 1231 1269 1240 1268 1231 1269 1239 1270 1239 1270 1231 1269 1232 1271 1239 1270 1232 1271 1238 1272 1238 1272 1232 1271 1233 1273 1238 1272 1233 1273 1237 1274 1237 1274 1233 1273 1234 1275 1237 1274 1234 1275 1236 1276 1236 1276 1234 1275 1235 1277 1236 1276 1235 1277 1225 1257 1225 1257 1235 1277 1224 1256 1289 1278 1246 1279 1288 1280 1288 1280 1246 1279 1247 1281 1288 1280 1247 1281 1287 1282 1287 1282 1247 1281 1248 1283 1287 1282 1248 1283 1286 1284 1286 1284 1248 1283 1249 1285 1286 1284 1249 1285 1285 1286 1285 1286 1249 1285 1250 1287 1285 1286 1250 1287 1284 1288 1284 1288 1250 1287 1251 1289 1284 1288 1251 1289 1283 1290 1283 1290 1251 1289 1252 1291 1283 1290 1252 1291 1282 1292 1282 1292 1252 1291 1253 1293 1282 1292 1253 1293 1281 1294 1281 1294 1253 1293 1254 1295 1281 1294 1254 1295 1280 1296 1280 1296 1254 1295 1255 1297 1280 1296 1255 1297 1279 1298 1279 1298 1255 1297 1256 1299 1279 1298 1256 1299 1278 1300 1278 1300 1256 1299 1257 1301 1278 1300 1257 1301 1277 1302 1277 1302 1257 1301 1258 1303 1277 1302 1258 1303 1276 1304 1276 1304 1258 1303 1259 1305 1276 1304 1259 1305 1275 1306 1275 1306 1259 1305 1260 1307 1275 1306 1260 1307 1274 1308 1274 1308 1260 1307 1261 1309 1274 1308 1261 1309 1273 1310 1273 1310 1261 1309 1262 1311 1273 1310 1262 1311 1272 1312 1272 1312 1262 1311 1263 1313 1272 1312 1263 1313 1271 1314 1271 1314 1263 1313 1264 1315 1271 1314 1264 1315 1270 1316 1270 1316 1264 1315 1265 1317 1270 1316 1265 1317 1269 1318 1269 1318 1265 1317 1266 1319 1269 1318 1266 1319 1268 1320 1268 1320 1266 1319 1267 1321 1268 1320 1267 1321 1245 1258 1245 1258 1267 1321 1226 1259 1138 1171 1137 1169 1307 1322 1307 1322 1137 1169 1290 1323 1307 1322 1290 1323 1306 1324 1306 1324 1290 1323 1291 1325 1306 1324 1291 1325 1305 1326 1305 1326 1291 1325 1292 1327 1305 1326 1292 1327 1304 1328 1304 1328 1292 1327 1293 1329 1304 1328 1293 1329 1303 1330 1303 1330 1293 1329 1294 1331 1303 1330 1294 1331 1302 1332 1302 1332 1294 1331 1295 1333 1302 1332 1295 1333 1301 1334 1301 1334 1295 1333 1296 1335 1301 1334 1296 1335 1300 1336 1300 1336 1296 1335 1297 1337 1300 1336 1297 1337 1299 1338 1299 1338 1297 1337 1298 1339 1299 1338 1298 1339 1289 1278 1289 1278 1298 1339 1246 1279 1111 1340 757 1341 1088 1342 1088 1342 757 1341 756 1343 1088 1342 756 1343 1089 1344 1089 1344 756 1343 755 1345 1089 1344 755 1345 1090 1346 1090 1346 755 1345 754 1347 1090 1346 754 1347 1091 1348 1091 1348 754 1347 753 1349 1091 1348 753 1349 303 1350 303 1350 753 1349 304 1351 304 1351 753 1349 752 1352 304 1351 752 1352 305 1353 305 1353 752 1352 751 1354 305 1353 751 1354 306 1355 306 1355 751 1354 750 1356 306 1355 750 1356 739 1357 739 1357 750 1356 749 1358 739 1357 749 1358 748 1359 757 1341 1111 1340 758 1360 758 1360 1111 1340 1110 1361 758 1360 1110 1361 948 1362 948 1362 1110 1361 632 1363 948 1362 632 1363 655 1364 632 1363 1110 1361 633 1365 633 1365 1110 1361 1109 1366 633 1365 1109 1366 634 1367 634 1367 1109 1366 1108 1368 634 1367 1108 1368 1107 1369 634 1367 1107 1369 635 1370 635 1370 1107 1369 1106 1371 635 1370 1106 1371 636 1372 636 1372 1106 1371 1105 1373 636 1372 1105 1373 637 1374 637 1374 1105 1373 1104 1375 637 1374 1104 1375 638 1376 638 1376 1104 1375 1103 1377 638 1376 1103 1377 639 1378 639 1378 1103 1377 1102 1379 639 1378 1102 1379 640 1380 640 1380 1102 1379 641 1381 641 1381 1102 1379 1101 1382 641 1381 1101 1382 991 1383 991 1383 1101 1382 1100 1384 991 1383 1100 1384 1099 1385 1099 1385 1098 1386 991 1383 991 1383 1098 1386 1097 1387 991 1383 1097 1387 1096 1388 1096 1388 1095 1389 991 1383 991 1383 1095 1389 593 1390 991 1383 593 1390 592 1391 593 1390 1095 1389 594 1392 594 1392 1095 1389 1094 1393 594 1392 1094 1393 595 1394 595 1394 1094 1393 1093 1395 595 1394 1093 1395 596 1396 596 1396 1093 1395 1092 1397 596 1396 1092 1397 597 1398 597 1398 1092 1397 1091 1348 597 1398 1091 1348 303 1350 1041 1399 1040 1400 1225 1401 1225 1401 1040 1400 1063 1402 1225 1401 1063 1402 1236 1403 1236 1403 1063 1402 1237 1404 1237 1404 1063 1402 1238 1405 1238 1405 1063 1402 1239 1406 1239 1406 1063 1402 1240 1407 1240 1407 1063 1402 1241 1408 1241 1408 1063 1402 1242 1409 1242 1409 1063 1402 1243 1410 1243 1410 1063 1402 1244 1411 1244 1411 1063 1402 1062 1412 1244 1411 1062 1412 1245 1413 1245 1413 1062 1412 1268 1414 1268 1414 1062 1412 1061 1415 1268 1414 1061 1415 1269 1416 1269 1416 1061 1415 99 1417 1269 1416 99 1417 98 1418 1061 1415 1060 1419 99 1417 99 1417 1060 1419 100 1420 100 1420 1060 1419 1059 1421 100 1420 1059 1421 101 1422 101 1422 1059 1421 1058 1423 101 1422 1058 1423 102 1424 102 1424 1058 1423 103 1425 103 1425 1058 1423 1057 1426 103 1425 1057 1426 104 1427 104 1427 1057 1426 1056 1428 104 1427 1056 1428 105 1429 105 1429 1056 1428 1055 1430 105 1429 1055 1430 106 1431 106 1431 1055 1430 992 1432 106 1431 992 1432 107 1433 107 1433 992 1432 1015 1434 107 1433 1015 1434 1273 1435 1273 1435 1015 1434 1274 1436 1274 1436 1015 1434 1014 1437 1274 1436 1014 1437 794 1438 794 1438 1014 1437 795 1439 795 1439 1014 1437 1013 1440 795 1439 1013 1440 796 1441 796 1441 1013 1440 1012 1442 796 1441 1012 1442 797 1443 797 1443 1012 1442 1011 1444 797 1443 1011 1444 798 1445 798 1445 1011 1444 1010 1446 798 1445 1010 1446 799 1447 799 1447 1010 1446 1009 1448 799 1447 1009 1448 800 1449 800 1449 1009 1448 1008 1450 800 1449 1008 1450 801 1451 801 1451 1008 1450 1007 1452 801 1451 1007 1452 802 1453 802 1453 1007 1452 1006 1454 802 1453 1006 1454 195 1455 195 1455 1006 1454 196 1456 196 1456 1006 1454 1005 1457 196 1456 1005 1457 197 1458 197 1458 1005 1457 198 1459 198 1459 1005 1457 1004 1460 198 1459 1004 1460 888 1461 888 1461 1004 1460 889 1462 889 1462 1004 1460 1003 1463 889 1462 1003 1463 890 1464 890 1464 1003 1463 1002 1465 890 1464 1002 1465 626 1466 626 1466 1002 1465 627 1467 627 1467 1002 1465 1001 1468 627 1467 1001 1468 1000 1469 992 1432 1055 1430 627 1467 627 1467 1055 1430 1054 1470 627 1467 1054 1470 629 1471 629 1471 1054 1470 1053 1472 629 1471 1053 1472 1052 1473 629 1471 1052 1473 731 1474 731 1474 1052 1473 1051 1475 731 1474 1051 1475 262 1476 262 1476 1051 1475 1050 1477 262 1476 1050 1477 263 1478 263 1478 1050 1477 1049 1479 263 1478 1049 1479 240 1480 240 1480 1049 1479 743 1481 240 1480 743 1481 241 1482 241 1482 743 1481 741 1483 241 1482 741 1483 242 1484 242 1484 741 1483 243 1485 243 1485 741 1483 244 1486 244 1486 741 1483 245 1487 245 1487 741 1483 246 1488 246 1488 741 1483 247 1489 247 1489 741 1483 248 1490 248 1490 741 1483 249 1491 249 1491 741 1483 951 1492 249 1491 951 1492 950 1493 1049 1479 1048 1494 743 1481 743 1481 1048 1494 1047 1495 743 1481 1047 1495 1046 1496 743 1481 1046 1496 1437 1497 1437 1497 1046 1496 1045 1498 1437 1497 1045 1498 1436 1499 1436 1499 1045 1498 1435 1500 1435 1500 1045 1498 1044 1501 1435 1500 1044 1501 1434 1502 1434 1502 1044 1501 1043 1503 1434 1502 1043 1503 1433 1504 1433 1504 1043 1503 1042 1505 1433 1504 1042 1505 1432 1506 1432 1506 1042 1505 1460 1507 1432 1506 1460 1507 1431 1508 1431 1508 1460 1507 1461 1509 1431 1508 1461 1509 1430 1510 1430 1510 1461 1509 1462 1511 1430 1510 1462 1511 1429 1512 1429 1512 1462 1511 1463 1513 1429 1512 1463 1513 1428 1514 1428 1514 1463 1513 1464 1515 1428 1514 1464 1515 1451 1516 1451 1516 1464 1515 1465 1517 1451 1516 1465 1517 1450 1518 1450 1518 1465 1517 1466 1519 1450 1518 1466 1519 1318 1520 1318 1520 1466 1519 1317 1521 1317 1521 1466 1519 1467 1522 1317 1521 1467 1522 1316 1523 1316 1523 1467 1522 1468 1524 1316 1523 1468 1524 1315 1525 1315 1525 1468 1524 1469 1526 1315 1525 1469 1526 1314 1527 1314 1527 1469 1526 1470 1528 1314 1527 1470 1528 1313 1529 1313 1529 1470 1528 1471 1530 1313 1529 1471 1530 1312 1531 1312 1531 1471 1530 1472 1532 1312 1531 1472 1532 1311 1533 1311 1533 1472 1532 1473 1534 1311 1533 1473 1534 1310 1535 1310 1535 1473 1534 1474 1536 1310 1535 1474 1536 1309 1537 1309 1537 1474 1536 1475 1538 1309 1537 1475 1538 1308 1539 1308 1539 1475 1538 1452 1540 1308 1539 1452 1540 1223 1541 1223 1541 1452 1540 1225 1401 1225 1401 1452 1540 1453 1542 1225 1401 1453 1542 1454 1543 1042 1505 1041 1399 1460 1507 1460 1507 1041 1399 1225 1401 1460 1507 1225 1401 1459 1544 1459 1544 1225 1401 1458 1545 1458 1545 1225 1401 1457 1546 1457 1546 1225 1401 1456 1547 1456 1547 1225 1401 1455 1548 1455 1548 1225 1401 1454 1543 1000 1469 999 1549 627 1467 627 1467 999 1549 998 1550 627 1467 998 1550 997 1551 997 1551 996 1552 627 1467 627 1467 996 1552 995 1553 627 1467 995 1553 994 1554 994 1554 993 1555 627 1467 627 1467 993 1555 992 1432 1450 1518 1318 1520 1382 1556 1382 1556 1318 1520 1319 1557 1382 1556 1319 1557 1381 1558 1381 1558 1319 1557 1320 1559 1381 1558 1320 1559 1380 1560 1380 1560 1320 1559 1403 1561 1403 1561 1320 1559 1321 1562 1403 1561 1321 1562 1402 1563 1402 1563 1321 1562 1322 1564 1402 1563 1322 1564 1401 1565 1401 1565 1322 1564 1323 1566 1401 1565 1323 1566 1400 1567 1400 1567 1323 1566 1324 1568 1400 1567 1324 1568 166 1569 166 1569 1324 1568 167 1570 167 1570 1324 1568 1223 1541 167 1570 1223 1541 144 1571 144 1571 1223 1541 145 1572 145 1572 1223 1541 1222 1573 145 1572 1222 1573 1221 1574 1324 1568 1325 1575 1223 1541 1223 1541 1325 1575 1326 1576 1223 1541 1326 1576 1327 1577 1327 1577 1328 1578 1223 1541 1223 1541 1328 1578 1329 1579 1223 1541 1329 1579 1330 1580 1330 1580 1331 1581 1223 1541 1223 1541 1331 1581 1308 1539 991 1383 702 1582 986 1583 986 1583 702 1582 701 1584 986 1583 701 1584 700 1585 989 1586 644 1587 991 1383 991 1383 644 1587 643 1588 991 1383 643 1588 642 1589 987 1590 395 1591 989 1586 989 1586 395 1591 394 1592 989 1586 394 1592 393 1593 986 1583 1355 1594 987 1590 987 1590 1355 1594 1332 1595 987 1590 1332 1595 1333 1596 959 1597 741 1483 936 1598 936 1598 741 1483 739 1357 936 1598 739 1357 937 1599 937 1599 739 1357 938 1600 938 1600 739 1357 939 1601 939 1601 739 1357 766 1602 939 1601 766 1602 940 1603 940 1603 766 1602 765 1604 940 1603 765 1604 941 1605 941 1605 765 1604 942 1606 942 1606 765 1604 764 1607 942 1606 764 1607 943 1608 943 1608 764 1607 763 1609 943 1608 763 1609 944 1610 944 1610 763 1609 762 1611 944 1610 762 1611 945 1612 945 1612 762 1611 761 1613 945 1612 761 1613 760 1614 959 1597 958 1615 741 1483 741 1483 958 1615 957 1616 741 1483 957 1616 956 1617 956 1617 955 1618 741 1483 741 1483 955 1618 954 1619 741 1483 954 1619 953 1620 953 1620 952 1621 741 1483 741 1483 952 1621 951 1492 949 1622 654 1623 950 1493 950 1493 654 1623 250 1624 950 1493 250 1624 249 1491 654 1623 949 1622 655 1364 655 1364 949 1622 948 1362 948 1362 947 1625 758 1360 758 1360 947 1625 759 1626 759 1626 947 1625 946 1627 759 1626 946 1627 760 1614 760 1614 946 1627 945 1612 1333 1596 1334 1628 987 1590 987 1590 1334 1628 1335 1629 987 1590 1335 1629 486 1630 486 1630 1335 1629 487 1631 487 1631 1335 1629 1336 1632 487 1631 1336 1632 1337 1633 487 1631 1337 1633 488 1634 488 1634 1337 1633 1338 1635 488 1634 1338 1635 489 1636 489 1636 1338 1635 1339 1637 489 1636 1339 1637 490 1638 490 1638 1339 1637 1340 1639 490 1638 1340 1639 1360 1640 1360 1640 1340 1639 1359 1641 1359 1641 1340 1639 1341 1642 1359 1641 1341 1642 1358 1643 1358 1643 1341 1642 1342 1644 1358 1643 1342 1644 1357 1645 1357 1645 1342 1644 1343 1646 1357 1645 1343 1646 1356 1647 1356 1647 1343 1646 1344 1648 1356 1647 1344 1648 1379 1649 1379 1649 1344 1648 1345 1650 1379 1649 1345 1650 1378 1651 1378 1651 1345 1650 1346 1652 1378 1651 1346 1652 1414 1653 1414 1653 1346 1652 1413 1654 1413 1654 1346 1652 1347 1655 1413 1654 1347 1655 1412 1656 1412 1656 1347 1655 1348 1657 1412 1656 1348 1657 1411 1658 1411 1658 1348 1657 1349 1659 1411 1658 1349 1659 1410 1660 1410 1660 1349 1659 1350 1661 1410 1660 1350 1661 1409 1662 1409 1662 1350 1661 1351 1663 1409 1662 1351 1663 1408 1664 1408 1664 1351 1663 1352 1665 1408 1664 1352 1665 1407 1666 1407 1666 1352 1665 1353 1667 1407 1666 1353 1667 1406 1668 1406 1668 1353 1667 1354 1669 1406 1668 1354 1669 1405 1670 1405 1670 1354 1669 1355 1594 1405 1670 1355 1594 986 1583 888 1461 911 1671 198 1459 198 1459 911 1671 199 1672 199 1672 911 1671 200 1673 200 1673 911 1671 910 1674 200 1673 910 1674 201 1675 201 1675 910 1674 338 1676 201 1675 338 1676 202 1677 202 1677 338 1676 337 1678 202 1677 337 1678 203 1679 203 1679 337 1678 336 1680 203 1679 336 1680 204 1681 204 1681 336 1680 1279 1682 204 1681 1279 1682 205 1683 205 1683 1279 1682 206 1684 206 1684 1279 1682 207 1685 207 1685 1279 1682 1278 1686 207 1685 1278 1686 208 1687 208 1687 1278 1686 209 1688 209 1688 1278 1686 210 1689 210 1689 1278 1686 211 1690 211 1690 1278 1686 212 1691 212 1691 1278 1686 213 1692 213 1692 1278 1686 1277 1693 213 1692 1277 1693 214 1694 214 1694 1277 1693 215 1695 215 1695 1277 1693 192 1696 192 1696 1277 1693 804 1697 192 1696 804 1697 193 1698 193 1698 804 1697 803 1699 193 1698 803 1699 194 1700 194 1700 803 1699 802 1453 194 1700 802 1453 195 1455 338 1676 910 1674 339 1701 339 1701 910 1674 909 1702 339 1701 909 1702 340 1703 340 1703 909 1702 908 1704 340 1703 908 1704 341 1705 341 1705 908 1704 907 1706 341 1705 907 1706 342 1707 342 1707 907 1706 906 1708 342 1707 906 1708 343 1709 343 1709 906 1708 905 1710 343 1709 905 1710 344 1711 344 1711 905 1710 904 1712 344 1711 904 1712 345 1713 345 1713 904 1712 903 1714 345 1713 903 1714 346 1715 346 1715 903 1714 902 1716 346 1715 902 1716 1282 1717 1282 1717 902 1716 901 1718 1282 1717 901 1718 1283 1719 1283 1719 901 1718 49 1720 1283 1719 49 1720 1284 1721 1284 1721 49 1720 48 1722 1284 1721 48 1722 71 1723 901 1718 900 1724 49 1720 49 1720 900 1724 50 1725 50 1725 900 1724 501 1726 50 1725 501 1726 51 1727 51 1727 501 1726 500 1728 51 1727 500 1728 52 1729 52 1729 500 1728 499 1730 52 1729 499 1730 53 1731 53 1731 499 1730 498 1732 53 1731 498 1732 54 1733 54 1733 498 1732 55 1734 55 1734 498 1732 497 1735 55 1734 497 1735 56 1736 56 1736 497 1735 496 1737 56 1736 496 1737 57 1738 57 1738 496 1737 495 1739 57 1738 495 1739 1287 1740 1287 1740 495 1739 1288 1741 1288 1741 495 1739 494 1742 1288 1741 494 1742 1289 1743 1289 1743 494 1742 1299 1744 1299 1744 494 1742 493 1745 1299 1744 493 1745 1300 1746 1300 1746 493 1745 1301 1747 1301 1747 493 1745 1302 1748 1302 1748 493 1745 1303 1749 1303 1749 493 1745 1304 1750 1304 1750 493 1745 1305 1751 1305 1751 493 1745 1306 1752 1306 1752 493 1745 1307 1753 1307 1753 493 1745 1138 1754 1138 1754 493 1745 492 1755 1138 1754 492 1755 491 1756 501 1726 900 1724 626 1466 626 1466 900 1724 899 1757 626 1466 899 1757 898 1758 898 1758 897 1759 626 1466 626 1466 897 1759 896 1760 626 1466 896 1760 895 1761 895 1761 894 1762 626 1466 626 1466 894 1762 893 1763 626 1466 893 1763 892 1764 892 1764 891 1765 626 1466 626 1466 891 1765 890 1464 1361 1766 1138 1754 1360 1640 1360 1640 1138 1754 491 1756 1360 1640 491 1756 490 1638 1361 1766 1362 1767 1138 1754 1138 1754 1362 1767 1363 1768 1138 1754 1363 1768 1364 1769 1364 1769 1365 1770 1138 1754 1138 1754 1365 1770 1366 1771 1138 1754 1366 1771 1367 1772 1367 1772 1368 1773 1138 1754 1138 1754 1368 1773 1488 1774 1138 1754 1488 1774 1139 1775 1139 1775 1488 1774 1489 1776 1139 1775 1489 1776 1490 1777 1488 1774 1368 1773 1487 1778 1487 1778 1368 1773 1369 1779 1487 1778 1369 1779 1486 1780 1486 1780 1369 1779 1370 1781 1486 1780 1370 1781 1485 1782 1485 1782 1370 1781 1371 1783 1485 1782 1371 1783 1484 1784 1484 1784 1371 1783 1372 1785 1484 1784 1372 1785 1483 1786 1483 1786 1372 1785 1373 1787 1483 1786 1373 1787 1482 1788 1482 1788 1373 1787 1374 1789 1482 1788 1374 1789 1481 1790 1481 1790 1374 1789 1375 1791 1481 1790 1375 1791 1480 1792 1480 1792 1375 1791 1376 1793 1480 1792 1376 1793 1479 1794 1479 1794 1376 1793 1377 1795 1479 1794 1377 1795 1478 1796 1478 1796 1377 1795 1378 1651 1478 1796 1378 1651 1414 1653 841 1797 840 1798 1191 1799 1191 1799 840 1798 863 1800 1191 1799 863 1800 1192 1801 1192 1801 863 1800 1 1802 1192 1801 1 1802 541 1803 541 1803 1 1802 443 1804 541 1803 443 1804 542 1805 542 1805 443 1804 442 1806 542 1805 442 1806 543 1807 543 1807 442 1806 441 1808 543 1807 441 1808 544 1809 544 1809 441 1808 440 1810 544 1809 440 1810 545 1811 545 1811 440 1810 439 1812 545 1811 439 1812 546 1813 546 1813 439 1812 438 1814 546 1813 438 1814 547 1815 547 1815 438 1814 437 1816 547 1815 437 1816 548 1817 548 1817 437 1816 436 1818 548 1817 436 1818 549 1819 549 1819 436 1818 435 1820 549 1819 435 1820 550 1821 550 1821 435 1820 434 1822 550 1821 434 1822 1196 1823 1196 1823 434 1822 433 1824 1196 1823 433 1824 1197 1825 1197 1825 433 1824 432 1826 1197 1825 432 1826 1198 1827 1198 1827 432 1826 153 1828 1198 1827 153 1828 152 1829 1 1802 863 1800 2 1830 2 1830 863 1800 862 1831 2 1830 862 1831 3 1832 3 1832 862 1831 861 1833 3 1832 861 1833 4 1834 4 1834 861 1833 860 1835 4 1834 860 1835 5 1836 5 1836 860 1835 859 1837 5 1836 859 1837 6 1838 6 1838 859 1837 858 1839 6 1838 858 1839 7 1840 7 1840 858 1839 857 1841 7 1840 857 1841 8 1842 8 1842 857 1841 856 1843 8 1842 856 1843 9 1844 9 1844 856 1843 855 1845 9 1844 855 1845 10 1846 10 1846 855 1845 854 1847 10 1846 854 1847 1188 1848 1188 1848 854 1847 853 1849 1188 1848 853 1849 852 1850 1188 1848 852 1850 1189 1851 1189 1851 852 1850 851 1852 1189 1851 851 1852 850 1853 850 1853 849 1854 1189 1851 1189 1851 849 1854 848 1855 1189 1851 848 1855 847 1856 1189 1851 847 1856 1190 1857 1190 1857 847 1856 846 1858 1190 1857 846 1858 845 1859 845 1859 844 1860 1190 1857 1190 1857 844 1860 843 1861 1190 1857 843 1861 842 1862 1190 1857 842 1862 1191 1799 1191 1799 842 1862 841 1797 815 1863 1275 1864 792 1865 792 1865 1275 1864 1274 1436 792 1865 1274 1436 793 1866 793 1866 1274 1436 794 1438 815 1863 814 1867 1275 1864 1275 1864 814 1867 813 1868 1275 1864 813 1868 812 1869 812 1869 811 1870 1275 1864 1275 1864 811 1870 1276 1871 1276 1871 811 1870 810 1872 1276 1871 810 1872 809 1873 809 1873 808 1874 1276 1871 1276 1871 808 1874 807 1875 1276 1871 807 1875 806 1876 1276 1871 806 1876 1277 1693 1277 1693 806 1876 805 1877 1277 1693 805 1877 804 1697 1450 1518 1382 1556 1449 1878 1449 1878 1382 1556 1383 1879 1449 1878 1383 1879 1448 1880 1448 1880 1383 1879 1384 1881 1448 1880 1384 1881 1447 1882 1447 1882 1384 1881 1385 1883 1447 1882 1385 1883 1446 1884 1446 1884 1385 1883 1386 1885 1446 1884 1386 1885 1445 1886 1445 1886 1386 1885 1387 1887 1445 1886 1387 1887 1444 1888 1444 1888 1387 1887 1388 1889 1444 1888 1388 1889 1443 1890 1443 1890 1388 1889 1389 1891 1443 1890 1389 1891 1442 1892 1442 1892 1389 1891 1390 1893 1442 1892 1390 1893 1441 1894 1441 1894 1390 1893 1391 1895 1441 1894 1391 1895 743 1481 743 1481 1391 1895 738 1896 738 1896 1391 1895 1392 1897 738 1896 1392 1897 1393 1898 1393 1898 1394 1899 738 1896 738 1896 1394 1899 1395 1900 738 1896 1395 1900 162 1901 162 1901 1395 1900 163 1902 163 1902 1395 1900 1396 1903 163 1902 1396 1903 1397 1904 163 1902 1397 1904 164 1905 164 1905 1397 1904 1398 1906 164 1905 1398 1906 165 1907 165 1907 1398 1906 1399 1908 165 1907 1399 1908 166 1569 166 1569 1399 1908 1400 1567 1427 1909 1404 1910 986 1583 986 1583 1404 1910 1405 1670 1414 1653 1415 1911 1478 1796 1478 1796 1415 1911 1477 1912 1477 1912 1415 1911 1416 1913 1477 1912 1416 1913 1476 1914 1476 1914 1416 1913 1499 1915 1499 1915 1416 1913 1417 1916 1499 1915 1417 1916 1498 1917 1498 1917 1417 1916 1418 1918 1498 1917 1418 1918 1497 1919 1497 1919 1418 1918 1419 1920 1497 1919 1419 1920 1496 1921 1496 1921 1419 1920 1420 1922 1496 1921 1420 1922 694 1923 694 1923 1420 1922 1421 1924 694 1923 1421 1924 695 1925 695 1925 1421 1924 1422 1926 695 1925 1422 1926 696 1927 696 1927 1422 1926 1423 1928 696 1927 1423 1928 697 1929 697 1929 1423 1928 1424 1930 697 1929 1424 1930 1425 1931 1426 1932 986 1583 1425 1931 1425 1931 986 1583 698 1933 1425 1931 698 1933 697 1929 1426 1932 1427 1909 986 1583 745 1934 744 1935 739 1357 739 1357 744 1935 767 1936 739 1357 767 1936 766 1602 748 1359 747 1937 739 1357 739 1357 747 1937 746 1938 739 1357 746 1938 745 1934 1437 1497 1438 1939 743 1481 743 1481 1438 1939 1439 1940 743 1481 1439 1940 1440 1941 1440 1941 1441 1894 743 1481 738 1896 158 1942 739 1357 739 1357 158 1942 309 1943 739 1357 309 1943 308 1944 1490 1777 1491 1945 1139 1775 1139 1775 1491 1945 1492 1946 1139 1775 1492 1946 1493 1947 1493 1947 1494 1948 1139 1775 1139 1775 1494 1948 1495 1949 1139 1775 1495 1949 1496 1921 735 1950 400 1951 730 1952 730 1952 400 1951 399 1953 730 1952 399 1953 398 1954 733 1955 384 1956 735 1950 735 1950 384 1956 407 1957 735 1950 407 1957 406 1958 731 1474 260 1959 733 1955 733 1955 260 1959 259 1960 733 1955 259 1960 258 1961 629 1471 731 1474 631 1962 631 1962 731 1474 730 1952 631 1962 730 1952 480 1963 480 1963 730 1952 481 1964 481 1964 730 1952 398 1954 481 1964 398 1954 397 1965 703 1966 590 1967 680 1968 680 1968 590 1967 589 1969 680 1968 589 1969 588 1970 590 1967 703 1966 591 1971 591 1971 703 1966 702 1582 591 1971 702 1582 991 1383 700 1585 699 1972 986 1583 986 1583 699 1972 698 1933 694 1923 693 1973 1496 1921 1496 1921 693 1973 1139 1775 693 1973 692 1974 1139 1775 1139 1775 692 1974 691 1975 1139 1775 691 1975 1150 1976 1150 1976 691 1975 1151 1977 1151 1977 691 1975 1152 1978 1152 1978 691 1975 1153 1979 1153 1979 691 1975 1154 1980 1154 1980 691 1975 1155 1981 1155 1981 691 1975 1156 1982 1156 1982 691 1975 1157 1983 1157 1983 691 1975 1158 1984 1158 1984 691 1975 690 1985 1158 1984 690 1985 1159 1986 1159 1986 690 1985 1182 1987 1182 1987 690 1985 689 1988 1182 1987 689 1988 1183 1989 1183 1989 689 1988 688 1990 1183 1989 688 1990 687 1991 1183 1989 687 1991 1184 1992 1184 1992 687 1991 686 1993 1184 1992 686 1993 685 1994 1184 1992 685 1994 1185 1995 1185 1995 685 1994 684 1996 1185 1995 684 1996 1186 1997 1186 1997 684 1996 683 1998 1186 1997 683 1998 12 1999 12 1999 683 1998 13 2000 13 2000 683 1998 682 2001 13 2000 682 2001 587 2002 587 2002 682 2001 681 2003 587 2002 681 2003 588 1970 588 1970 681 2003 680 1968 653 2004 387 2005 654 1623 654 1623 387 2005 386 2006 654 1623 386 2006 250 1624 250 1624 386 2006 251 2007 251 2007 386 2006 385 2008 251 2007 385 2008 252 2009 252 2009 385 2008 384 1956 252 2009 384 1956 733 1955 387 2005 653 2004 989 1586 989 1586 653 2004 652 2010 989 1586 652 2010 651 2011 651 2011 650 2012 989 1586 989 1586 650 2012 649 2013 989 1586 649 2013 648 2014 648 2014 647 2015 989 1586 989 1586 647 2015 646 2016 989 1586 646 2016 645 2017 645 2017 644 1587 989 1586 642 1589 641 1381 991 1383 1286 2018 60 2019 1287 1740 1287 1740 60 2019 59 2020 1287 1740 59 2020 58 2021 1285 2022 64 2023 1286 2018 1286 2018 64 2023 63 2024 1286 2018 63 2024 62 2025 1284 1721 70 2026 1285 2022 1285 2022 70 2026 69 2027 1285 2022 69 2027 68 2028 1281 2029 348 2030 1282 1717 1282 1717 348 2030 347 2031 1282 1717 347 2031 346 1715 1280 2032 353 2033 1281 2029 1281 2029 353 2033 352 2034 1281 2029 352 2034 351 2035 1279 1682 358 2036 1280 2032 1280 2032 358 2036 357 2037 1280 2032 357 2037 356 2038 1273 1435 1272 2039 107 1433 107 1433 1272 2039 108 2040 108 2040 1272 2039 109 2041 109 2041 1272 2039 110 2042 110 2042 1272 2039 1271 2043 110 2042 1271 2043 111 2044 111 2044 1271 2043 112 2045 112 2045 1271 2043 113 2046 113 2046 1271 2043 114 2047 114 2047 1271 2043 115 2048 115 2048 1271 2043 116 2049 116 2049 1271 2043 1270 2050 116 2049 1270 2050 117 2051 117 2051 1270 2050 118 2052 118 2052 1270 2050 119 2053 119 2053 1270 2050 96 2054 96 2054 1270 2050 1269 1416 96 2054 1269 1416 97 2055 97 2055 1269 1416 98 1418 1221 1574 1220 2056 145 1572 145 1572 1220 2056 1219 2057 145 1572 1219 2057 1218 2058 1218 2058 1217 2059 145 1572 145 1572 1217 2059 1216 2060 145 1572 1216 2060 1215 2061 1215 2061 1214 2062 145 1572 145 1572 1214 2062 146 2063 146 2063 1214 2062 1203 2064 146 2063 1203 2064 1202 2065 146 2063 1202 2065 147 2066 147 2066 1202 2065 1201 2067 147 2066 1201 2067 148 2068 148 2068 1201 2067 149 2069 149 2069 1201 2067 1200 2070 149 2069 1200 2070 150 2071 150 2071 1200 2070 151 2072 151 2072 1200 2070 1199 2073 151 2072 1199 2073 152 1829 152 1829 1199 2073 1198 1827 1195 2074 528 2075 1196 1823 1196 1823 528 2075 551 2076 1196 1823 551 2076 550 1821 1194 2077 533 2078 1195 2074 1195 2074 533 2078 532 2079 1195 2074 532 2079 531 2080 1193 2081 538 2082 1194 2077 1194 2077 538 2082 537 2083 1194 2077 537 2083 536 2084 1192 1801 541 1803 1193 2081 1193 2081 541 1803 540 2085 1193 2081 540 2085 539 2086 10 1846 1188 1848 11 2087 11 2087 1188 1848 1187 2088 11 2087 1187 2088 12 1999 12 1999 1187 2088 1186 1997 501 1726 626 1466 502 2089 502 2089 626 1466 631 1962 502 2089 631 1962 503 2090 503 2090 631 1962 480 1963 577 2091 576 2092 300 2093 300 2093 576 2092 599 2094 300 2093 599 2094 301 2095 301 2095 599 2094 598 2096 301 2095 598 2096 302 2097 302 2097 598 2096 597 1398 302 2097 597 1398 303 1350 592 1391 591 1971 991 1383 13 2000 587 2002 14 2098 14 2098 587 2002 586 2099 14 2098 586 2099 15 2100 15 2100 586 2099 585 2101 15 2100 585 2101 16 2102 16 2102 585 2101 584 2103 16 2102 584 2103 17 2104 17 2104 584 2103 583 2105 17 2104 583 2105 18 2106 18 2106 583 2105 582 2107 18 2106 582 2107 581 2108 18 2106 581 2108 19 2109 19 2109 581 2108 580 2110 19 2109 580 2110 20 2111 20 2111 580 2110 579 2112 20 2111 579 2112 21 2113 21 2113 579 2112 578 2114 21 2113 578 2114 22 2115 22 2115 578 2114 577 2091 22 2115 577 2091 23 2116 23 2116 577 2091 445 2117 23 2116 445 2117 0 2118 0 2118 445 2117 444 2119 0 2118 444 2119 1 1802 1 1802 444 2119 443 1804 539 2086 538 2082 1193 2081 536 2084 535 2120 1194 2077 1194 2077 535 2120 534 2121 1194 2077 534 2121 533 2078 531 2080 530 2122 1195 2074 1195 2074 530 2122 529 2123 1195 2074 529 2123 528 2075 486 1630 485 2124 987 1590 987 1590 485 2124 484 2125 987 1590 484 2125 483 2126 482 2127 397 1965 483 2126 483 2126 397 1965 396 2128 483 2126 396 2128 987 1590 987 1590 396 2128 395 1591 482 2127 481 1964 397 1965 432 1826 455 2129 153 1828 153 1828 455 2129 154 2130 154 2130 455 2129 289 2131 154 2130 289 2131 155 2132 155 2132 289 2131 288 2133 155 2132 288 2133 156 2134 156 2134 288 2133 311 2135 156 2134 311 2135 310 2136 289 2131 455 2129 290 2137 290 2137 455 2129 454 2138 290 2137 454 2138 291 2139 291 2139 454 2138 453 2140 291 2139 453 2140 292 2141 292 2141 453 2140 452 2142 292 2141 452 2142 293 2143 293 2143 452 2142 451 2144 293 2143 451 2144 294 2145 294 2145 451 2144 450 2146 294 2145 450 2146 295 2147 295 2147 450 2146 449 2148 295 2147 449 2148 296 2149 296 2149 449 2148 297 2150 297 2150 449 2148 448 2151 297 2150 448 2151 298 2152 298 2152 448 2151 447 2153 298 2152 447 2153 446 2154 445 2117 577 2091 446 2154 446 2154 577 2091 299 2155 446 2154 299 2155 298 2152 406 1958 405 2156 735 1950 735 1950 405 2156 404 2157 735 1950 404 2157 403 2158 403 2158 402 2159 735 1950 735 1950 402 2159 401 2160 735 1950 401 2160 400 1951 393 1593 392 2161 989 1586 989 1586 392 2161 391 2162 989 1586 391 2162 390 2163 390 2163 389 2164 989 1586 989 1586 389 2164 388 2165 989 1586 388 2165 387 2005 336 1680 359 2166 1279 1682 1279 1682 359 2166 358 2036 356 2038 355 2167 1280 2032 1280 2032 355 2167 354 2168 1280 2032 354 2168 353 2033 351 2035 350 2169 1281 2029 1281 2029 350 2169 349 2170 1281 2029 349 2170 348 2030 156 2134 310 2136 157 2171 157 2171 310 2136 309 1943 157 2171 309 1943 158 1942 308 1944 307 2172 739 1357 739 1357 307 2172 306 1355 300 2093 299 2155 577 2091 262 1476 261 2173 731 1474 731 1474 261 2173 260 1959 258 1961 257 2174 733 1955 733 1955 257 2174 256 2175 733 1955 256 2175 255 2176 255 2176 254 2177 733 1955 733 1955 254 2177 253 2178 733 1955 253 2178 252 2009 162 1901 161 2179 738 1896 738 1896 161 2179 160 2180 738 1896 160 2180 159 2181 159 2181 158 1942 738 1896 71 1723 70 2026 1284 1721 68 2028 67 2182 1285 2022 1285 2022 67 2182 66 2183 1285 2022 66 2183 65 2184 65 2184 64 2023 1285 2022 62 2025 61 2185 1286 2018 1286 2018 61 2185 60 2019 58 2021 57 1738 1287 1740 1501 2186 1224 2187 1500 2188 1500 2188 1224 2187 1087 2189 1500 2188 1087 2189 1086 2190 1502 2191 170 2192 1501 2186 1501 2186 170 2192 169 2193 1501 2186 169 2193 1204 2194 1204 2194 169 2193 168 2195 1204 2194 168 2195 191 2196 1503 2197 737 2198 1502 2191 1502 2191 737 2198 175 2199 1502 2191 175 2199 174 2200 1500 2188 1086 2190 1503 2197 1503 2197 1086 2190 1085 2201 1503 2197 1085 2201 1084 2202 1135 2203 780 2204 1112 2205 1112 2205 780 2204 779 2206 1112 2205 779 2206 1113 2207 1113 2207 779 2206 778 2208 1113 2207 778 2208 1114 2209 1114 2209 778 2208 972 2210 1114 2209 972 2210 656 2211 656 2211 972 2210 657 2212 657 2212 972 2210 971 2213 657 2212 971 2213 970 2214 780 2204 1135 2203 781 2215 781 2215 1135 2203 1134 2216 781 2215 1134 2216 782 2217 782 2217 1134 2216 1133 2218 782 2217 1133 2218 783 2219 783 2219 1133 2218 603 2220 783 2219 603 2220 321 2221 321 2221 603 2220 602 2222 321 2221 602 2222 322 2223 322 2223 602 2222 601 2224 322 2223 601 2224 323 2225 323 2225 601 2224 324 2226 324 2226 601 2224 600 2227 324 2226 600 2227 623 2228 603 2220 1133 2218 604 2229 604 2229 1133 2218 1132 2230 604 2229 1132 2230 605 2231 605 2231 1132 2230 1131 2232 605 2231 1131 2232 606 2233 606 2233 1131 2232 1130 2234 606 2233 1130 2234 607 2235 607 2235 1130 2234 1129 2236 607 2235 1129 2236 990 2237 990 2237 1129 2236 1128 2238 990 2237 1128 2238 1127 2239 1127 2239 1126 2240 990 2237 990 2237 1126 2240 1125 2241 990 2237 1125 2241 1124 2242 1124 2242 1123 2243 990 2237 990 2237 1123 2243 671 2244 990 2237 671 2244 670 2245 1123 2243 1122 2246 671 2244 671 2244 1122 2246 672 2247 672 2247 1122 2246 673 2248 673 2248 1122 2246 1121 2249 673 2248 1121 2249 674 2250 674 2250 1121 2249 1120 2251 674 2250 1120 2251 675 2252 675 2252 1120 2251 1119 2253 675 2252 1119 2253 676 2254 676 2254 1119 2253 1118 2255 676 2254 1118 2255 677 2256 677 2256 1118 2255 1117 2257 677 2256 1117 2257 678 2258 678 2258 1117 2257 1116 2259 678 2258 1116 2259 1115 2260 678 2258 1115 2260 679 2261 679 2261 1115 2260 1114 2209 679 2261 1114 2209 656 2211 1065 2262 1064 2263 1224 2187 1224 2187 1064 2263 1087 2189 1084 2202 1083 2264 1503 2197 1503 2197 1083 2264 1082 2265 1503 2197 1082 2265 1081 2266 1503 2197 1081 2266 742 2267 742 2267 1081 2266 1080 2268 742 2267 1080 2268 1079 2269 1078 2270 265 2271 1079 2269 1079 2269 265 2271 264 2272 1079 2269 264 2272 742 2267 742 2267 264 2272 287 2273 742 2267 287 2273 740 2274 740 2274 287 2273 286 2275 740 2274 286 2275 285 2276 265 2271 1078 2270 266 2277 266 2277 1078 2270 1077 2278 266 2277 1077 2278 728 2279 728 2279 1077 2278 1076 2280 728 2279 1076 2280 628 2281 628 2281 1076 2280 1075 2282 628 2281 1075 2282 1074 2283 628 2281 1074 2283 624 2284 624 2284 1074 2283 1073 2285 624 2284 1073 2285 1016 2286 1016 2286 1073 2285 134 2287 1016 2286 134 2287 133 2288 134 2287 1073 2285 135 2289 135 2289 1073 2285 1072 2290 135 2289 1072 2290 136 2291 136 2291 1072 2290 1071 2292 136 2291 1071 2292 137 2293 137 2293 1071 2292 1070 2294 137 2293 1070 2294 138 2295 138 2295 1070 2294 139 2296 139 2296 1070 2294 1069 2297 139 2296 1069 2297 140 2298 140 2298 1069 2297 1068 2299 140 2298 1068 2299 141 2300 141 2300 1068 2299 1067 2301 141 2300 1067 2301 1266 2302 1266 2302 1067 2301 1267 2303 1267 2303 1067 2301 1066 2304 1267 2303 1066 2304 1226 2305 1226 2305 1066 2304 1227 2306 1227 2306 1066 2304 1065 2262 1227 2306 1065 2262 1228 2307 1228 2307 1065 2262 1229 2308 1229 2308 1065 2262 1230 2309 1230 2309 1065 2262 1231 2310 1231 2310 1065 2262 1232 2311 1232 2311 1065 2262 1233 2312 1233 2312 1065 2262 1234 2313 1234 2313 1065 2262 1235 2314 1235 2314 1065 2262 1224 2187 1016 2286 1039 2315 624 2284 624 2284 1039 2315 1038 2316 624 2284 1038 2316 1037 2317 1037 2317 1036 2318 624 2284 624 2284 1036 2318 1035 2319 624 2284 1035 2319 1034 2320 1034 2320 1033 2321 624 2284 624 2284 1033 2321 1032 2322 624 2284 1032 2322 1031 2323 1031 2323 1030 2324 624 2284 624 2284 1030 2324 625 2325 625 2325 1030 2324 934 2326 625 2325 934 2326 933 2327 1030 2324 1029 2328 934 2326 934 2326 1029 2328 935 2329 935 2329 1029 2328 1028 2330 935 2329 1028 2330 912 2331 912 2331 1028 2330 234 2332 912 2331 234 2332 913 2333 913 2333 234 2332 233 2334 913 2333 233 2334 232 2335 1028 2330 1027 2336 234 2332 234 2332 1027 2336 235 2337 235 2337 1027 2336 236 2338 236 2338 1027 2336 1026 2339 236 2338 1026 2339 237 2340 237 2340 1026 2339 830 2341 237 2340 830 2341 238 2342 238 2342 830 2341 829 2343 238 2342 829 2343 239 2344 239 2344 829 2343 828 2345 239 2344 828 2345 216 2346 216 2346 828 2345 1258 2347 216 2346 1258 2347 217 2348 217 2348 1258 2347 218 2349 218 2349 1258 2347 219 2350 219 2350 1258 2347 1257 2351 219 2350 1257 2351 220 2352 220 2352 1257 2351 221 2353 221 2353 1257 2351 222 2354 222 2354 1257 2351 223 2355 223 2355 1257 2351 224 2356 224 2356 1257 2351 225 2357 225 2357 1257 2351 1256 2358 225 2357 1256 2358 226 2359 226 2359 1256 2358 227 2360 227 2360 1256 2358 228 2361 228 2361 1256 2358 360 2362 228 2361 360 2362 229 2363 229 2363 360 2362 383 2364 229 2363 383 2364 230 2365 230 2365 383 2364 382 2366 230 2365 382 2366 231 2367 231 2367 382 2366 914 2368 231 2367 914 2368 232 2335 232 2335 914 2368 913 2333 830 2341 1026 2339 831 2369 831 2369 1026 2339 1025 2370 831 2369 1025 2370 832 2371 832 2371 1025 2370 1024 2372 832 2371 1024 2372 833 2373 833 2373 1024 2372 1023 2374 833 2373 1023 2374 834 2375 834 2375 1023 2374 1022 2376 834 2375 1022 2376 835 2377 835 2377 1022 2376 1021 2378 835 2377 1021 2378 836 2379 836 2379 1021 2378 1020 2380 836 2379 1020 2380 837 2381 837 2381 1020 2380 1019 2382 837 2381 1019 2382 838 2383 838 2383 1019 2382 1018 2384 838 2383 1018 2384 1261 2385 1261 2385 1018 2384 1017 2386 1261 2385 1017 2386 1262 2387 1262 2387 1017 2386 133 2288 1262 2387 133 2288 1263 2388 1263 2388 133 2288 132 2389 1263 2388 132 2389 131 2390 1017 2386 1016 2286 133 2288 985 2391 706 2392 990 2237 990 2237 706 2392 609 2393 990 2237 609 2393 608 2394 984 2395 1507 2396 985 2391 985 2391 1507 2396 709 2397 985 2391 709 2397 708 2398 988 2399 421 2400 984 2395 984 2395 421 2400 420 2401 984 2395 420 2401 525 2402 525 2402 420 2401 419 2403 525 2402 419 2403 526 2404 526 2404 419 2403 527 2405 527 2405 419 2403 418 2406 527 2405 418 2406 729 2407 729 2407 418 2406 417 2408 729 2407 417 2408 416 2409 990 2237 668 2410 988 2399 988 2399 668 2410 667 2411 988 2399 667 2411 666 2412 983 2413 736 2414 960 2415 960 2415 736 2414 740 2274 960 2415 740 2274 961 2416 961 2416 740 2274 962 2417 962 2417 740 2274 963 2418 963 2418 740 2274 964 2419 964 2419 740 2274 965 2420 965 2420 740 2274 966 2421 966 2421 740 2274 967 2422 967 2422 740 2274 968 2423 968 2423 740 2274 969 2424 969 2424 740 2274 279 2425 969 2424 279 2425 970 2214 970 2214 279 2425 278 2426 970 2214 278 2426 658 2427 658 2427 278 2426 430 2428 658 2427 430 2428 659 2429 659 2429 430 2428 429 2430 659 2429 429 2430 988 2399 988 2399 429 2430 428 2431 988 2399 428 2431 427 2432 983 2413 982 2433 736 2414 736 2414 982 2433 981 2434 736 2414 981 2434 770 2435 770 2435 981 2434 980 2436 770 2435 980 2436 771 2437 771 2437 980 2436 979 2438 771 2437 979 2438 978 2439 771 2437 978 2439 772 2440 772 2440 978 2439 977 2441 772 2440 977 2441 773 2442 773 2442 977 2441 976 2443 773 2442 976 2443 774 2444 774 2444 976 2443 975 2445 774 2444 975 2445 775 2446 775 2446 975 2445 776 2447 776 2447 975 2445 974 2448 776 2447 974 2448 777 2449 777 2449 974 2448 973 2450 777 2449 973 2450 778 2208 778 2208 973 2450 972 2210 933 2327 932 2451 625 2325 625 2325 932 2451 931 2452 625 2325 931 2452 930 2453 930 2453 929 2454 625 2325 625 2325 929 2454 928 2455 625 2325 928 2455 927 2456 927 2456 926 2457 625 2325 625 2325 926 2457 925 2458 625 2325 925 2458 924 2459 923 2460 95 2461 924 2459 924 2459 95 2461 94 2462 924 2459 94 2462 507 2463 507 2463 94 2462 93 2464 507 2463 93 2464 508 2465 508 2465 93 2464 92 2466 508 2465 92 2466 509 2467 509 2467 92 2466 91 2468 509 2467 91 2468 510 2469 510 2469 91 2468 90 2470 510 2469 90 2470 89 2471 922 2472 1253 2473 923 2460 923 2460 1253 2473 1252 2474 923 2460 1252 2474 95 2461 95 2461 1252 2474 1251 2475 95 2461 1251 2475 72 2476 72 2476 1251 2475 73 2477 73 2477 1251 2475 74 2478 74 2478 1251 2475 1250 2479 74 2478 1250 2479 75 2480 75 2480 1250 2479 76 2481 76 2481 1250 2479 77 2482 77 2482 1250 2479 78 2483 78 2483 1250 2479 79 2484 79 2484 1250 2479 80 2485 80 2485 1250 2479 1249 2486 80 2485 1249 2486 81 2487 81 2487 1249 2486 82 2488 82 2488 1249 2486 83 2489 83 2489 1249 2486 84 2490 84 2490 1249 2486 1248 2491 84 2490 1248 2491 85 2492 85 2492 1248 2491 86 2493 86 2493 1248 2491 87 2494 87 2494 1248 2491 513 2495 87 2494 513 2495 512 2496 921 2497 375 2498 922 2472 922 2472 375 2498 374 2499 922 2472 374 2499 1253 2473 1253 2473 374 2499 373 2500 1253 2473 373 2500 372 2501 375 2498 921 2497 376 2502 376 2502 921 2497 920 2503 376 2502 920 2503 377 2504 377 2504 920 2503 919 2505 377 2504 919 2505 378 2506 378 2506 919 2505 918 2507 378 2506 918 2507 379 2508 379 2508 918 2507 917 2509 379 2508 917 2509 380 2510 380 2510 917 2509 916 2511 380 2510 916 2511 381 2512 381 2512 916 2511 915 2513 381 2512 915 2513 382 2366 382 2366 915 2513 914 2368 865 2514 864 2515 1172 2516 1172 2516 864 2515 887 2517 1172 2516 887 2517 886 2518 1172 2516 886 2518 1173 2519 1173 2519 886 2518 885 2520 1173 2519 885 2520 884 2521 884 2521 883 2522 1173 2519 1173 2519 883 2522 882 2523 1173 2519 882 2523 881 2524 1173 2519 881 2524 1174 2525 1174 2525 881 2524 880 2526 1174 2525 880 2526 879 2527 879 2527 878 2528 1174 2525 1174 2525 878 2528 877 2529 1174 2525 877 2529 876 2530 1174 2525 876 2530 1175 2531 1175 2531 876 2530 875 2532 1175 2531 875 2532 874 2533 873 2534 39 2535 874 2533 874 2533 39 2535 38 2536 874 2533 38 2536 1175 2531 1175 2531 38 2536 37 2537 1175 2531 37 2537 1176 2538 1176 2538 37 2537 36 2539 1176 2538 36 2539 1177 2540 1177 2540 36 2539 725 2541 1177 2540 725 2541 724 2542 39 2535 873 2534 40 2543 40 2543 873 2534 872 2544 40 2543 872 2544 41 2545 41 2545 872 2544 871 2546 41 2545 871 2546 42 2547 42 2547 871 2546 870 2548 42 2547 870 2548 43 2549 43 2549 870 2548 869 2550 43 2549 869 2550 44 2551 44 2551 869 2550 868 2552 44 2551 868 2552 45 2553 45 2553 868 2552 867 2554 45 2553 867 2554 46 2555 46 2555 867 2554 866 2556 46 2555 866 2556 47 2557 47 2557 866 2556 865 2514 47 2557 865 2514 469 2558 469 2558 865 2514 1171 2559 469 2558 1171 2559 563 2560 563 2560 1171 2559 1170 2561 563 2560 1170 2561 564 2562 564 2562 1170 2561 565 2563 565 2563 1170 2561 566 2564 566 2564 1170 2561 1169 2565 566 2564 1169 2565 567 2566 567 2566 1169 2565 568 2567 568 2567 1169 2565 569 2568 569 2568 1169 2565 570 2569 570 2569 1169 2565 571 2570 571 2570 1169 2565 1168 2571 571 2570 1168 2571 572 2572 572 2572 1168 2571 573 2573 573 2573 1168 2571 574 2574 574 2574 1168 2571 575 2575 575 2575 1168 2571 552 2576 552 2576 1168 2571 1167 2577 552 2576 1167 2577 553 2578 553 2578 1167 2577 554 2579 554 2579 1167 2577 478 2580 554 2579 478 2580 555 2581 555 2581 478 2580 477 2582 555 2581 477 2582 556 2583 556 2583 477 2582 476 2584 556 2583 476 2584 557 2585 557 2585 476 2584 475 2586 557 2585 475 2586 558 2587 558 2587 475 2586 474 2588 558 2587 474 2588 559 2589 559 2589 474 2588 473 2590 559 2589 473 2590 560 2591 560 2591 473 2590 472 2592 560 2591 472 2592 561 2593 561 2593 472 2592 471 2594 561 2593 471 2594 562 2595 562 2595 471 2594 470 2596 562 2595 470 2596 563 2560 563 2560 470 2596 469 2558 1171 2559 865 2514 1172 2516 839 2597 1261 2385 816 2598 816 2598 1261 2385 1260 2599 816 2598 1260 2599 817 2600 817 2600 1260 2599 818 2601 818 2601 1260 2599 819 2602 819 2602 1260 2599 820 2603 820 2603 1260 2599 821 2604 821 2604 1260 2599 1259 2605 821 2604 1259 2605 822 2606 822 2606 1259 2605 823 2607 823 2607 1259 2605 824 2608 824 2608 1259 2605 825 2609 825 2609 1259 2605 826 2610 826 2610 1259 2605 1258 2347 826 2610 1258 2347 827 2611 827 2611 1258 2347 828 2345 839 2597 838 2383 1261 2385 769 2612 768 2613 736 2414 736 2414 768 2613 791 2614 736 2414 791 2614 790 2615 790 2615 789 2616 736 2414 736 2414 789 2616 788 2617 736 2414 788 2617 787 2618 787 2618 786 2619 736 2414 736 2414 786 2619 318 2620 736 2414 318 2620 317 2621 318 2620 786 2619 319 2622 319 2622 786 2619 785 2623 319 2622 785 2623 320 2624 320 2624 785 2623 784 2625 320 2624 784 2625 321 2221 321 2221 784 2625 783 2219 770 2435 769 2612 736 2414 742 2267 737 2198 1503 2197 736 2414 178 2626 737 2198 737 2198 178 2626 177 2627 737 2198 177 2627 176 2628 729 2407 416 2409 734 2629 734 2629 416 2409 415 2630 734 2629 415 2630 414 2631 728 2279 628 2281 729 2407 729 2407 628 2281 630 2632 729 2407 630 2632 504 2633 504 2633 630 2632 505 2634 505 2634 630 2632 506 2635 506 2635 630 2632 625 2325 506 2635 625 2325 507 2463 507 2463 625 2325 924 2459 732 2636 268 2637 728 2279 728 2279 268 2637 267 2638 728 2279 267 2638 266 2277 734 2629 408 2639 732 2636 732 2636 408 2639 276 2640 732 2636 276 2640 275 2641 727 2642 612 2643 704 2644 704 2644 612 2643 611 2645 704 2644 611 2645 610 2646 612 2643 727 2642 613 2647 613 2647 727 2642 726 2648 613 2647 726 2648 35 2649 35 2649 726 2648 725 2541 35 2649 725 2541 36 2539 1177 2540 724 2542 1178 2650 1178 2650 724 2542 723 2651 1178 2650 723 2651 1179 2652 1179 2652 723 2651 722 2653 1179 2652 722 2653 721 2654 1179 2652 721 2654 1180 2655 1180 2655 721 2654 720 2656 1180 2655 720 2656 719 2657 1180 2655 719 2657 1181 2658 1181 2658 719 2657 718 2659 1181 2658 718 2659 1140 2660 1140 2660 718 2659 1141 2661 1141 2661 718 2659 717 2662 1141 2661 717 2662 1142 2663 1142 2663 717 2662 1143 2664 1143 2664 717 2662 1144 2665 1144 2665 717 2662 1145 2666 1145 2666 717 2662 1146 2667 1146 2667 717 2662 1147 2668 1147 2668 717 2662 1148 2669 1148 2669 717 2662 1149 2670 1149 2670 717 2662 1136 2671 1136 2671 717 2662 716 2672 1136 2671 716 2672 715 2673 1136 2671 715 2673 1504 2674 1504 2674 715 2673 714 2675 1504 2674 714 2675 1507 2396 1507 2396 714 2675 713 2676 1507 2396 713 2676 712 2677 712 2677 711 2678 1507 2396 1507 2396 711 2678 710 2679 1507 2396 710 2679 709 2397 708 2398 707 2680 985 2391 985 2391 707 2680 706 2392 706 2392 705 2681 609 2393 609 2393 705 2681 610 2646 610 2646 705 2681 704 2644 670 2245 669 2682 990 2237 990 2237 669 2682 668 2410 666 2412 665 2683 988 2399 988 2399 665 2683 664 2684 988 2399 664 2684 663 2685 663 2685 662 2686 988 2399 988 2399 662 2686 661 2687 988 2399 661 2687 660 2688 660 2688 659 2429 988 2399 658 2427 657 2212 970 2214 1247 2689 1246 2690 514 2691 514 2691 1246 2690 1298 2692 514 2691 1298 2692 515 2693 515 2693 1298 2692 1297 2694 515 2693 1297 2694 1296 2695 1296 2695 1295 2696 515 2693 515 2693 1295 2696 1294 2697 515 2693 1294 2697 1293 2698 1293 2698 1292 2699 515 2693 515 2693 1292 2699 1291 2700 515 2693 1291 2700 1290 2701 1290 2701 1137 2702 515 2693 515 2693 1137 2702 516 2703 516 2703 1137 2702 517 2704 517 2704 1137 2702 1505 2705 517 2704 1505 2705 518 2706 518 2706 1505 2705 1506 2707 518 2706 1506 2707 519 2708 519 2708 1506 2707 520 2709 520 2709 1506 2707 521 2710 521 2710 1506 2707 522 2711 522 2711 1506 2707 523 2712 523 2712 1506 2707 984 2395 523 2712 984 2395 524 2713 524 2713 984 2395 525 2402 1137 2702 1136 2671 1505 2705 1505 2705 1136 2671 1504 2674 478 2580 1167 2577 479 2714 479 2714 1167 2577 1166 2715 479 2714 1166 2715 456 2716 456 2716 1166 2715 1165 2717 456 2716 1165 2717 183 2718 183 2718 1165 2717 184 2719 184 2719 1165 2717 1164 2720 184 2719 1164 2720 185 2721 185 2721 1164 2720 1163 2722 185 2721 1163 2722 186 2723 186 2723 1163 2722 187 2724 187 2724 1163 2722 1162 2725 187 2724 1162 2725 188 2726 188 2726 1162 2725 189 2727 189 2727 1162 2725 1161 2728 189 2727 1161 2728 190 2729 190 2729 1161 2728 1160 2730 190 2729 1160 2730 1213 2731 190 2729 1213 2731 191 2196 191 2196 1213 2731 1212 2732 191 2196 1212 2732 1211 2733 1211 2733 1210 2734 191 2196 191 2196 1210 2734 1209 2735 191 2196 1209 2735 1208 2736 1208 2736 1207 2737 191 2196 191 2196 1207 2737 1206 2738 191 2196 1206 2738 1205 2739 1205 2739 1204 2194 191 2196 1204 2194 1224 2187 1501 2186 1265 2740 120 2741 1266 2302 1266 2302 120 2741 143 2742 1266 2302 143 2742 142 2743 1264 2744 124 2745 1265 2740 1265 2740 124 2745 123 2746 1265 2740 123 2746 122 2747 1263 2388 130 2748 1264 2744 1264 2744 130 2748 129 2749 1264 2744 129 2749 128 2750 1255 2751 362 2752 1256 2358 1256 2358 362 2752 361 2753 1256 2358 361 2753 360 2362 1254 2754 367 2755 1255 2751 1255 2751 367 2755 366 2756 1255 2751 366 2756 365 2757 1253 2473 372 2501 1254 2754 1254 2754 372 2501 371 2758 1254 2754 371 2758 370 2759 1248 2491 1247 2689 513 2495 513 2495 1247 2689 514 2691 622 2760 26 2761 623 2228 623 2228 26 2761 25 2762 623 2228 25 2762 467 2763 467 2763 25 2762 24 2764 467 2763 24 2764 468 2765 468 2765 24 2764 47 2557 468 2765 47 2557 469 2558 26 2761 622 2760 27 2766 27 2766 622 2760 621 2767 27 2766 621 2767 28 2768 28 2768 621 2767 620 2769 28 2768 620 2769 29 2770 29 2770 620 2769 619 2771 29 2770 619 2771 30 2772 30 2772 619 2771 618 2773 30 2772 618 2773 617 2774 30 2772 617 2774 31 2775 31 2775 617 2774 616 2776 31 2775 616 2776 32 2777 32 2777 616 2776 615 2778 32 2777 615 2778 33 2779 33 2779 615 2778 614 2780 33 2779 614 2780 34 2781 34 2781 614 2780 613 2647 34 2781 613 2647 35 2649 608 2394 607 2235 990 2237 504 2633 527 2405 729 2407 87 2494 512 2496 88 2782 88 2782 512 2496 511 2783 88 2782 511 2783 89 2471 89 2471 511 2783 510 2469 467 2763 466 2784 623 2228 623 2228 466 2784 325 2785 623 2228 325 2785 324 2226 325 2785 466 2784 326 2786 326 2786 466 2784 465 2787 326 2786 465 2787 464 2788 326 2786 464 2788 327 2789 327 2789 464 2788 463 2790 327 2789 463 2790 328 2791 328 2791 463 2790 329 2792 329 2792 463 2790 462 2793 329 2792 462 2793 330 2794 330 2794 462 2793 461 2795 330 2794 461 2795 331 2796 331 2796 461 2795 460 2797 331 2796 460 2797 332 2798 332 2798 460 2797 459 2799 332 2798 459 2799 333 2800 333 2800 459 2799 458 2801 333 2800 458 2801 334 2802 334 2802 458 2801 457 2803 334 2802 457 2803 335 2804 335 2804 457 2803 182 2805 335 2804 182 2805 181 2806 182 2805 457 2803 183 2718 183 2718 457 2803 456 2716 408 2639 431 2807 276 2640 276 2640 431 2807 277 2808 277 2808 431 2807 430 2428 277 2808 430 2428 278 2426 427 2432 426 2809 988 2399 988 2399 426 2809 425 2810 988 2399 425 2810 424 2811 424 2811 423 2812 988 2399 988 2399 423 2812 422 2813 988 2399 422 2813 421 2400 414 2631 413 2814 734 2629 734 2629 413 2814 412 2815 734 2629 412 2815 411 2816 411 2816 410 2817 734 2629 734 2629 410 2817 409 2818 734 2629 409 2818 408 2639 370 2759 369 2819 1254 2754 1254 2754 369 2819 368 2820 1254 2754 368 2820 367 2755 365 2757 364 2821 1255 2751 1255 2751 364 2821 363 2822 1255 2751 363 2822 362 2752 335 2804 181 2806 312 2823 312 2823 181 2806 180 2824 312 2823 180 2824 313 2825 313 2825 180 2824 314 2826 314 2826 180 2824 179 2827 314 2826 179 2827 315 2828 315 2828 179 2827 178 2626 315 2828 178 2626 736 2414 317 2621 316 2829 736 2414 736 2414 316 2829 315 2828 285 2276 284 2830 740 2274 740 2274 284 2830 283 2831 740 2274 283 2831 282 2832 282 2832 281 2833 740 2274 740 2274 281 2833 280 2834 740 2274 280 2834 279 2425 275 2641 274 2835 732 2636 732 2636 274 2835 273 2836 732 2636 273 2836 272 2837 272 2837 271 2838 732 2636 732 2636 271 2838 270 2839 732 2636 270 2839 269 2840 269 2840 268 2637 732 2636 176 2628 175 2199 737 2198 174 2200 173 2841 1502 2191 1502 2191 173 2841 172 2842 1502 2191 172 2842 171 2843 171 2843 170 2192 1502 2191 142 2743 141 2300 1266 2302 131 2390 130 2748 1263 2388 128 2750 127 2844 1264 2744 1264 2744 127 2844 126 2845 1264 2744 126 2845 125 2846 125 2846 124 2745 1264 2744 122 2747 121 2847 1265 2740 1265 2740 121 2847 120 2741 1506 2707 1507 2396 984 2395 1509 2848 1536 2849 1508 2850 1508 2850 1536 2849 1537 2851 1508 2850 1537 2851 1538 2852 1510 2853 1557 2854 1509 2848 1509 2848 1557 2854 1558 2855 1509 2848 1558 2855 1559 2856 1510 2853 1511 2857 1557 2854 1557 2854 1511 2857 1512 2858 1557 2854 1512 2858 1556 2859 1556 2859 1512 2858 1513 2860 1556 2859 1513 2860 1514 2861 1556 2859 1514 2861 1555 2862 1555 2862 1514 2861 1515 2863 1555 2862 1515 2863 1554 2864 1554 2864 1515 2863 1516 2865 1554 2864 1516 2865 1553 2866 1553 2866 1516 2865 1517 2867 1553 2866 1517 2867 1552 2868 1552 2868 1517 2867 1518 2869 1552 2868 1518 2869 1519 2870 1552 2868 1519 2870 1551 2871 1551 2871 1519 2870 1520 2872 1551 2871 1520 2872 1521 2873 1521 2873 1522 2874 1551 2871 1551 2871 1522 2874 1550 2875 1550 2875 1522 2874 1549 2876 1549 2876 1522 2874 1548 2877 1548 2877 1522 2874 1523 2878 1548 2877 1523 2878 1547 2879 1547 2879 1523 2878 1546 2880 1546 2880 1523 2878 1545 2881 1545 2881 1523 2878 1524 2882 1545 2881 1524 2882 1525 2883 1525 2883 1526 2884 1545 2881 1545 2881 1526 2884 1544 2885 1544 2885 1526 2884 1527 2886 1544 2885 1527 2886 1528 2887 1544 2885 1528 2887 1543 2888 1543 2888 1528 2887 1529 2889 1543 2888 1529 2889 1542 2890 1542 2890 1529 2889 1530 2891 1542 2890 1530 2891 1541 2892 1541 2892 1530 2891 1531 2893 1541 2892 1531 2893 1540 2894 1540 2894 1531 2893 1532 2895 1540 2894 1532 2895 1533 2896 1540 2894 1533 2896 1539 2897 1539 2897 1533 2896 1534 2898 1539 2897 1534 2898 1535 2899 1535 2899 1508 2850 1539 2897 1539 2897 1508 2850 1538 2852 1559 2856 1536 2849 1509 2848 1561 2900 1571 2901 1560 2902 1560 2902 1571 2901 1572 2903 1560 2902 1572 2903 1583 2904 1583 2904 1572 2903 1573 2905 1583 2904 1573 2905 1582 2906 1582 2906 1573 2905 1574 2907 1582 2906 1574 2907 1581 2908 1581 2908 1574 2907 1575 2909 1581 2908 1575 2909 1580 2910 1580 2910 1575 2909 1576 2911 1580 2910 1576 2911 1579 2912 1579 2912 1576 2911 1577 2913 1579 2912 1577 2913 1578 2914 1571 2901 1561 2900 1570 2915 1570 2915 1561 2900 1562 2916 1570 2915 1562 2916 1569 2917 1569 2917 1562 2916 1563 2918 1569 2917 1563 2918 1568 2919 1568 2919 1563 2918 1564 2920 1568 2919 1564 2920 1567 2921 1567 2921 1564 2920 1565 2922 1567 2921 1565 2922 1566 2923 1585 2924 1595 2925 1584 2926 1584 2926 1595 2925 1596 2927 1584 2926 1596 2927 1607 2928 1607 2928 1596 2927 1597 2929 1607 2928 1597 2929 1606 2930 1606 2930 1597 2929 1598 2931 1606 2930 1598 2931 1605 2932 1605 2932 1598 2931 1599 2933 1605 2932 1599 2933 1604 2934 1604 2934 1599 2933 1600 2935 1604 2934 1600 2935 1603 2936 1603 2936 1600 2935 1601 2937 1603 2936 1601 2937 1602 2938 1595 2925 1585 2924 1594 2939 1594 2939 1585 2924 1586 2940 1594 2939 1586 2940 1593 2941 1593 2941 1586 2940 1587 2942 1593 2941 1587 2942 1592 2943 1592 2943 1587 2942 1588 2944 1592 2943 1588 2944 1591 2945 1591 2945 1588 2944 1589 2946 1591 2945 1589 2946 1590 2947 1609 2948 1619 2949 1608 2950 1608 2950 1619 2949 1620 2951 1608 2950 1620 2951 1631 2952 1631 2952 1620 2951 1621 2953 1631 2952 1621 2953 1630 2954 1630 2954 1621 2953 1622 2955 1630 2954 1622 2955 1629 2956 1629 2956 1622 2955 1623 2957 1629 2956 1623 2957 1628 2958 1628 2958 1623 2957 1624 2959 1628 2958 1624 2959 1627 2960 1627 2960 1624 2959 1625 2961 1627 2960 1625 2961 1626 2962 1619 2949 1609 2948 1618 2963 1618 2963 1609 2948 1610 2964 1618 2963 1610 2964 1617 2965 1617 2965 1610 2964 1611 2966 1617 2965 1611 2966 1616 2967 1616 2967 1611 2966 1612 2968 1616 2967 1612 2968 1615 2969 1615 2969 1612 2968 1613 2970 1615 2969 1613 2970 1614 2971 1633 2972 1643 2973 1632 2974 1632 2974 1643 2973 1644 2975 1632 2974 1644 2975 1655 2976 1655 2976 1644 2975 1645 2977 1655 2976 1645 2977 1654 2978 1654 2978 1645 2977 1646 2979 1654 2978 1646 2979 1653 2980 1653 2980 1646 2979 1647 2981 1653 2980 1647 2981 1652 2982 1652 2982 1647 2981 1648 2983 1652 2982 1648 2983 1651 2984 1651 2984 1648 2983 1649 2985 1651 2984 1649 2985 1650 2986 1643 2973 1633 2972 1642 2987 1642 2987 1633 2972 1634 2988 1642 2987 1634 2988 1641 2989 1641 2989 1634 2988 1635 2990 1641 2989 1635 2990 1640 2991 1640 2991 1635 2990 1636 2992 1640 2991 1636 2992 1639 2993 1639 2993 1636 2992 1637 2994 1639 2993 1637 2994 1638 2995 1657 2996 1667 2997 1656 2998 1656 2998 1667 2997 1668 2999 1656 2998 1668 2999 1679 3000 1679 3000 1668 2999 1669 3001 1679 3000 1669 3001 1678 3002 1678 3002 1669 3001 1670 3003 1678 3002 1670 3003 1677 3004 1677 3004 1670 3003 1671 3005 1677 3004 1671 3005 1676 3006 1676 3006 1671 3005 1672 3007 1676 3006 1672 3007 1675 3008 1675 3008 1672 3007 1673 3009 1675 3008 1673 3009 1674 3010 1667 2997 1657 2996 1666 3011 1666 3011 1657 2996 1658 3012 1666 3011 1658 3012 1665 3013 1665 3013 1658 3012 1659 3014 1665 3013 1659 3014 1664 3015 1664 3015 1659 3014 1660 3016 1664 3015 1660 3016 1663 3017 1663 3017 1660 3016 1661 3018 1663 3017 1661 3018 1662 3019 1681 3020 1691 3021 1680 3022 1680 3022 1691 3021 1692 3023 1680 3022 1692 3023 1703 3024 1703 3024 1692 3023 1693 3025 1703 3024 1693 3025 1702 3026 1702 3026 1693 3025 1694 3027 1702 3026 1694 3027 1701 3028 1701 3028 1694 3027 1695 3029 1701 3028 1695 3029 1700 3030 1700 3030 1695 3029 1696 3031 1700 3030 1696 3031 1699 3032 1699 3032 1696 3031 1697 3033 1699 3032 1697 3033 1698 3034 1691 3021 1681 3020 1690 3035 1690 3035 1681 3020 1682 3036 1690 3035 1682 3036 1689 3037 1689 3037 1682 3036 1683 3038 1689 3037 1683 3038 1688 3039 1688 3039 1683 3038 1684 3040 1688 3039 1684 3040 1687 3041 1687 3041 1684 3040 1685 3042 1687 3041 1685 3042 1686 3043 1705 3044 1781 3045 1704 3046 1704 3046 1781 3045 1743 3047 1704 3046 1743 3047 1742 3048 1742 3048 1743 3047 1744 3049 1742 3048 1744 3049 1741 3050 1741 3050 1744 3049 1745 3051 1741 3050 1745 3051 1740 3052 1740 3052 1745 3051 1746 3053 1740 3052 1746 3053 1739 3054 1739 3054 1746 3053 1747 3055 1739 3054 1747 3055 1738 3056 1738 3056 1747 3055 1748 3057 1738 3056 1748 3057 1737 3058 1737 3058 1748 3057 1749 3059 1737 3058 1749 3059 1736 3060 1736 3060 1749 3059 1750 3061 1736 3060 1750 3061 1735 3062 1735 3062 1750 3061 1751 3063 1735 3062 1751 3063 1734 3064 1734 3064 1751 3063 1752 3065 1734 3064 1752 3065 1733 3066 1733 3066 1752 3065 1753 3067 1733 3066 1753 3067 1732 3068 1732 3068 1753 3067 1754 3069 1732 3068 1754 3069 1731 3070 1731 3070 1754 3069 1755 3071 1731 3070 1755 3071 1730 3072 1730 3072 1755 3071 1756 3073 1730 3072 1756 3073 1729 3074 1729 3074 1756 3073 1757 3075 1729 3074 1757 3075 1728 3076 1728 3076 1757 3075 1758 3077 1728 3076 1758 3077 1727 3078 1727 3078 1758 3077 1759 3079 1727 3078 1759 3079 1726 3080 1726 3080 1759 3079 1760 3081 1726 3080 1760 3081 1725 3082 1725 3082 1760 3081 1761 3083 1725 3082 1761 3083 1724 3084 1724 3084 1761 3083 1762 3085 1724 3084 1762 3085 1723 3086 1723 3086 1762 3085 1763 3087 1723 3086 1763 3087 1722 3088 1722 3088 1763 3087 1764 3089 1722 3088 1764 3089 1721 3090 1721 3090 1764 3089 1765 3091 1721 3090 1765 3091 1720 3092 1720 3092 1765 3091 1766 3093 1720 3092 1766 3093 1719 3094 1719 3094 1766 3093 1767 3095 1719 3094 1767 3095 1718 3096 1718 3096 1767 3095 1768 3097 1718 3096 1768 3097 1717 3098 1717 3098 1768 3097 1769 3099 1717 3098 1769 3099 1716 3100 1716 3100 1769 3099 1770 3101 1716 3100 1770 3101 1715 3102 1715 3102 1770 3101 1771 3103 1715 3102 1771 3103 1714 3104 1714 3104 1771 3103 1772 3105 1714 3104 1772 3105 1713 3106 1713 3106 1772 3105 1773 3107 1713 3106 1773 3107 1712 3108 1712 3108 1773 3107 1774 3109 1712 3108 1774 3109 1711 3110 1711 3110 1774 3109 1775 3111 1711 3110 1775 3111 1710 3112 1710 3112 1775 3111 1776 3113 1710 3112 1776 3113 1709 3114 1709 3114 1776 3113 1777 3115 1709 3114 1777 3115 1708 3116 1708 3116 1777 3115 1778 3117 1708 3116 1778 3117 1707 3118 1707 3118 1778 3117 1779 3119 1707 3118 1779 3119 1706 3120 1706 3120 1779 3119 1780 3121 1706 3120 1780 3121 1705 3044 1705 3044 1780 3121 1781 3045 1704 3122 1742 3123 1705 3124 1705 3124 1742 3123 1706 3125 1706 3125 1742 3123 1741 3126 1706 3125 1741 3126 1707 3127 1707 3127 1741 3126 1740 3128 1707 3127 1740 3128 1708 3129 1708 3129 1740 3128 1709 3130 1709 3130 1740 3128 1710 3131 1710 3131 1740 3128 1711 3132 1711 3132 1740 3128 1712 3133 1712 3133 1740 3128 1713 3134 1713 3134 1740 3128 1714 3135 1714 3135 1740 3128 1715 3136 1715 3136 1740 3128 1716 3137 1716 3137 1740 3128 1717 3138 1717 3138 1740 3128 1739 3139 1717 3138 1739 3139 1718 3140 1718 3140 1739 3139 1719 3141 1719 3141 1739 3139 1720 3142 1720 3142 1739 3139 1721 3143 1721 3143 1739 3139 1722 3144 1722 3144 1739 3139 1723 3145 1723 3145 1739 3139 1724 3146 1724 3146 1739 3139 1725 3147 1725 3147 1739 3139 1726 3148 1726 3148 1739 3139 1727 3149 1727 3149 1739 3139 1728 3150 1728 3150 1739 3139 1738 3151 1728 3150 1738 3151 1729 3152 1729 3152 1738 3151 1737 3153 1729 3152 1737 3153 1730 3154 1730 3154 1737 3153 1736 3155 1730 3154 1736 3155 1731 3156 1731 3156 1736 3155 1735 3157 1731 3156 1735 3157 1732 3158 1732 3158 1735 3157 1734 3159 1732 3158 1734 3159 1733 3160 1783 3161 1863 3162 1782 3163 1782 3163 1863 3162 1823 3164 1782 3163 1823 3164 1822 3165 1822 3165 1823 3164 1824 3166 1822 3165 1824 3166 1821 3167 1821 3167 1824 3166 1825 3168 1821 3167 1825 3168 1820 3169 1820 3169 1825 3168 1826 3170 1820 3169 1826 3170 1819 3171 1819 3171 1826 3170 1827 3172 1819 3171 1827 3172 1818 3173 1818 3173 1827 3172 1828 3174 1818 3173 1828 3174 1817 3175 1817 3175 1828 3174 1829 3176 1817 3175 1829 3176 1816 3177 1816 3177 1829 3176 1830 3178 1816 3177 1830 3178 1815 3179 1815 3179 1830 3178 1831 3180 1815 3179 1831 3180 1814 3181 1814 3181 1831 3180 1832 3182 1814 3181 1832 3182 1813 3183 1813 3183 1832 3182 1833 3184 1813 3183 1833 3184 1812 3185 1812 3185 1833 3184 1834 3186 1812 3185 1834 3186 1811 3187 1811 3187 1834 3186 1835 3188 1811 3187 1835 3188 1810 3189 1810 3189 1835 3188 1836 3190 1810 3189 1836 3190 1809 3191 1809 3191 1836 3190 1837 3192 1809 3191 1837 3192 1808 3193 1808 3193 1837 3192 1838 3194 1808 3193 1838 3194 1807 3195 1807 3195 1838 3194 1839 3196 1807 3195 1839 3196 1806 3197 1806 3197 1839 3196 1840 3198 1806 3197 1840 3198 1805 3199 1805 3199 1840 3198 1841 3200 1805 3199 1841 3200 1804 3201 1804 3201 1841 3200 1842 3202 1804 3201 1842 3202 1803 3203 1803 3203 1842 3202 1843 3204 1803 3203 1843 3204 1802 3205 1802 3205 1843 3204 1844 3206 1802 3205 1844 3206 1801 3207 1801 3207 1844 3206 1845 3208 1801 3207 1845 3208 1800 3209 1800 3209 1845 3208 1846 3210 1800 3209 1846 3210 1799 3211 1799 3211 1846 3210 1847 3212 1799 3211 1847 3212 1798 3213 1798 3213 1847 3212 1848 3214 1798 3213 1848 3214 1797 3215 1797 3215 1848 3214 1849 3216 1797 3215 1849 3216 1796 3217 1796 3217 1849 3216 1850 3218 1796 3217 1850 3218 1795 3219 1795 3219 1850 3218 1851 3220 1795 3219 1851 3220 1794 3221 1794 3221 1851 3220 1852 3222 1794 3221 1852 3222 1793 3223 1793 3223 1852 3222 1853 3224 1793 3223 1853 3224 1792 3225 1792 3225 1853 3224 1854 3226 1792 3225 1854 3226 1791 3227 1791 3227 1854 3226 1855 3228 1791 3227 1855 3228 1790 3229 1790 3229 1855 3228 1856 3230 1790 3229 1856 3230 1789 3231 1789 3231 1856 3230 1857 3232 1789 3231 1857 3232 1788 3233 1788 3233 1857 3232 1858 3234 1788 3233 1858 3234 1787 3235 1787 3235 1858 3234 1859 3236 1787 3235 1859 3236 1786 3237 1786 3237 1859 3236 1860 3238 1786 3237 1860 3238 1785 3239 1785 3239 1860 3238 1861 3240 1785 3239 1861 3240 1784 3241 1784 3241 1861 3240 1862 3242 1784 3241 1862 3242 1783 3161 1783 3161 1862 3242 1863 3162 1781 3243 1783 3244 1743 3245 1743 3245 1783 3244 1782 3246 1743 3245 1782 3246 1822 3247 1783 3244 1781 3243 1784 3248 1784 3248 1781 3243 1780 3249 1784 3248 1780 3249 1785 3250 1785 3250 1780 3249 1779 3251 1785 3250 1779 3251 1786 3252 1786 3252 1779 3251 1778 3253 1786 3252 1778 3253 1787 3254 1787 3254 1778 3253 1777 3255 1787 3254 1777 3255 1788 3256 1788 3256 1777 3255 1776 3257 1788 3256 1776 3257 1789 3258 1789 3258 1776 3257 1775 3259 1789 3258 1775 3259 1790 3260 1790 3260 1775 3259 1774 3261 1790 3260 1774 3261 1791 3262 1791 3262 1774 3261 1773 3263 1791 3262 1773 3263 1792 3264 1792 3264 1773 3263 1772 3265 1792 3264 1772 3265 1793 3266 1793 3266 1772 3265 1771 3267 1793 3266 1771 3267 1794 3268 1794 3268 1771 3267 1770 3269 1794 3268 1770 3269 1795 3270 1795 3270 1770 3269 1769 3271 1795 3270 1769 3271 1796 3272 1796 3272 1769 3271 1768 3273 1796 3272 1768 3273 1797 3274 1797 3274 1768 3273 1767 3275 1797 3274 1767 3275 1798 3276 1798 3276 1767 3275 1766 3277 1798 3276 1766 3277 1799 3278 1799 3278 1766 3277 1765 3279 1799 3278 1765 3279 1800 3280 1800 3280 1765 3279 1764 3281 1800 3280 1764 3281 1801 3282 1801 3282 1764 3281 1763 3283 1801 3282 1763 3283 1802 3284 1802 3284 1763 3283 1803 3285 1803 3285 1763 3283 1762 3286 1803 3285 1762 3286 1804 3287 1804 3287 1762 3286 1761 3288 1804 3287 1761 3288 1805 3289 1805 3289 1761 3288 1760 3290 1805 3289 1760 3290 1806 3291 1806 3291 1760 3290 1759 3292 1806 3291 1759 3292 1807 3293 1807 3293 1759 3292 1758 3294 1807 3293 1758 3294 1808 3295 1808 3295 1758 3294 1757 3296 1808 3295 1757 3296 1809 3297 1809 3297 1757 3296 1756 3298 1809 3297 1756 3298 1810 3299 1810 3299 1756 3298 1755 3300 1810 3299 1755 3300 1811 3301 1811 3301 1755 3300 1754 3302 1811 3301 1754 3302 1812 3303 1812 3303 1754 3302 1753 3304 1812 3303 1753 3304 1813 3305 1813 3305 1753 3304 1752 3306 1813 3305 1752 3306 1814 3307 1814 3307 1752 3306 1751 3308 1814 3307 1751 3308 1815 3309 1815 3309 1751 3308 1750 3310 1815 3309 1750 3310 1816 3311 1816 3311 1750 3310 1749 3312 1816 3311 1749 3312 1817 3313 1817 3313 1749 3312 1748 3314 1817 3313 1748 3314 1818 3315 1818 3315 1748 3314 1747 3316 1818 3315 1747 3316 1819 3317 1819 3317 1747 3316 1746 3318 1819 3317 1746 3318 1820 3319 1820 3319 1746 3318 1745 3320 1820 3319 1745 3320 1821 3321 1821 3321 1745 3320 1744 3322 1821 3321 1744 3322 1822 3247 1822 3247 1744 3322 1743 3245 1865 3323 1911 3324 1864 3325 1864 3325 1911 3324 1888 3326 1864 3325 1888 3326 1887 3327 1887 3327 1888 3326 1889 3328 1887 3327 1889 3328 1890 3329 1911 3324 1865 3323 1910 3330 1910 3330 1865 3323 1866 3331 1910 3330 1866 3331 1909 3332 1909 3332 1866 3331 1867 3333 1909 3332 1867 3333 1908 3334 1908 3334 1867 3333 1868 3335 1908 3334 1868 3335 1907 3336 1907 3336 1868 3335 1869 3337 1907 3336 1869 3337 1906 3338 1906 3338 1869 3337 1870 3339 1906 3338 1870 3339 1871 3340 1906 3338 1871 3340 1905 3341 1905 3341 1871 3340 1872 3342 1905 3341 1872 3342 1904 3343 1904 3343 1872 3342 1873 3344 1904 3343 1873 3344 1903 3345 1903 3345 1873 3344 1874 3346 1903 3345 1874 3346 1902 3347 1902 3347 1874 3346 1875 3348 1902 3347 1875 3348 1901 3349 1901 3349 1875 3348 1876 3350 1901 3349 1876 3350 1900 3351 1900 3351 1876 3350 1899 3352 1899 3352 1876 3350 1877 3353 1899 3352 1877 3353 1898 3354 1898 3354 1877 3353 1878 3355 1898 3354 1878 3355 1897 3356 1897 3356 1878 3355 1879 3357 1897 3356 1879 3357 1896 3358 1896 3358 1879 3357 1880 3359 1896 3358 1880 3359 1895 3360 1895 3360 1880 3359 1881 3361 1895 3360 1881 3361 1894 3362 1894 3362 1881 3361 1882 3363 1894 3362 1882 3363 1883 3364 1894 3362 1883 3364 1893 3365 1893 3365 1883 3364 1884 3366 1893 3365 1884 3366 1892 3367 1892 3367 1884 3366 1885 3368 1892 3367 1885 3368 1891 3369 1891 3369 1885 3368 1886 3370 1891 3369 1886 3370 1890 3329 1890 3329 1886 3370 1887 3327 1559 3371 1865 3372 1536 3373 1536 3373 1865 3372 1864 3374 1536 3373 1864 3374 1537 3375 1537 3375 1864 3374 1887 3376 1537 3375 1887 3376 1538 3377 1538 3377 1887 3376 1886 3378 1538 3377 1886 3378 1539 3379 1539 3379 1886 3378 1885 3380 1539 3379 1885 3380 1540 3381 1540 3381 1885 3380 1884 3382 1540 3381 1884 3382 1541 3383 1541 3383 1884 3382 1883 3384 1541 3383 1883 3384 1542 3385 1542 3385 1883 3384 1882 3386 1542 3385 1882 3386 1543 3387 1543 3387 1882 3386 1881 3388 1543 3387 1881 3388 1544 3389 1544 3389 1881 3388 1880 3390 1544 3389 1880 3390 1545 3391 1545 3391 1880 3390 1879 3392 1545 3391 1879 3392 1546 3393 1546 3393 1879 3392 1878 3394 1546 3393 1878 3394 1547 3395 1547 3395 1878 3394 1877 3396 1547 3395 1877 3396 1548 3397 1548 3397 1877 3396 1876 3398 1548 3397 1876 3398 1549 3399 1549 3399 1876 3398 1875 3400 1549 3399 1875 3400 1550 3401 1550 3401 1875 3400 1874 3402 1550 3401 1874 3402 1551 3403 1551 3403 1874 3402 1873 3404 1551 3403 1873 3404 1552 3405 1552 3405 1873 3404 1872 3406 1552 3405 1872 3406 1553 3407 1553 3407 1872 3406 1871 3408 1553 3407 1871 3408 1554 3409 1554 3409 1871 3408 1870 3410 1554 3409 1870 3410 1555 3411 1555 3411 1870 3410 1869 3412 1555 3411 1869 3412 1556 3413 1556 3413 1869 3412 1868 3414 1556 3413 1868 3414 1557 3415 1557 3415 1868 3414 1867 3416 1557 3415 1867 3416 1558 3417 1558 3417 1867 3416 1866 3418 1558 3417 1866 3418 1559 3371 1559 3371 1866 3418 1865 3372 1912 3419 1913 3420 1921 3421 1921 3421 1913 3420 1914 3422 1921 3421 1914 3422 1915 3423 1921 3421 1915 3423 1920 3424 1920 3424 1915 3423 1916 3425 1920 3424 1916 3425 1919 3426 1919 3426 1916 3425 1917 3427 1919 3426 1917 3427 1918 3428 1913 3429 1912 3430 1923 3431 1923 3431 1912 3430 1922 3432 1911 3433 1930 3434 1888 3435 1888 3435 1930 3434 1931 3436 1888 3435 1931 3436 1932 3437 1930 3434 1911 3433 1929 3438 1929 3438 1911 3433 1910 3439 1929 3438 1910 3439 1928 3440 1928 3440 1910 3439 1909 3441 1928 3440 1909 3441 1927 3442 1927 3442 1909 3441 1908 3443 1927 3442 1908 3443 1926 3444 1926 3444 1908 3443 1907 3445 1926 3444 1907 3445 1925 3446 1925 3446 1907 3445 1906 3447 1925 3446 1906 3447 1924 3448 1924 3448 1906 3447 1905 3449 1924 3448 1905 3449 1923 3450 1923 3450 1905 3449 1913 3451 1913 3451 1905 3449 1904 3452 1913 3451 1904 3452 1914 3453 1914 3453 1904 3452 1903 3454 1914 3453 1903 3454 1915 3455 1915 3455 1903 3454 1902 3456 1915 3455 1902 3456 1916 3457 1916 3457 1902 3456 1901 3458 1916 3457 1901 3458 1917 3459 1917 3459 1901 3458 1900 3460 1917 3459 1900 3460 1918 3461 1918 3461 1900 3460 1899 3462 1918 3461 1899 3462 1919 3463 1919 3463 1899 3462 1898 3464 1919 3463 1898 3464 1920 3465 1920 3465 1898 3464 1897 3466 1920 3465 1897 3466 1921 3467 1921 3467 1897 3466 1896 3468 1921 3467 1896 3468 1912 3469 1912 3469 1896 3468 1895 3470 1912 3469 1895 3470 1922 3471 1922 3471 1895 3470 1938 3472 1938 3472 1895 3470 1894 3473 1938 3472 1894 3473 1937 3474 1937 3474 1894 3473 1893 3475 1937 3474 1893 3475 1936 3476 1936 3476 1893 3475 1892 3477 1936 3476 1892 3477 1935 3478 1935 3478 1892 3477 1891 3479 1935 3478 1891 3479 1934 3480 1934 3480 1891 3479 1890 3481 1934 3480 1890 3481 1933 3482 1933 3482 1890 3481 1889 3483 1933 3482 1889 3483 1932 3437 1932 3437 1889 3483 1888 3435 1922 3484 1938 3485 1923 3486 1923 3486 1938 3485 1924 3487 1924 3487 1938 3485 1937 3488 1924 3487 1937 3488 1925 3489 1925 3489 1937 3488 1926 3490 1926 3490 1937 3488 1936 3491 1926 3490 1936 3491 1927 3492 1927 3492 1936 3491 1935 3493 1927 3492 1935 3493 1928 3494 1928 3494 1935 3493 1934 3495 1928 3494 1934 3495 1929 3496 1929 3496 1934 3495 1933 3497 1929 3496 1933 3497 1930 3498 1930 3498 1933 3497 1932 3499 1930 3498 1932 3499 1931 3500 1940 3501 1951 3502 1939 3503 1939 3503 1951 3502 1952 3504 1939 3503 1952 3504 1953 3505 1953 3505 1952 3504 1957 3506 1953 3505 1957 3506 1958 3507 1958 3507 1957 3506 1962 3508 1958 3507 1962 3508 1947 3509 1947 3509 1962 3508 1946 3510 1946 3510 1962 3508 1966 3511 1946 3510 1966 3511 1945 3512 1945 3512 1966 3511 1970 3513 1945 3512 1970 3513 1500 3514 1500 3514 1970 3513 1969 3515 1500 3514 1969 3515 1968 3516 1968 3516 1969 3515 1964 3517 1968 3516 1964 3517 1963 3518 1963 3518 1964 3517 1959 3519 1963 3518 1959 3519 1942 3520 1942 3520 1959 3519 1941 3521 1941 3521 1959 3519 1955 3522 1941 3521 1955 3522 1940 3501 1940 3501 1955 3522 1951 3502 1942 3520 1943 3523 1963 3518 1963 3518 1943 3523 1967 3524 1963 3518 1967 3524 1968 3516 1968 3516 1967 3524 1501 3525 1968 3516 1501 3525 1500 3514 1943 3523 1944 3526 1967 3524 1967 3524 1944 3526 1501 3525 1947 3509 1948 3527 1958 3507 1958 3507 1948 3527 1954 3528 1958 3507 1954 3528 1953 3505 1953 3505 1954 3528 1950 3529 1953 3505 1950 3529 1939 3503 1948 3527 1949 3530 1954 3528 1954 3528 1949 3530 1950 3529 1952 3504 1951 3502 1956 3531 1956 3531 1951 3502 1955 3522 1956 3531 1955 3522 1960 3532 1960 3532 1955 3522 1959 3519 1960 3532 1959 3519 1964 3517 1952 3504 1956 3531 1957 3506 1957 3506 1956 3531 1961 3533 1957 3506 1961 3533 1962 3508 1962 3508 1961 3533 1966 3511 1961 3533 1956 3531 1960 3532 1961 3533 1960 3532 1965 3534 1965 3534 1960 3532 1964 3517 1965 3534 1964 3517 1969 3515 1970 3513 1966 3511 1965 3534 1965 3534 1966 3511 1961 3533 1970 3513 1965 3534 1969 3515 1502 3535 1501 3536 1973 3537 1973 3537 1501 3536 1944 3538 1973 3537 1944 3538 1943 3539 1943 3539 1942 3540 1973 3537 1973 3537 1942 3540 1941 3541 1973 3537 1941 3541 1940 3542 1940 3542 1939 3543 1973 3537 1973 3537 1939 3543 1972 3544 1972 3544 1939 3543 1971 3545 1973 3537 1974 3546 1502 3535 1950 3529 2161 3547 1939 3503 1939 3503 2161 3547 2162 3548 1939 3503 2162 3548 2163 3549 1975 3550 2010 3551 1950 3529 1950 3529 2010 3551 2011 3552 1950 3529 2011 3552 2012 3553 1976 3554 2004 3555 1975 3550 1975 3550 2004 3555 2005 3556 1975 3550 2005 3556 2006 3557 2004 3555 1976 3554 2003 3558 2003 3558 1976 3554 1977 3559 2003 3558 1977 3559 2002 3560 2002 3560 1977 3559 2001 3561 2001 3561 1977 3559 1978 3562 2001 3561 1978 3562 2000 3563 2000 3563 1978 3562 2035 3564 2000 3563 2035 3564 2071 3565 2071 3565 2035 3564 2036 3566 2071 3565 2036 3566 2070 3567 2070 3567 2036 3566 2037 3568 2070 3567 2037 3568 2038 3569 1978 3562 1979 3570 2035 3564 2035 3564 1979 3570 2034 3571 2034 3571 1979 3570 1980 3572 2034 3571 1980 3572 2033 3573 2033 3573 1980 3572 2032 3574 2032 3574 1980 3572 1981 3575 2032 3574 1981 3575 2031 3576 2031 3576 1981 3575 2030 3577 2030 3577 1981 3575 1982 3578 2030 3577 1982 3578 2029 3579 2029 3579 1982 3578 2028 3580 2028 3580 1982 3578 2027 3581 2027 3581 1982 3578 1983 3582 2027 3581 1983 3582 2026 3583 2026 3583 1983 3582 2025 3584 2025 3584 1983 3582 2024 3585 2024 3585 1983 3582 1984 3586 2024 3585 1984 3586 2023 3587 2023 3587 1984 3586 2022 3588 2022 3588 1984 3586 2066 3589 2022 3588 2066 3589 2021 3590 2021 3590 2066 3589 2067 3591 2021 3590 2067 3591 2020 3592 2020 3592 2067 3591 2043 3593 2043 3593 2067 3591 2068 3594 2043 3593 2068 3594 2042 3595 2042 3595 2068 3594 2041 3596 2041 3596 2068 3594 2069 3597 2041 3596 2069 3597 2040 3598 2040 3598 2069 3597 2039 3599 2039 3599 2069 3597 2038 3569 2038 3569 2069 3597 2070 3567 1984 3586 1985 3600 2066 3589 2066 3589 1985 3600 2065 3601 2065 3601 1985 3600 1986 3602 2065 3601 1986 3602 2064 3603 2064 3603 1986 3602 2063 3604 2063 3604 1986 3602 1987 3605 2063 3604 1987 3605 2130 3606 2130 3606 1987 3605 2129 3607 2129 3607 1987 3605 2128 3608 2128 3608 1987 3605 1988 3609 2128 3608 1988 3609 2127 3610 2127 3610 1988 3609 2126 3611 2126 3611 1988 3609 2125 3612 2125 3612 1988 3609 1989 3613 2125 3612 1989 3613 2124 3614 2124 3614 1989 3613 2123 3615 2123 3615 1989 3613 2122 3616 2122 3616 1989 3613 1990 3617 2122 3616 1990 3617 2121 3618 2121 3618 1990 3617 2120 3619 2120 3619 1990 3617 1991 3620 2120 3619 1991 3620 2143 3621 2143 3621 1991 3620 2142 3622 2142 3622 1991 3620 1992 3623 2142 3622 1992 3623 2141 3624 2141 3624 1992 3623 1993 3625 2141 3624 1993 3625 2080 3626 2080 3626 1993 3625 2079 3627 2079 3627 1993 3625 1994 3628 2079 3627 1994 3628 2078 3629 2078 3629 1994 3628 2077 3630 2077 3630 1994 3628 1995 3631 2077 3630 1995 3631 2076 3632 2076 3632 1995 3631 1971 3633 2076 3632 1971 3633 2075 3634 2075 3634 1971 3633 2074 3635 2074 3635 1971 3633 2073 3636 2073 3636 1971 3633 2072 3637 2072 3637 1971 3633 2095 3638 2095 3638 1971 3633 2094 3639 2094 3639 1971 3633 1939 3503 2094 3639 1939 3503 2093 3640 2093 3640 1939 3503 2092 3641 2092 3641 1939 3503 2144 3642 2092 3641 2144 3642 2091 3643 2091 3643 2144 3642 2145 3644 2091 3643 2145 3644 2090 3645 2090 3645 2145 3644 2146 3646 2090 3645 2146 3646 2089 3647 2089 3647 2146 3646 2147 3648 2089 3647 2147 3648 2088 3649 2088 3649 2147 3648 2057 3650 2088 3649 2057 3650 2087 3651 2087 3651 2057 3650 2086 3652 2086 3652 2057 3650 2085 3653 2085 3653 2057 3650 2084 3654 2084 3654 2057 3650 2058 3655 2084 3654 2058 3655 2083 3656 2083 3656 2058 3655 2082 3657 2082 3657 2058 3655 2081 3658 2081 3658 2058 3655 2080 3626 2080 3626 2058 3655 2141 3624 1997 3659 2071 3565 1996 3660 1996 3660 2071 3565 2044 3661 1996 3660 2044 3661 2019 3662 2019 3662 2044 3661 2018 3663 2018 3663 2044 3661 2017 3664 2017 3664 2044 3661 2016 3665 2016 3665 2044 3661 2105 3666 2016 3665 2105 3666 2015 3667 2015 3667 2105 3666 2106 3668 2015 3667 2106 3668 2014 3669 2014 3669 2106 3668 2107 3670 2014 3669 2107 3670 2013 3671 2013 3671 2107 3670 2108 3672 2013 3671 2108 3672 2012 3553 2012 3553 2108 3672 1950 3529 1997 3659 1998 3673 2071 3565 2071 3565 1998 3673 1999 3674 2071 3565 1999 3674 2000 3563 2006 3557 2007 3675 1975 3550 1975 3550 2007 3675 2008 3676 1975 3550 2008 3676 2009 3677 2009 3677 2010 3551 1975 3550 2105 3666 2044 3661 2104 3678 2104 3678 2044 3661 2045 3679 2104 3678 2045 3679 2103 3680 2103 3680 2045 3679 2102 3681 2102 3681 2045 3679 2046 3682 2102 3681 2046 3682 2101 3683 2101 3683 2046 3682 2100 3684 2100 3684 2046 3682 2099 3685 2099 3685 2046 3682 2047 3686 2099 3685 2047 3686 2098 3687 2098 3687 2047 3686 2097 3688 2097 3688 2047 3686 2048 3689 2097 3688 2048 3689 2096 3690 2096 3690 2048 3689 2119 3691 2119 3691 2048 3689 2049 3692 2119 3691 2049 3692 2118 3693 2118 3693 2049 3692 2117 3694 2117 3694 2049 3692 2050 3695 2117 3694 2050 3695 2116 3696 2116 3696 2050 3695 2051 3697 2116 3696 2051 3697 2160 3698 2160 3698 2051 3697 2159 3699 2159 3699 2051 3697 2052 3700 2159 3699 2052 3700 2158 3701 2158 3701 2052 3700 2157 3702 2157 3702 2052 3700 2053 3703 2157 3702 2053 3703 2156 3704 2156 3704 2053 3703 2155 3705 2155 3705 2053 3703 2054 3706 2155 3705 2054 3706 2154 3707 2154 3707 2054 3706 2153 3708 2153 3708 2054 3706 2055 3709 2153 3708 2055 3709 2152 3710 2152 3710 2055 3709 2151 3711 2151 3711 2055 3709 2150 3712 2150 3712 2055 3709 2056 3713 2150 3712 2056 3713 2149 3714 2149 3714 2056 3713 2148 3715 2148 3715 2056 3713 2057 3650 2148 3715 2057 3650 2147 3648 2141 3624 2058 3655 2140 3716 2140 3716 2058 3655 2059 3717 2140 3716 2059 3717 2139 3718 2139 3718 2059 3717 2138 3719 2138 3719 2059 3717 2060 3720 2138 3719 2060 3720 2137 3721 2137 3721 2060 3720 2136 3722 2136 3722 2060 3720 2135 3723 2135 3723 2060 3720 2061 3724 2135 3723 2061 3724 2134 3725 2134 3725 2061 3724 2133 3726 2133 3726 2061 3724 2062 3727 2133 3726 2062 3727 2132 3728 2132 3728 2062 3727 2131 3729 2131 3729 2062 3727 2063 3604 2131 3729 2063 3604 2130 3606 2108 3672 2109 3730 1950 3529 1950 3529 2109 3730 2110 3731 1950 3529 2110 3731 2111 3732 2111 3732 2112 3733 1950 3529 1950 3529 2112 3733 2113 3734 1950 3529 2113 3734 2114 3735 2114 3735 2115 3736 1950 3529 1950 3529 2115 3736 2161 3547 2161 3547 2115 3736 2160 3698 2160 3698 2115 3736 2116 3696 2163 3549 2164 3737 1939 3503 1939 3503 2164 3737 2165 3738 1939 3503 2165 3738 2166 3739 2166 3739 2167 3740 1939 3503 1939 3503 2167 3740 2144 3642 1703 3741 2157 3742 1680 3743 1680 3743 2157 3742 2156 3744 1680 3743 2156 3744 1681 3745 1681 3745 2156 3744 2155 3746 1681 3745 2155 3746 1682 3747 1682 3747 2155 3746 2154 3748 1682 3747 2154 3748 1683 3749 1683 3749 2154 3748 2153 3750 1683 3749 2153 3750 1684 3751 1684 3751 2153 3750 2152 3752 1684 3751 2152 3752 1685 3753 1685 3753 2152 3752 2151 3754 1685 3753 2151 3754 1686 3755 1686 3755 2151 3754 2150 3756 1686 3755 2150 3756 1687 3757 1687 3757 2150 3756 2149 3758 1687 3757 2149 3758 1688 3759 1688 3759 2149 3758 2148 3760 1688 3759 2148 3760 1689 3761 1689 3761 2148 3760 2147 3762 1689 3761 2147 3762 1690 3763 1690 3763 2147 3762 2146 3764 1690 3763 2146 3764 1691 3765 1691 3765 2146 3764 2145 3766 1691 3765 2145 3766 1692 3767 1692 3767 2145 3766 2144 3768 1692 3767 2144 3768 1693 3769 1693 3769 2144 3768 2167 3770 1693 3769 2167 3770 1694 3771 1694 3771 2167 3770 2166 3772 1694 3771 2166 3772 1695 3773 1695 3773 2166 3772 2165 3774 1695 3773 2165 3774 1696 3775 1696 3775 2165 3774 2164 3776 1696 3775 2164 3776 1697 3777 1697 3777 2164 3776 2163 3778 1697 3777 2163 3778 1698 3779 1698 3779 2163 3778 2162 3780 1698 3779 2162 3780 1699 3781 1699 3781 2162 3780 2161 3782 1699 3781 2161 3782 1700 3783 1700 3783 2161 3782 2160 3784 1700 3783 2160 3784 1701 3785 1701 3785 2160 3784 2159 3786 1701 3785 2159 3786 1702 3787 1702 3787 2159 3786 2158 3788 1702 3787 2158 3788 1703 3741 1703 3741 2158 3788 2157 3742 1679 3789 2133 3790 1656 3791 1656 3791 2133 3790 2132 3792 1656 3791 2132 3792 1657 3793 1657 3793 2132 3792 2131 3794 1657 3793 2131 3794 1658 3795 1658 3795 2131 3794 2130 3796 1658 3795 2130 3796 1659 3797 1659 3797 2130 3796 2129 3798 1659 3797 2129 3798 1660 3799 1660 3799 2129 3798 2128 3800 1660 3799 2128 3800 1661 3801 1661 3801 2128 3800 2127 3802 1661 3801 2127 3802 1662 3803 1662 3803 2127 3802 2126 3804 1662 3803 2126 3804 1663 3805 1663 3805 2126 3804 2125 3806 1663 3805 2125 3806 1664 3807 1664 3807 2125 3806 2124 3808 1664 3807 2124 3808 1665 3809 1665 3809 2124 3808 2123 3810 1665 3809 2123 3810 1666 3811 1666 3811 2123 3810 2122 3812 1666 3811 2122 3812 1667 3813 1667 3813 2122 3812 2121 3814 1667 3813 2121 3814 1668 3815 1668 3815 2121 3814 2120 3816 1668 3815 2120 3816 1669 3817 1669 3817 2120 3816 2143 3818 1669 3817 2143 3818 1670 3819 1670 3819 2143 3818 2142 3820 1670 3819 2142 3820 1671 3821 1671 3821 2142 3820 2141 3822 1671 3821 2141 3822 1672 3823 1672 3823 2141 3822 2140 3824 1672 3823 2140 3824 1673 3825 1673 3825 2140 3824 2139 3826 1673 3825 2139 3826 1674 3827 1674 3827 2139 3826 2138 3828 1674 3827 2138 3828 1675 3829 1675 3829 2138 3828 2137 3830 1675 3829 2137 3830 1676 3831 1676 3831 2137 3830 2136 3832 1676 3831 2136 3832 1677 3833 1677 3833 2136 3832 2135 3834 1677 3833 2135 3834 1678 3835 1678 3835 2135 3834 2134 3836 1678 3835 2134 3836 1679 3789 1679 3789 2134 3836 2133 3790 1631 3837 2109 3838 1608 3839 1608 3839 2109 3838 2108 3840 1608 3839 2108 3840 1609 3841 1609 3841 2108 3840 2107 3842 1609 3841 2107 3842 1610 3843 1610 3843 2107 3842 2106 3844 1610 3843 2106 3844 1611 3845 1611 3845 2106 3844 2105 3846 1611 3845 2105 3846 1612 3847 1612 3847 2105 3846 2104 3848 1612 3847 2104 3848 1613 3849 1613 3849 2104 3848 2103 3850 1613 3849 2103 3850 1614 3851 1614 3851 2103 3850 2102 3852 1614 3851 2102 3852 1615 3853 1615 3853 2102 3852 2101 3854 1615 3853 2101 3854 1616 3855 1616 3855 2101 3854 2100 3856 1616 3855 2100 3856 1617 3857 1617 3857 2100 3856 2099 3858 1617 3857 2099 3858 1618 3859 1618 3859 2099 3858 2098 3860 1618 3859 2098 3860 1619 3861 1619 3861 2098 3860 2097 3862 1619 3861 2097 3862 1620 3863 1620 3863 2097 3862 2096 3864 1620 3863 2096 3864 1621 3865 1621 3865 2096 3864 2119 3866 1621 3865 2119 3866 1622 3867 1622 3867 2119 3866 2118 3868 1622 3867 2118 3868 1623 3869 1623 3869 2118 3868 2117 3870 1623 3869 2117 3870 1624 3871 1624 3871 2117 3870 2116 3872 1624 3871 2116 3872 1625 3873 1625 3873 2116 3872 2115 3874 1625 3873 2115 3874 1626 3875 1626 3875 2115 3874 2114 3876 1626 3875 2114 3876 1627 3877 1627 3877 2114 3876 2113 3878 1627 3877 2113 3878 1628 3879 1628 3879 2113 3878 2112 3880 1628 3879 2112 3880 1629 3881 1629 3881 2112 3880 2111 3882 1629 3881 2111 3882 1630 3883 1630 3883 2111 3882 2110 3884 1630 3883 2110 3884 1631 3837 1631 3837 2110 3884 2109 3838 1607 3885 2085 3886 1584 3887 1584 3887 2085 3886 2084 3888 1584 3887 2084 3888 1585 3889 1585 3889 2084 3888 2083 3890 1585 3889 2083 3890 1586 3891 1586 3891 2083 3890 2082 3892 1586 3891 2082 3892 1587 3893 1587 3893 2082 3892 2081 3894 1587 3893 2081 3894 1588 3895 1588 3895 2081 3894 2080 3896 1588 3895 2080 3896 1589 3897 1589 3897 2080 3896 2079 3898 1589 3897 2079 3898 1590 3899 1590 3899 2079 3898 2078 3900 1590 3899 2078 3900 1591 3901 1591 3901 2078 3900 2077 3902 1591 3901 2077 3902 1592 3903 1592 3903 2077 3902 2076 3904 1592 3903 2076 3904 1593 3905 1593 3905 2076 3904 2075 3906 1593 3905 2075 3906 1594 3907 1594 3907 2075 3906 2074 3908 1594 3907 2074 3908 1595 3909 1595 3909 2074 3908 2073 3910 1595 3909 2073 3910 1596 3911 1596 3911 2073 3910 2072 3912 1596 3911 2072 3912 1597 3913 1597 3913 2072 3912 2095 3914 1597 3913 2095 3914 1598 3915 1598 3915 2095 3914 2094 3916 1598 3915 2094 3916 1599 3917 1599 3917 2094 3916 2093 3918 1599 3917 2093 3918 1600 3919 1600 3919 2093 3918 2092 3920 1600 3919 2092 3920 1601 3921 1601 3921 2092 3920 2091 3922 1601 3921 2091 3922 1602 3923 1602 3923 2091 3922 2090 3924 1602 3923 2090 3924 1603 3925 1603 3925 2090 3924 2089 3926 1603 3925 2089 3926 1604 3927 1604 3927 2089 3926 2088 3928 1604 3927 2088 3928 1605 3929 1605 3929 2088 3928 2087 3930 1605 3929 2087 3930 1606 3931 1606 3931 2087 3930 2086 3932 1606 3931 2086 3932 1607 3885 1607 3885 2086 3932 2085 3886 2058 3933 2057 3934 1508 3935 1508 3935 2057 3934 1509 3936 1523 3937 2071 3938 1524 3939 1524 3939 2071 3938 2070 3940 1524 3939 2070 3940 2069 3941 1524 3939 2069 3941 1525 3942 1525 3942 2069 3941 2068 3943 1525 3942 2068 3943 1526 3944 1526 3944 2068 3943 2067 3945 1526 3944 2067 3945 1527 3946 1527 3946 2067 3945 2066 3947 1527 3946 2066 3947 1528 3948 1528 3948 2066 3947 2065 3949 1528 3948 2065 3949 1529 3950 1529 3950 2065 3949 2064 3951 1529 3950 2064 3951 1530 3952 1530 3952 2064 3951 2063 3953 1530 3952 2063 3953 1531 3954 1531 3954 2063 3953 2062 3955 1531 3954 2062 3955 1532 3956 1532 3956 2062 3955 2061 3957 1532 3956 2061 3957 1533 3958 1533 3958 2061 3957 2060 3959 1533 3958 2060 3959 1534 3960 1534 3960 2060 3959 2059 3961 1534 3960 2059 3961 1535 3962 1535 3962 2059 3961 1508 3935 1508 3935 2059 3961 2058 3933 2044 3963 2071 3938 1522 3964 1522 3964 2071 3938 1523 3937 1509 3965 2057 3966 1510 3967 1510 3967 2057 3966 2056 3968 1510 3967 2056 3968 2055 3969 1510 3967 2055 3969 1511 3970 1511 3970 2055 3969 2054 3971 1511 3970 2054 3971 1512 3972 1512 3972 2054 3971 2053 3973 1512 3972 2053 3973 1513 3974 1513 3974 2053 3973 2052 3975 1513 3974 2052 3975 1514 3976 1514 3976 2052 3975 2051 3977 1514 3976 2051 3977 1515 3978 1515 3978 2051 3977 2050 3979 1515 3978 2050 3979 1516 3980 1516 3980 2050 3979 2049 3981 1516 3980 2049 3981 1517 3982 1517 3982 2049 3981 2048 3983 1517 3982 2048 3983 1518 3984 1518 3984 2048 3983 2047 3985 1518 3984 2047 3985 1519 3986 1519 3986 2047 3985 2046 3987 1519 3986 2046 3987 1520 3988 1520 3988 2046 3987 2045 3989 1520 3988 2045 3989 1521 3990 1521 3990 2045 3989 1522 3991 1522 3991 2045 3989 2044 3992 1655 3993 2033 3994 1632 3995 1632 3995 2033 3994 2032 3996 1632 3995 2032 3996 1633 3997 1633 3997 2032 3996 2031 3998 1633 3997 2031 3998 1634 3999 1634 3999 2031 3998 2030 4000 1634 3999 2030 4000 1635 4001 1635 4001 2030 4000 2029 4002 1635 4001 2029 4002 1636 4003 1636 4003 2029 4002 2028 4004 1636 4003 2028 4004 1637 4005 1637 4005 2028 4004 2027 4006 1637 4005 2027 4006 1638 4007 1638 4007 2027 4006 2026 4008 1638 4007 2026 4008 1639 4009 1639 4009 2026 4008 2025 4010 1639 4009 2025 4010 1640 4011 1640 4011 2025 4010 2024 4012 1640 4011 2024 4012 1641 4013 1641 4013 2024 4012 2023 4014 1641 4013 2023 4014 1642 4015 1642 4015 2023 4014 2022 4016 1642 4015 2022 4016 1643 4017 1643 4017 2022 4016 2021 4018 1643 4017 2021 4018 1644 4019 1644 4019 2021 4018 2020 4020 1644 4019 2020 4020 1645 4021 1645 4021 2020 4020 2043 4022 1645 4021 2043 4022 1646 4023 1646 4023 2043 4022 2042 4024 1646 4023 2042 4024 1647 4025 1647 4025 2042 4024 2041 4026 1647 4025 2041 4026 1648 4027 1648 4027 2041 4026 2040 4028 1648 4027 2040 4028 1649 4029 1649 4029 2040 4028 2039 4030 1649 4029 2039 4030 1650 4031 1650 4031 2039 4030 2038 4032 1650 4031 2038 4032 1651 4033 1651 4033 2038 4032 2037 4034 1651 4033 2037 4034 1652 4035 1652 4035 2037 4034 2036 4036 1652 4035 2036 4036 1653 4037 1653 4037 2036 4036 2035 4038 1653 4037 2035 4038 1654 4039 1654 4039 2035 4038 2034 4040 1654 4039 2034 4040 1655 3993 1655 3993 2034 4040 2033 3994 1583 4041 2009 4042 1560 4043 1560 4043 2009 4042 2008 4044 1560 4043 2008 4044 1561 4045 1561 4045 2008 4044 2007 4046 1561 4045 2007 4046 1562 4047 1562 4047 2007 4046 2006 4048 1562 4047 2006 4048 1563 4049 1563 4049 2006 4048 2005 4050 1563 4049 2005 4050 1564 4051 1564 4051 2005 4050 2004 4052 1564 4051 2004 4052 1565 4053 1565 4053 2004 4052 2003 4054 1565 4053 2003 4054 1566 4055 1566 4055 2003 4054 2002 4056 1566 4055 2002 4056 1567 4057 1567 4057 2002 4056 2001 4058 1567 4057 2001 4058 1568 4059 1568 4059 2001 4058 2000 4060 1568 4059 2000 4060 1569 4061 1569 4061 2000 4060 1999 4062 1569 4061 1999 4062 1570 4063 1570 4063 1999 4062 1998 4064 1570 4063 1998 4064 1571 4065 1571 4065 1998 4064 1997 4066 1571 4065 1997 4066 1572 4067 1572 4067 1997 4066 1996 4068 1572 4067 1996 4068 1573 4069 1573 4069 1996 4068 2019 4070 1573 4069 2019 4070 1574 4071 1574 4071 2019 4070 2018 4072 1574 4071 2018 4072 1575 4073 1575 4073 2018 4072 2017 4074 1575 4073 2017 4074 1576 4075 1576 4075 2017 4074 2016 4076 1576 4075 2016 4076 1577 4077 1577 4077 2016 4076 2015 4078 1577 4077 2015 4078 1578 4079 1578 4079 2015 4078 2014 4080 1578 4079 2014 4080 1579 4081 1579 4081 2014 4080 2013 4082 1579 4081 2013 4082 1580 4083 1580 4083 2013 4082 2012 4084 1580 4083 2012 4084 1581 4085 1581 4085 2012 4084 2011 4086 1581 4085 2011 4086 1582 4087 1582 4087 2011 4086 2010 4088 1582 4087 2010 4088 1583 4041 1583 4041 2010 4088 2009 4042 2178 4089 1985 4090 2177 4091 2177 4091 1985 4090 1984 4092 2177 4091 1984 4092 2176 4093 2176 4093 1984 4092 1983 4094 2176 4093 1983 4094 2175 4095 2175 4095 1983 4094 1982 4096 2175 4095 1982 4096 2174 4097 2174 4097 1982 4096 1981 4098 2174 4097 1981 4098 2173 4099 2173 4099 1981 4098 1980 4100 2173 4099 1980 4100 2172 4101 2172 4101 1980 4100 1979 4102 2172 4101 1979 4102 2171 4103 2171 4103 1979 4102 1978 4104 2171 4103 1978 4104 2170 4105 2170 4105 1978 4104 1977 4106 2170 4105 1977 4106 2169 4107 2169 4107 1977 4106 1976 4108 2169 4107 1976 4108 2168 4109 2168 4109 1976 4108 1975 4110 1986 4111 1985 4090 2179 4112 2179 4112 1985 4090 2178 4089 1972 3544 1971 3545 2188 4113 2188 4113 1971 3545 1995 4114 2188 4113 1995 4114 2187 4115 2187 4115 1995 4114 1994 4116 2187 4115 1994 4116 2186 4117 2186 4117 1994 4116 1993 4118 2186 4117 1993 4118 2185 4119 2185 4119 1993 4118 1992 4120 2185 4119 1992 4120 2184 4121 2184 4121 1992 4120 1991 4122 2184 4121 1991 4122 2183 4123 2183 4123 1991 4122 1990 4124 2183 4123 1990 4124 2182 4125 2182 4125 1990 4124 1989 4126 2182 4125 1989 4126 2181 4127 2181 4127 1989 4126 1988 4128 2181 4127 1988 4128 2180 4129 2180 4129 1988 4128 1987 4130 2180 4129 1987 4130 2179 4112 2179 4112 1987 4130 1986 4111 2189 4131 1845 4132 2168 4133 2168 4133 1845 4132 1844 4134 2168 4133 1844 4134 1843 4135 1973 4136 1854 4137 2189 4131 2189 4131 1854 4137 1853 4138 2189 4131 1853 4138 1852 4139 1972 4140 1863 4141 1973 4136 1973 4136 1863 4141 1862 4142 1973 4136 1862 4142 1861 4143 2188 4144 1824 4145 1972 4140 1972 4140 1824 4145 1823 4146 1972 4140 1823 4146 1863 4141 1824 4145 2188 4144 1825 4147 1825 4147 2188 4144 2187 4148 1825 4147 2187 4148 1826 4149 1826 4149 2187 4148 2186 4150 1826 4149 2186 4150 1827 4151 1827 4151 2186 4150 2185 4152 1827 4151 2185 4152 1828 4153 1828 4153 2185 4152 2184 4154 1828 4153 2184 4154 2183 4155 1828 4153 2183 4155 1829 4156 1829 4156 2183 4155 2182 4157 1829 4156 2182 4157 1830 4158 1830 4158 2182 4157 2181 4159 1830 4158 2181 4159 1831 4160 1831 4160 2181 4159 2180 4161 1831 4160 2180 4161 1832 4162 1832 4162 2180 4161 2179 4163 1832 4162 2179 4163 1833 4164 1833 4164 2179 4163 2178 4165 1833 4164 2178 4165 1834 4166 1834 4166 2178 4165 1835 4167 1835 4167 2178 4165 2177 4168 1835 4167 2177 4168 2176 4169 1835 4167 2176 4169 1836 4170 1836 4170 2176 4169 2175 4171 1836 4170 2175 4171 1837 4172 1837 4172 2175 4171 2174 4173 1837 4172 2174 4173 1838 4174 1838 4174 2174 4173 2173 4175 1838 4174 2173 4175 1839 4176 1839 4176 2173 4175 2172 4177 1839 4176 2172 4177 1840 4178 1840 4178 2172 4177 2171 4179 1840 4178 2171 4179 1841 4180 1841 4180 2171 4179 2170 4181 1841 4180 2170 4181 2169 4182 1841 4180 2169 4182 1842 4183 1842 4183 2169 4182 2168 4133 1842 4183 2168 4133 1843 4135 1861 4143 1860 4184 1973 4136 1973 4136 1860 4184 1859 4185 1973 4136 1859 4185 1858 4186 1858 4186 1857 4187 1973 4136 1973 4136 1857 4187 1856 4188 1973 4136 1856 4188 1855 4189 1855 4189 1854 4137 1973 4136 1852 4139 1851 4190 2189 4131 2189 4131 1851 4190 1850 4191 2189 4131 1850 4191 1849 4192 1849 4192 1848 4193 2189 4131 2189 4131 1848 4193 1847 4194 2189 4131 1847 4194 1846 4195 1846 4195 1845 4132 2189 4131 1475 4196 2201 4197 1452 4198 1452 4198 2201 4197 2202 4199 1452 4198 2202 4199 1453 4200 1453 4200 2202 4199 2203 4201 1453 4200 2203 4201 1454 4202 1454 4202 2203 4201 2204 4203 1454 4202 2204 4203 1455 4204 1455 4204 2204 4203 2205 4205 1455 4204 2205 4205 1456 4206 1456 4206 2205 4205 2206 4207 1456 4206 2206 4207 1457 4208 1457 4208 2206 4207 2207 4209 1457 4208 2207 4209 1458 4210 1458 4210 2207 4209 2208 4211 1458 4210 2208 4211 1459 4212 1459 4212 2208 4211 2209 4213 1459 4212 2209 4213 1460 4214 1460 4214 2209 4213 2210 4215 1460 4214 2210 4215 1461 4216 1461 4216 2210 4215 2211 4217 1461 4216 2211 4217 1462 4218 1462 4218 2211 4217 2212 4219 1462 4218 2212 4219 1463 4220 1463 4220 2212 4219 2213 4221 1463 4220 2213 4221 1464 4222 1464 4222 2213 4221 2190 4223 1464 4222 2190 4223 1465 4224 1465 4224 2190 4223 2191 4225 1465 4224 2191 4225 1466 4226 1466 4226 2191 4225 2192 4227 1466 4226 2192 4227 1467 4228 1467 4228 2192 4227 2193 4229 1467 4228 2193 4229 1468 4230 1468 4230 2193 4229 2194 4231 1468 4230 2194 4231 1469 4232 1469 4232 2194 4231 2195 4233 1469 4232 2195 4233 1470 4234 1470 4234 2195 4233 2196 4235 1470 4234 2196 4235 1471 4236 1471 4236 2196 4235 2197 4237 1471 4236 2197 4237 1472 4238 1472 4238 2197 4237 2198 4239 1472 4238 2198 4239 1473 4240 1473 4240 2198 4239 2199 4241 1473 4240 2199 4241 1474 4242 1474 4242 2199 4241 2200 4243 1474 4242 2200 4243 1475 4196 1475 4196 2200 4243 2201 4197 1331 4244 2225 4245 1308 4246 1308 4246 2225 4245 2226 4247 1308 4246 2226 4247 1309 4248 1309 4248 2226 4247 2227 4249 1309 4248 2227 4249 1310 4250 1310 4250 2227 4249 2228 4251 1310 4250 2228 4251 1311 4252 1311 4252 2228 4251 2229 4253 1311 4252 2229 4253 1312 4254 1312 4254 2229 4253 2230 4255 1312 4254 2230 4255 1313 4256 1313 4256 2230 4255 2231 4257 1313 4256 2231 4257 1314 4258 1314 4258 2231 4257 2232 4259 1314 4258 2232 4259 1315 4260 1315 4260 2232 4259 2233 4261 1315 4260 2233 4261 1316 4262 1316 4262 2233 4261 2234 4263 1316 4262 2234 4263 1317 4264 1317 4264 2234 4263 2235 4265 1317 4264 2235 4265 1318 4266 1318 4266 2235 4265 2236 4267 1318 4266 2236 4267 1319 4268 1319 4268 2236 4267 2237 4269 1319 4268 2237 4269 1320 4270 1320 4270 2237 4269 2214 4271 1320 4270 2214 4271 1321 4272 1321 4272 2214 4271 2215 4273 1321 4272 2215 4273 1322 4274 1322 4274 2215 4273 2216 4275 1322 4274 2216 4275 1323 4276 1323 4276 2216 4275 2217 4277 1323 4276 2217 4277 1324 4278 1324 4278 2217 4277 2218 4279 1324 4278 2218 4279 1325 4280 1325 4280 2218 4279 2219 4281 1325 4280 2219 4281 1326 4282 1326 4282 2219 4281 2220 4283 1326 4282 2220 4283 1327 4284 1327 4284 2220 4283 2221 4285 1327 4284 2221 4285 1328 4286 1328 4286 2221 4285 2222 4287 1328 4286 2222 4287 1329 4288 1329 4288 2222 4287 2223 4289 1329 4288 2223 4289 1330 4290 1330 4290 2223 4289 2224 4291 1330 4290 2224 4291 1331 4244 1331 4244 2224 4291 2225 4245 1451 4292 2249 4293 1428 4294 1428 4294 2249 4293 2250 4295 1428 4294 2250 4295 1429 4296 1429 4296 2250 4295 2251 4297 1429 4296 2251 4297 1430 4298 1430 4298 2251 4297 2252 4299 1430 4298 2252 4299 1431 4300 1431 4300 2252 4299 2253 4301 1431 4300 2253 4301 1432 4302 1432 4302 2253 4301 2254 4303 1432 4302 2254 4303 1433 4304 1433 4304 2254 4303 2255 4305 1433 4304 2255 4305 1434 4306 1434 4306 2255 4305 2256 4307 1434 4306 2256 4307 1435 4308 1435 4308 2256 4307 2257 4309 1435 4308 2257 4309 1436 4310 1436 4310 2257 4309 2258 4311 1436 4310 2258 4311 1437 4312 1437 4312 2258 4311 2259 4313 1437 4312 2259 4313 1438 4314 1438 4314 2259 4313 2260 4315 1438 4314 2260 4315 1439 4316 1439 4316 2260 4315 2261 4317 1439 4316 2261 4317 1440 4318 1440 4318 2261 4317 2238 4319 1440 4318 2238 4319 1441 4320 1441 4320 2238 4319 2239 4321 1441 4320 2239 4321 1442 4322 1442 4322 2239 4321 2240 4323 1442 4322 2240 4323 1443 4324 1443 4324 2240 4323 2241 4325 1443 4324 2241 4325 1444 4326 1444 4326 2241 4325 2242 4327 1444 4326 2242 4327 1445 4328 1445 4328 2242 4327 2243 4329 1445 4328 2243 4329 1446 4330 1446 4330 2243 4329 2244 4331 1446 4330 2244 4331 1447 4332 1447 4332 2244 4331 2245 4333 1447 4332 2245 4333 1448 4334 1448 4334 2245 4333 2246 4335 1448 4334 2246 4335 1449 4336 1449 4336 2246 4335 2247 4337 1449 4336 2247 4337 1450 4338 1450 4338 2247 4337 2248 4339 1450 4338 2248 4339 1451 4292 1451 4292 2248 4339 2249 4293 1403 4340 2273 4341 1380 4342 1380 4342 2273 4341 2274 4343 1380 4342 2274 4343 1381 4344 1381 4344 2274 4343 2275 4345 1381 4344 2275 4345 1382 4346 1382 4346 2275 4345 2276 4347 1382 4346 2276 4347 1383 4348 1383 4348 2276 4347 2277 4349 1383 4348 2277 4349 1384 4350 1384 4350 2277 4349 2278 4351 1384 4350 2278 4351 1385 4352 1385 4352 2278 4351 2279 4353 1385 4352 2279 4353 1386 4354 1386 4354 2279 4353 2280 4355 1386 4354 2280 4355 1387 4356 1387 4356 2280 4355 2281 4357 1387 4356 2281 4357 1388 4358 1388 4358 2281 4357 2282 4359 1388 4358 2282 4359 1389 4360 1389 4360 2282 4359 2283 4361 1389 4360 2283 4361 1390 4362 1390 4362 2283 4361 2284 4363 1390 4362 2284 4363 1391 4364 1391 4364 2284 4363 2285 4365 1391 4364 2285 4365 1392 4366 1392 4366 2285 4365 2262 4367 1392 4366 2262 4367 1393 4368 1393 4368 2262 4367 2263 4369 1393 4368 2263 4369 1394 4370 1394 4370 2263 4369 2264 4371 1394 4370 2264 4371 1395 4372 1395 4372 2264 4371 2265 4373 1395 4372 2265 4373 1396 4374 1396 4374 2265 4373 2266 4375 1396 4374 2266 4375 1397 4376 1397 4376 2266 4375 2267 4377 1397 4376 2267 4377 1398 4378 1398 4378 2267 4377 2268 4379 1398 4378 2268 4379 1399 4380 1399 4380 2268 4379 2269 4381 1399 4380 2269 4381 1400 4382 1400 4382 2269 4381 2270 4383 1400 4382 2270 4383 1401 4384 1401 4384 2270 4383 2271 4385 1401 4384 2271 4385 1402 4386 1402 4386 2271 4385 2272 4387 1402 4386 2272 4387 1403 4340 1403 4340 2272 4387 2273 4341 1503 4388 1502 4389 2286 4390 2286 4390 1502 4389 1974 4391 1975 4110 1950 4392 2189 4393 2189 4393 1950 4392 1949 4394 2189 4393 1949 4394 1948 4395 1948 4395 1947 4396 2189 4393 2189 4393 1947 4396 1946 4397 2189 4393 1946 4397 1945 4398 1945 4398 1500 4399 2189 4393 2189 4393 1500 4399 1503 4400 2189 4393 1503 4400 2286 4401 2189 4393 2168 4109 1975 4110 2189 4402 2200 4403 1973 4404 1973 4404 2200 4403 2228 4405 1973 4404 2228 4405 2227 4406 2286 4407 2255 4408 2189 4402 2189 4402 2255 4408 2209 4409 2189 4402 2209 4409 2208 4410 1974 4411 2240 4412 2286 4407 2286 4407 2240 4412 2239 4413 2286 4407 2239 4413 2238 4414 1973 4404 2269 4415 1974 4411 1974 4411 2269 4415 2268 4416 1974 4411 2268 4416 2267 4417 2263 4418 2262 4419 1974 4411 1974 4411 2262 4419 2285 4420 1974 4411 2285 4420 2284 4421 1974 4411 2284 4421 2240 4412 2240 4412 2284 4421 2283 4422 2240 4412 2283 4422 2241 4423 2241 4423 2283 4422 2242 4424 2242 4424 2283 4422 2282 4425 2242 4424 2282 4425 2243 4426 2243 4426 2282 4425 2281 4427 2243 4426 2281 4427 2244 4428 2244 4428 2281 4427 2280 4429 2244 4428 2280 4429 2279 4430 2244 4428 2279 4430 2245 4431 2245 4431 2279 4430 2278 4432 2245 4431 2278 4432 2246 4433 2246 4433 2278 4432 2277 4434 2246 4433 2277 4434 2247 4435 2247 4435 2277 4434 2235 4436 2247 4435 2235 4436 2193 4437 2193 4437 2235 4436 2194 4438 2194 4438 2235 4436 2234 4439 2194 4438 2234 4439 2195 4440 2195 4440 2234 4439 2233 4441 2195 4440 2233 4441 2196 4442 2196 4442 2233 4441 2232 4443 2196 4442 2232 4443 2231 4444 2235 4436 2277 4434 2236 4445 2236 4445 2277 4434 2276 4446 2236 4445 2276 4446 2237 4447 2237 4447 2276 4446 2275 4448 2237 4447 2275 4448 2214 4449 2214 4449 2275 4448 2274 4450 2214 4449 2274 4450 2215 4451 2215 4451 2274 4450 2273 4452 2215 4451 2273 4452 2216 4453 2216 4453 2273 4452 2272 4454 2216 4453 2272 4454 2217 4455 2217 4455 2272 4454 2271 4456 2217 4455 2271 4456 2218 4457 2218 4457 2271 4456 2270 4458 2218 4457 2270 4458 2219 4459 2219 4459 2270 4458 2269 4415 2219 4459 2269 4415 1973 4404 2267 4417 2266 4460 1974 4411 1974 4411 2266 4460 2265 4461 1974 4411 2265 4461 2264 4462 2264 4462 2263 4418 1974 4411 2238 4414 2261 4463 2286 4407 2286 4407 2261 4463 2260 4464 2286 4407 2260 4464 2259 4465 2259 4465 2258 4466 2286 4407 2286 4407 2258 4466 2257 4467 2286 4407 2257 4467 2256 4468 2256 4468 2255 4408 2286 4407 2209 4409 2255 4408 2210 4469 2210 4469 2255 4408 2254 4470 2210 4469 2254 4470 2211 4471 2211 4471 2254 4470 2253 4472 2211 4471 2253 4472 2212 4473 2212 4473 2253 4472 2252 4474 2212 4473 2252 4474 2213 4475 2213 4475 2252 4474 2251 4476 2213 4475 2251 4476 2190 4477 2190 4477 2251 4476 2250 4478 2190 4477 2250 4478 2191 4479 2191 4479 2250 4478 2249 4480 2191 4479 2249 4480 2192 4481 2192 4481 2249 4480 2248 4482 2192 4481 2248 4482 2193 4437 2193 4437 2248 4482 2247 4435 2196 4442 2231 4444 2197 4483 2197 4483 2231 4444 2230 4484 2197 4483 2230 4484 2198 4485 2198 4485 2230 4484 2229 4486 2198 4485 2229 4486 2199 4487 2199 4487 2229 4486 2200 4403 2200 4403 2229 4486 2228 4405 2227 4406 2226 4488 1973 4404 1973 4404 2226 4488 2225 4489 1973 4404 2225 4489 2224 4490 2224 4490 2223 4491 1973 4404 1973 4404 2223 4491 2222 4492 1973 4404 2222 4492 2221 4493 2221 4493 2220 4494 1973 4404 1973 4404 2220 4494 2219 4459 2208 4410 2207 4495 2189 4402 2189 4402 2207 4495 2206 4496 2189 4402 2206 4496 2205 4497 2205 4497 2204 4498 2189 4402 2189 4402 2204 4498 2203 4499 2189 4402 2203 4499 2202 4500 2202 4500 2201 4501 2189 4402 2189 4402 2201 4501 2200 4403 2288 4502 2315 4503 2287 4504 2287 4504 2315 4503 2316 4505 2287 4504 2316 4505 2317 4506 2289 4507 2336 4508 2288 4502 2288 4502 2336 4508 2337 4509 2288 4502 2337 4509 2338 4510 2289 4507 2290 4511 2336 4508 2336 4508 2290 4511 2291 4512 2336 4508 2291 4512 2335 4513 2335 4513 2291 4512 2292 4514 2335 4513 2292 4514 2293 4515 2335 4513 2293 4515 2334 4516 2334 4516 2293 4515 2294 4517 2334 4516 2294 4517 2333 4518 2333 4518 2294 4517 2295 4519 2333 4518 2295 4519 2332 4520 2332 4520 2295 4519 2296 4521 2332 4520 2296 4521 2331 4522 2331 4522 2296 4521 2297 4523 2331 4522 2297 4523 2298 4524 2331 4522 2298 4524 2330 4525 2330 4525 2298 4524 2299 4526 2330 4525 2299 4526 2300 4527 2300 4527 2301 4528 2330 4525 2330 4525 2301 4528 2329 4529 2329 4529 2301 4528 2328 4530 2328 4530 2301 4528 2327 4531 2327 4531 2301 4528 2302 4532 2327 4531 2302 4532 2326 4533 2326 4533 2302 4532 2325 4534 2325 4534 2302 4532 2324 4535 2324 4535 2302 4532 2303 4536 2324 4535 2303 4536 2304 4537 2304 4537 2305 4538 2324 4535 2324 4535 2305 4538 2323 4539 2323 4539 2305 4538 2306 4540 2323 4539 2306 4540 2307 4541 2323 4539 2307 4541 2322 4542 2322 4542 2307 4541 2308 4543 2322 4542 2308 4543 2321 4544 2321 4544 2308 4543 2309 4545 2321 4544 2309 4545 2320 4546 2320 4546 2309 4545 2310 4547 2320 4546 2310 4547 2319 4548 2319 4548 2310 4547 2311 4549 2319 4548 2311 4549 2312 4550 2319 4548 2312 4550 2318 4551 2318 4551 2312 4550 2313 4552 2318 4551 2313 4552 2314 4553 2314 4553 2287 4504 2318 4551 2318 4551 2287 4504 2317 4506 2338 4510 2315 4503 2288 4502 2340 4554 2350 4555 2339 4556 2339 4556 2350 4555 2351 4557 2339 4556 2351 4557 2362 4558 2362 4558 2351 4557 2352 4559 2362 4558 2352 4559 2361 4560 2361 4560 2352 4559 2353 4561 2361 4560 2353 4561 2360 4562 2360 4562 2353 4561 2354 4563 2360 4562 2354 4563 2359 4564 2359 4564 2354 4563 2355 4565 2359 4564 2355 4565 2358 4566 2358 4566 2355 4565 2356 4567 2358 4566 2356 4567 2357 4568 2350 4555 2340 4554 2349 4569 2349 4569 2340 4554 2341 4570 2349 4569 2341 4570 2348 4571 2348 4571 2341 4570 2342 4572 2348 4571 2342 4572 2347 4573 2347 4573 2342 4572 2343 4574 2347 4573 2343 4574 2346 4575 2346 4575 2343 4574 2344 4576 2346 4575 2344 4576 2345 4577 2364 4578 2374 4579 2363 4580 2363 4580 2374 4579 2375 4581 2363 4580 2375 4581 2386 4582 2386 4582 2375 4581 2376 4583 2386 4582 2376 4583 2385 4584 2385 4584 2376 4583 2377 4585 2385 4584 2377 4585 2384 4586 2384 4586 2377 4585 2378 4587 2384 4586 2378 4587 2383 4588 2383 4588 2378 4587 2379 4589 2383 4588 2379 4589 2382 4590 2382 4590 2379 4589 2380 4591 2382 4590 2380 4591 2381 4592 2374 4579 2364 4578 2373 4593 2373 4593 2364 4578 2365 4594 2373 4593 2365 4594 2372 4595 2372 4595 2365 4594 2366 4596 2372 4595 2366 4596 2371 4597 2371 4597 2366 4596 2367 4598 2371 4597 2367 4598 2370 4599 2370 4599 2367 4598 2368 4600 2370 4599 2368 4600 2369 4601 2388 4602 2398 4603 2387 4604 2387 4604 2398 4603 2399 4605 2387 4604 2399 4605 2410 4606 2410 4606 2399 4605 2400 4607 2410 4606 2400 4607 2409 4608 2409 4608 2400 4607 2401 4609 2409 4608 2401 4609 2408 4610 2408 4610 2401 4609 2402 4611 2408 4610 2402 4611 2407 4612 2407 4612 2402 4611 2403 4613 2407 4612 2403 4613 2406 4614 2406 4614 2403 4613 2404 4615 2406 4614 2404 4615 2405 4616 2398 4603 2388 4602 2397 4617 2397 4617 2388 4602 2389 4618 2397 4617 2389 4618 2396 4619 2396 4619 2389 4618 2390 4620 2396 4619 2390 4620 2395 4621 2395 4621 2390 4620 2391 4622 2395 4621 2391 4622 2394 4623 2394 4623 2391 4622 2392 4624 2394 4623 2392 4624 2393 4625 2412 4626 2422 4627 2411 4628 2411 4628 2422 4627 2423 4629 2411 4628 2423 4629 2434 4630 2434 4630 2423 4629 2424 4631 2434 4630 2424 4631 2433 4632 2433 4632 2424 4631 2425 4633 2433 4632 2425 4633 2432 4634 2432 4634 2425 4633 2426 4635 2432 4634 2426 4635 2431 4636 2431 4636 2426 4635 2427 4637 2431 4636 2427 4637 2430 4638 2430 4638 2427 4637 2428 4639 2430 4638 2428 4639 2429 4640 2422 4627 2412 4626 2421 4641 2421 4641 2412 4626 2413 4642 2421 4641 2413 4642 2420 4643 2420 4643 2413 4642 2414 4644 2420 4643 2414 4644 2419 4645 2419 4645 2414 4644 2415 4646 2419 4645 2415 4646 2418 4647 2418 4647 2415 4646 2416 4648 2418 4647 2416 4648 2417 4649 2436 4650 2446 4651 2435 4652 2435 4652 2446 4651 2447 4653 2435 4652 2447 4653 2458 4654 2458 4654 2447 4653 2448 4655 2458 4654 2448 4655 2457 4656 2457 4656 2448 4655 2449 4657 2457 4656 2449 4657 2456 4658 2456 4658 2449 4657 2450 4659 2456 4658 2450 4659 2455 4660 2455 4660 2450 4659 2451 4661 2455 4660 2451 4661 2454 4662 2454 4662 2451 4661 2452 4663 2454 4662 2452 4663 2453 4664 2446 4651 2436 4650 2445 4665 2445 4665 2436 4650 2437 4666 2445 4665 2437 4666 2444 4667 2444 4667 2437 4666 2438 4668 2444 4667 2438 4668 2443 4669 2443 4669 2438 4668 2439 4670 2443 4669 2439 4670 2442 4671 2442 4671 2439 4670 2440 4672 2442 4671 2440 4672 2441 4673 2460 4674 2470 4675 2459 4676 2459 4676 2470 4675 2471 4677 2459 4676 2471 4677 2482 4678 2482 4678 2471 4677 2472 4679 2482 4678 2472 4679 2481 4680 2481 4680 2472 4679 2473 4681 2481 4680 2473 4681 2480 4682 2480 4682 2473 4681 2474 4683 2480 4682 2474 4683 2479 4684 2479 4684 2474 4683 2475 4685 2479 4684 2475 4685 2478 4686 2478 4686 2475 4685 2476 4687 2478 4686 2476 4687 2477 4688 2470 4675 2460 4674 2469 4689 2469 4689 2460 4674 2461 4690 2469 4689 2461 4690 2468 4691 2468 4691 2461 4690 2462 4692 2468 4691 2462 4692 2467 4693 2467 4693 2462 4692 2463 4694 2467 4693 2463 4694 2466 4695 2466 4695 2463 4694 2464 4696 2466 4695 2464 4696 2465 4697 2484 4698 2560 4699 2483 4700 2483 4700 2560 4699 2522 4701 2483 4700 2522 4701 2521 4702 2521 4702 2522 4701 2523 4703 2521 4702 2523 4703 2520 4704 2520 4704 2523 4703 2524 4705 2520 4704 2524 4705 2519 4706 2519 4706 2524 4705 2525 4707 2519 4706 2525 4707 2518 4708 2518 4708 2525 4707 2526 4709 2518 4708 2526 4709 2517 4710 2517 4710 2526 4709 2527 4711 2517 4710 2527 4711 2516 4712 2516 4712 2527 4711 2528 4713 2516 4712 2528 4713 2515 4714 2515 4714 2528 4713 2529 4715 2515 4714 2529 4715 2514 4716 2514 4716 2529 4715 2530 4717 2514 4716 2530 4717 2513 4718 2513 4718 2530 4717 2531 4719 2513 4718 2531 4719 2512 4720 2512 4720 2531 4719 2532 4721 2512 4720 2532 4721 2511 4722 2511 4722 2532 4721 2533 4723 2511 4722 2533 4723 2510 4724 2510 4724 2533 4723 2534 4725 2510 4724 2534 4725 2509 4726 2509 4726 2534 4725 2535 4727 2509 4726 2535 4727 2508 4728 2508 4728 2535 4727 2536 4729 2508 4728 2536 4729 2507 4730 2507 4730 2536 4729 2537 4731 2507 4730 2537 4731 2506 4732 2506 4732 2537 4731 2538 4733 2506 4732 2538 4733 2505 4734 2505 4734 2538 4733 2539 4735 2505 4734 2539 4735 2504 4736 2504 4736 2539 4735 2540 4737 2504 4736 2540 4737 2503 4738 2503 4738 2540 4737 2541 4739 2503 4738 2541 4739 2502 4740 2502 4740 2541 4739 2542 4741 2502 4740 2542 4741 2501 4742 2501 4742 2542 4741 2543 4743 2501 4742 2543 4743 2500 4744 2500 4744 2543 4743 2544 4745 2500 4744 2544 4745 2499 4746 2499 4746 2544 4745 2545 4747 2499 4746 2545 4747 2498 4748 2498 4748 2545 4747 2546 4749 2498 4748 2546 4749 2497 4750 2497 4750 2546 4749 2547 4751 2497 4750 2547 4751 2496 4752 2496 4752 2547 4751 2548 4753 2496 4752 2548 4753 2495 4754 2495 4754 2548 4753 2549 4755 2495 4754 2549 4755 2494 4756 2494 4756 2549 4755 2550 4757 2494 4756 2550 4757 2493 4758 2493 4758 2550 4757 2551 4759 2493 4758 2551 4759 2492 4760 2492 4760 2551 4759 2552 4761 2492 4760 2552 4761 2491 4762 2491 4762 2552 4761 2553 4763 2491 4762 2553 4763 2490 4764 2490 4764 2553 4763 2554 4765 2490 4764 2554 4765 2489 4766 2489 4766 2554 4765 2555 4767 2489 4766 2555 4767 2488 4768 2488 4768 2555 4767 2556 4769 2488 4768 2556 4769 2487 4770 2487 4770 2556 4769 2557 4771 2487 4770 2557 4771 2486 4772 2486 4772 2557 4771 2558 4773 2486 4772 2558 4773 2485 4774 2485 4774 2558 4773 2559 4775 2485 4774 2559 4775 2484 4698 2484 4698 2559 4775 2560 4699 2483 4776 2521 4777 2484 4778 2484 4778 2521 4777 2520 4779 2484 4778 2520 4779 2485 4780 2485 4780 2520 4779 2519 4781 2485 4780 2519 4781 2486 4782 2486 4782 2519 4781 2518 4783 2486 4782 2518 4783 2517 4784 2517 4784 2516 4785 2486 4782 2486 4782 2516 4785 2515 4786 2486 4782 2515 4786 2514 4787 2514 4787 2513 4788 2486 4782 2486 4782 2513 4788 2512 4789 2486 4782 2512 4789 2511 4790 2511 4790 2510 4791 2486 4782 2486 4782 2510 4791 2509 4792 2486 4782 2509 4792 2487 4793 2487 4793 2509 4792 2508 4794 2487 4793 2508 4794 2507 4795 2507 4795 2506 4796 2487 4793 2487 4793 2506 4796 2505 4797 2487 4793 2505 4797 2504 4798 2504 4798 2503 4799 2487 4793 2487 4793 2503 4799 2502 4800 2487 4793 2502 4800 2501 4801 2501 4801 2500 4802 2487 4793 2487 4793 2500 4802 2499 4803 2487 4793 2499 4803 2498 4804 2487 4793 2498 4804 2488 4805 2488 4805 2498 4804 2497 4806 2488 4805 2497 4806 2489 4807 2489 4807 2497 4806 2496 4808 2489 4807 2496 4808 2490 4809 2490 4809 2496 4808 2495 4810 2490 4809 2495 4810 2491 4811 2491 4811 2495 4810 2494 4812 2491 4811 2494 4812 2492 4813 2492 4813 2494 4812 2493 4814 2562 4815 2642 4816 2561 4817 2561 4817 2642 4816 2602 4818 2561 4817 2602 4818 2601 4819 2601 4819 2602 4818 2603 4820 2601 4819 2603 4820 2600 4821 2600 4821 2603 4820 2604 4822 2600 4821 2604 4822 2599 4823 2599 4823 2604 4822 2605 4824 2599 4823 2605 4824 2598 4825 2598 4825 2605 4824 2606 4826 2598 4825 2606 4826 2597 4827 2597 4827 2606 4826 2607 4828 2597 4827 2607 4828 2596 4829 2596 4829 2607 4828 2608 4830 2596 4829 2608 4830 2595 4831 2595 4831 2608 4830 2609 4832 2595 4831 2609 4832 2594 4833 2594 4833 2609 4832 2610 4834 2594 4833 2610 4834 2593 4835 2593 4835 2610 4834 2611 4836 2593 4835 2611 4836 2592 4837 2592 4837 2611 4836 2612 4838 2592 4837 2612 4838 2591 4839 2591 4839 2612 4838 2613 4840 2591 4839 2613 4840 2590 4841 2590 4841 2613 4840 2614 4842 2590 4841 2614 4842 2589 4843 2589 4843 2614 4842 2615 4844 2589 4843 2615 4844 2588 4845 2588 4845 2615 4844 2616 4846 2588 4845 2616 4846 2587 4847 2587 4847 2616 4846 2617 4848 2587 4847 2617 4848 2586 4849 2586 4849 2617 4848 2618 4850 2586 4849 2618 4850 2585 4851 2585 4851 2618 4850 2619 4852 2585 4851 2619 4852 2584 4853 2584 4853 2619 4852 2620 4854 2584 4853 2620 4854 2583 4855 2583 4855 2620 4854 2621 4856 2583 4855 2621 4856 2582 4857 2582 4857 2621 4856 2622 4858 2582 4857 2622 4858 2581 4859 2581 4859 2622 4858 2623 4860 2581 4859 2623 4860 2580 4861 2580 4861 2623 4860 2624 4862 2580 4861 2624 4862 2579 4863 2579 4863 2624 4862 2625 4864 2579 4863 2625 4864 2578 4865 2578 4865 2625 4864 2626 4866 2578 4865 2626 4866 2577 4867 2577 4867 2626 4866 2627 4868 2577 4867 2627 4868 2576 4869 2576 4869 2627 4868 2628 4870 2576 4869 2628 4870 2575 4871 2575 4871 2628 4870 2629 4872 2575 4871 2629 4872 2574 4873 2574 4873 2629 4872 2630 4874 2574 4873 2630 4874 2573 4875 2573 4875 2630 4874 2631 4876 2573 4875 2631 4876 2572 4877 2572 4877 2631 4876 2632 4878 2572 4877 2632 4878 2571 4879 2571 4879 2632 4878 2633 4880 2571 4879 2633 4880 2570 4881 2570 4881 2633 4880 2634 4882 2570 4881 2634 4882 2569 4883 2569 4883 2634 4882 2635 4884 2569 4883 2635 4884 2568 4885 2568 4885 2635 4884 2636 4886 2568 4885 2636 4886 2567 4887 2567 4887 2636 4886 2637 4888 2567 4887 2637 4888 2566 4889 2566 4889 2637 4888 2638 4890 2566 4889 2638 4890 2565 4891 2565 4891 2638 4890 2639 4892 2565 4891 2639 4892 2564 4893 2564 4893 2639 4892 2640 4894 2564 4893 2640 4894 2563 4895 2563 4895 2640 4894 2641 4896 2563 4895 2641 4896 2562 4815 2562 4815 2641 4896 2642 4816 2560 4897 2562 4898 2522 4899 2522 4899 2562 4898 2561 4900 2522 4899 2561 4900 2601 4901 2562 4898 2560 4897 2563 4902 2563 4902 2560 4897 2559 4903 2563 4902 2559 4903 2564 4904 2564 4904 2559 4903 2558 4905 2564 4904 2558 4905 2565 4906 2565 4906 2558 4905 2557 4907 2565 4906 2557 4907 2566 4908 2566 4908 2557 4907 2556 4909 2566 4908 2556 4909 2567 4910 2567 4910 2556 4909 2555 4911 2567 4910 2555 4911 2568 4912 2568 4912 2555 4911 2554 4913 2568 4912 2554 4913 2569 4914 2569 4914 2554 4913 2553 4915 2569 4914 2553 4915 2570 4916 2570 4916 2553 4915 2552 4917 2570 4916 2552 4917 2571 4918 2571 4918 2552 4917 2551 4919 2571 4918 2551 4919 2572 4920 2572 4920 2551 4919 2550 4921 2572 4920 2550 4921 2573 4922 2573 4922 2550 4921 2549 4923 2573 4922 2549 4923 2574 4924 2574 4924 2549 4923 2548 4925 2574 4924 2548 4925 2575 4926 2575 4926 2548 4925 2547 4927 2575 4926 2547 4927 2576 4928 2576 4928 2547 4927 2546 4929 2576 4928 2546 4929 2577 4930 2577 4930 2546 4929 2545 4931 2577 4930 2545 4931 2578 4932 2578 4932 2545 4931 2544 4933 2578 4932 2544 4933 2579 4934 2579 4934 2544 4933 2543 4935 2579 4934 2543 4935 2580 4936 2580 4936 2543 4935 2542 4937 2580 4936 2542 4937 2581 4938 2581 4938 2542 4937 2541 4939 2581 4938 2541 4939 2582 4940 2582 4940 2541 4939 2583 4941 2583 4941 2541 4939 2540 4942 2583 4941 2540 4942 2584 4943 2584 4943 2540 4942 2539 4944 2584 4943 2539 4944 2585 4945 2585 4945 2539 4944 2538 4946 2585 4945 2538 4946 2586 4947 2586 4947 2538 4946 2537 4948 2586 4947 2537 4948 2587 4949 2587 4949 2537 4948 2536 4950 2587 4949 2536 4950 2588 4951 2588 4951 2536 4950 2535 4952 2588 4951 2535 4952 2589 4953 2589 4953 2535 4952 2534 4954 2589 4953 2534 4954 2590 4955 2590 4955 2534 4954 2533 4956 2590 4955 2533 4956 2591 4957 2591 4957 2533 4956 2532 4958 2591 4957 2532 4958 2592 4959 2592 4959 2532 4958 2531 4960 2592 4959 2531 4960 2593 4961 2593 4961 2531 4960 2530 4962 2593 4961 2530 4962 2594 4963 2594 4963 2530 4962 2529 4964 2594 4963 2529 4964 2595 4965 2595 4965 2529 4964 2528 4966 2595 4965 2528 4966 2596 4967 2596 4967 2528 4966 2527 4968 2596 4967 2527 4968 2597 4969 2597 4969 2527 4968 2526 4970 2597 4969 2526 4970 2598 4971 2598 4971 2526 4970 2525 4972 2598 4971 2525 4972 2599 4973 2599 4973 2525 4972 2524 4974 2599 4973 2524 4974 2600 4975 2600 4975 2524 4974 2523 4976 2600 4975 2523 4976 2601 4901 2601 4901 2523 4976 2522 4899 2644 4977 2690 4978 2643 4979 2643 4979 2690 4978 2667 4980 2643 4979 2667 4980 2668 4981 2690 4978 2644 4977 2689 4982 2689 4982 2644 4977 2645 4983 2689 4982 2645 4983 2688 4984 2688 4984 2645 4983 2646 4985 2688 4984 2646 4985 2687 4986 2687 4986 2646 4985 2647 4987 2687 4986 2647 4987 2686 4988 2686 4988 2647 4987 2648 4989 2686 4988 2648 4989 2685 4990 2685 4990 2648 4989 2649 4991 2685 4990 2649 4991 2650 4992 2685 4990 2650 4992 2684 4993 2684 4993 2650 4992 2651 4994 2684 4993 2651 4994 2683 4995 2683 4995 2651 4994 2652 4996 2683 4995 2652 4996 2682 4997 2682 4997 2652 4996 2653 4998 2682 4997 2653 4998 2681 4999 2681 4999 2653 4998 2654 5000 2681 4999 2654 5000 2680 5001 2680 5001 2654 5000 2679 5002 2679 5002 2654 5000 2655 5003 2679 5002 2655 5003 2678 5004 2678 5004 2655 5003 2656 5005 2678 5004 2656 5005 2677 5006 2677 5006 2656 5005 2657 5007 2677 5006 2657 5007 2676 5008 2676 5008 2657 5007 2658 5009 2676 5008 2658 5009 2675 5010 2675 5010 2658 5009 2659 5011 2675 5010 2659 5011 2674 5012 2674 5012 2659 5011 2660 5013 2674 5012 2660 5013 2673 5014 2673 5014 2660 5013 2661 5015 2673 5014 2661 5015 2662 5016 2673 5014 2662 5016 2672 5017 2672 5017 2662 5016 2663 5018 2672 5017 2663 5018 2671 5019 2671 5019 2663 5018 2664 5020 2671 5019 2664 5020 2670 5021 2670 5021 2664 5020 2665 5022 2670 5021 2665 5022 2669 5023 2669 5023 2665 5022 2666 5024 2669 5023 2666 5024 2668 4981 2668 4981 2666 5024 2643 4979 2338 5025 2644 5026 2315 5027 2315 5027 2644 5026 2643 5028 2315 5027 2643 5028 2316 5029 2316 5029 2643 5028 2666 5030 2316 5029 2666 5030 2317 5031 2317 5031 2666 5030 2665 5032 2317 5031 2665 5032 2318 5033 2318 5033 2665 5032 2664 5034 2318 5033 2664 5034 2319 5035 2319 5035 2664 5034 2663 5036 2319 5035 2663 5036 2320 5037 2320 5037 2663 5036 2662 5038 2320 5037 2662 5038 2321 5039 2321 5039 2662 5038 2661 5040 2321 5039 2661 5040 2322 5041 2322 5041 2661 5040 2660 5042 2322 5041 2660 5042 2323 5043 2323 5043 2660 5042 2659 5044 2323 5043 2659 5044 2324 5045 2324 5045 2659 5044 2658 5046 2324 5045 2658 5046 2325 5047 2325 5047 2658 5046 2657 5048 2325 5047 2657 5048 2326 5049 2326 5049 2657 5048 2656 5050 2326 5049 2656 5050 2327 5051 2327 5051 2656 5050 2655 5052 2327 5051 2655 5052 2328 5053 2328 5053 2655 5052 2654 5054 2328 5053 2654 5054 2329 5055 2329 5055 2654 5054 2653 5056 2329 5055 2653 5056 2330 5057 2330 5057 2653 5056 2652 5058 2330 5057 2652 5058 2331 5059 2331 5059 2652 5058 2651 5060 2331 5059 2651 5060 2332 5061 2332 5061 2651 5060 2650 5062 2332 5061 2650 5062 2333 5063 2333 5063 2650 5062 2649 5064 2333 5063 2649 5064 2334 5065 2334 5065 2649 5064 2648 5066 2334 5065 2648 5066 2335 5067 2335 5067 2648 5066 2647 5068 2335 5067 2647 5068 2336 5069 2336 5069 2647 5068 2646 5070 2336 5069 2646 5070 2337 5071 2337 5071 2646 5070 2645 5072 2337 5071 2645 5072 2338 5025 2338 5025 2645 5072 2644 5026 2692 5073 2693 5074 2691 5075 2691 5075 2693 5074 2700 5076 2700 5076 2693 5074 2699 5077 2699 5077 2693 5074 2694 5078 2699 5077 2694 5078 2698 5079 2698 5079 2694 5078 2695 5080 2698 5079 2695 5080 2697 5081 2697 5081 2695 5080 2696 5082 2692 5083 2691 5084 2702 5085 2702 5085 2691 5084 2701 5086 2690 5087 2709 5088 2667 5089 2667 5089 2709 5088 2710 5090 2667 5089 2710 5090 2711 5091 2709 5088 2690 5087 2708 5092 2708 5092 2690 5087 2689 5093 2708 5092 2689 5093 2707 5094 2707 5094 2689 5093 2688 5095 2707 5094 2688 5095 2706 5096 2706 5096 2688 5095 2687 5097 2706 5096 2687 5097 2705 5098 2705 5098 2687 5097 2686 5099 2705 5098 2686 5099 2704 5100 2704 5100 2686 5099 2685 5101 2704 5100 2685 5101 2703 5102 2703 5102 2685 5101 2684 5103 2703 5102 2684 5103 2702 5104 2702 5104 2684 5103 2692 5105 2692 5105 2684 5103 2683 5106 2692 5105 2683 5106 2693 5107 2693 5107 2683 5106 2682 5108 2693 5107 2682 5108 2694 5109 2694 5109 2682 5108 2681 5110 2694 5109 2681 5110 2695 5111 2695 5111 2681 5110 2680 5112 2695 5111 2680 5112 2696 5113 2696 5113 2680 5112 2679 5114 2696 5113 2679 5114 2697 5115 2697 5115 2679 5114 2678 5116 2697 5115 2678 5116 2698 5117 2698 5117 2678 5116 2677 5118 2698 5117 2677 5118 2699 5119 2699 5119 2677 5118 2676 5120 2699 5119 2676 5120 2700 5121 2700 5121 2676 5120 2675 5122 2700 5121 2675 5122 2691 5123 2691 5123 2675 5122 2674 5124 2691 5123 2674 5124 2701 5125 2701 5125 2674 5124 2717 5126 2717 5126 2674 5124 2673 5127 2717 5126 2673 5127 2716 5128 2716 5128 2673 5127 2672 5129 2716 5128 2672 5129 2715 5130 2715 5130 2672 5129 2671 5131 2715 5130 2671 5131 2714 5132 2714 5132 2671 5131 2670 5133 2714 5132 2670 5133 2713 5134 2713 5134 2670 5133 2669 5135 2713 5134 2669 5135 2712 5136 2712 5136 2669 5135 2668 5137 2712 5136 2668 5137 2711 5091 2711 5091 2668 5137 2667 5089 2702 5138 2701 5139 2703 5140 2703 5140 2701 5139 2717 5141 2703 5140 2717 5141 2704 5142 2704 5142 2717 5141 2716 5143 2704 5142 2716 5143 2715 5144 2704 5142 2715 5144 2705 5145 2705 5145 2715 5144 2714 5146 2705 5145 2714 5146 2706 5147 2706 5147 2714 5146 2713 5148 2706 5147 2713 5148 2707 5149 2707 5149 2713 5148 2712 5150 2707 5149 2712 5150 2708 5151 2708 5151 2712 5150 2711 5152 2708 5151 2711 5152 2709 5153 2709 5153 2711 5152 2710 5154 2718 5155 2730 5156 1504 5157 1504 5157 2730 5156 2731 5158 1504 5157 2731 5158 2732 5159 2732 5159 2731 5158 2736 5160 2732 5159 2736 5160 2737 5161 2737 5161 2736 5160 2741 5162 2737 5161 2741 5162 2727 5163 2727 5163 2741 5162 2726 5164 2726 5164 2741 5162 2745 5165 2726 5164 2745 5165 2725 5166 2725 5166 2745 5165 2749 5167 2725 5166 2749 5167 2724 5168 2724 5168 2749 5167 2748 5169 2724 5168 2748 5169 2747 5170 2747 5170 2748 5169 2743 5171 2747 5170 2743 5171 2742 5172 2742 5172 2743 5171 2738 5173 2742 5172 2738 5173 2720 5174 2720 5174 2738 5173 2719 5175 2719 5175 2738 5173 2734 5176 2719 5175 2734 5176 2718 5155 2718 5155 2734 5176 2730 5156 2720 5174 2721 5177 2742 5172 2742 5172 2721 5177 2746 5178 2742 5172 2746 5178 2747 5170 2747 5170 2746 5178 2723 5179 2747 5170 2723 5179 2724 5168 2721 5177 2722 5180 2746 5178 2746 5178 2722 5180 2723 5179 2727 5163 2728 5181 2737 5161 2737 5161 2728 5181 2733 5182 2737 5161 2733 5182 2732 5159 2732 5159 2733 5182 1505 5183 2732 5159 1505 5183 1504 5157 2728 5181 2729 5184 2733 5182 2733 5182 2729 5184 1505 5183 2731 5158 2730 5156 2735 5185 2735 5185 2730 5156 2734 5176 2735 5185 2734 5176 2739 5186 2739 5186 2734 5176 2738 5173 2739 5186 2738 5173 2743 5171 2731 5158 2735 5185 2736 5160 2736 5160 2735 5185 2740 5187 2736 5160 2740 5187 2741 5162 2741 5162 2740 5187 2745 5165 2740 5187 2735 5185 2739 5186 2740 5187 2739 5186 2744 5188 2744 5188 2739 5186 2743 5171 2744 5188 2743 5171 2748 5169 2749 5167 2745 5165 2744 5188 2744 5188 2745 5165 2740 5187 2749 5167 2744 5188 2748 5169 2753 5189 2723 5190 2751 5191 2751 5191 2723 5190 2722 5192 2751 5191 2722 5192 2721 5193 2721 5193 2720 5194 2751 5191 2751 5191 2720 5194 2719 5195 2751 5191 2719 5195 2718 5196 2718 5196 1504 5197 2751 5191 2751 5191 1504 5197 1507 5198 2751 5191 1507 5198 2750 5199 2751 5191 2752 5200 2753 5189 2723 5179 2880 5201 2724 5168 2724 5168 2880 5201 2881 5202 2724 5168 2881 5202 2882 5203 2753 5204 2853 5205 2723 5179 2723 5179 2853 5205 2854 5206 2723 5179 2854 5206 2855 5207 2754 5208 2871 5209 2753 5204 2753 5204 2871 5209 2872 5210 2753 5204 2872 5210 2873 5211 2871 5209 2754 5208 2870 5212 2870 5212 2754 5208 2755 5213 2870 5212 2755 5213 2869 5214 2869 5214 2755 5213 2868 5215 2868 5215 2755 5213 2756 5216 2868 5215 2756 5216 2867 5217 2867 5217 2756 5216 2902 5218 2867 5217 2902 5218 2850 5219 2850 5219 2902 5218 2903 5220 2850 5219 2903 5220 2849 5221 2849 5221 2903 5220 2904 5222 2849 5221 2904 5222 2905 5223 2756 5216 2757 5224 2902 5218 2902 5218 2757 5224 2901 5225 2901 5225 2757 5224 2758 5226 2901 5225 2758 5226 2900 5227 2900 5227 2758 5226 2899 5228 2899 5228 2758 5226 2759 5229 2899 5228 2759 5229 2922 5230 2922 5230 2759 5229 2921 5231 2921 5231 2759 5229 2760 5232 2921 5231 2760 5232 2920 5233 2920 5233 2760 5232 2919 5234 2919 5234 2760 5232 2918 5235 2918 5235 2760 5232 2761 5236 2918 5235 2761 5236 2917 5237 2917 5237 2761 5236 2916 5238 2916 5238 2761 5236 2915 5239 2915 5239 2761 5236 2762 5240 2915 5239 2762 5240 2914 5241 2914 5241 2762 5240 2913 5242 2913 5242 2762 5240 2845 5243 2913 5242 2845 5243 2912 5244 2912 5244 2845 5243 2846 5245 2912 5244 2846 5245 2911 5246 2911 5246 2846 5245 2910 5247 2910 5247 2846 5245 2847 5248 2910 5247 2847 5248 2909 5249 2909 5249 2847 5248 2908 5250 2908 5250 2847 5248 2848 5251 2908 5250 2848 5251 2907 5252 2907 5252 2848 5251 2906 5253 2906 5253 2848 5251 2905 5223 2905 5223 2848 5251 2849 5221 2762 5240 2763 5254 2845 5243 2845 5243 2763 5254 2844 5255 2844 5255 2763 5254 2764 5256 2844 5255 2764 5256 2843 5257 2843 5257 2764 5256 2842 5258 2842 5258 2764 5256 2765 5259 2842 5258 2765 5259 2821 5260 2821 5260 2765 5259 2820 5261 2820 5261 2765 5259 2819 5262 2819 5262 2765 5259 2766 5263 2819 5262 2766 5263 2818 5264 2818 5264 2766 5263 2817 5265 2817 5265 2766 5263 2816 5266 2816 5266 2766 5263 2767 5267 2816 5266 2767 5267 2815 5268 2815 5268 2767 5267 2814 5269 2814 5269 2767 5267 2813 5270 2813 5270 2767 5267 2768 5271 2813 5270 2768 5271 2812 5272 2812 5272 2768 5271 2811 5273 2811 5273 2768 5271 2769 5274 2811 5273 2769 5274 2810 5275 2810 5275 2769 5274 2809 5276 2809 5276 2769 5274 2770 5277 2809 5276 2770 5277 2808 5278 2808 5278 2770 5277 2771 5279 2808 5278 2771 5279 2795 5280 2795 5280 2771 5279 2794 5281 2794 5281 2771 5279 2772 5282 2794 5281 2772 5282 2793 5283 2793 5283 2772 5282 2792 5284 2792 5284 2772 5282 2773 5285 2792 5284 2773 5285 2791 5286 2791 5286 2773 5285 2774 5287 2791 5286 2774 5287 2790 5288 2790 5288 2774 5287 2789 5289 2789 5289 2774 5287 2788 5290 2788 5290 2774 5287 2787 5291 2787 5291 2774 5287 2786 5292 2786 5292 2774 5287 2785 5293 2785 5293 2774 5287 2724 5168 2785 5293 2724 5168 2784 5294 2784 5294 2724 5168 2783 5295 2783 5295 2724 5168 2887 5296 2783 5295 2887 5296 2782 5297 2782 5297 2887 5296 2888 5298 2782 5297 2888 5298 2781 5299 2781 5299 2888 5298 2889 5300 2781 5299 2889 5300 2780 5301 2780 5301 2889 5300 2890 5302 2780 5301 2890 5302 2779 5303 2779 5303 2890 5302 2836 5304 2779 5303 2836 5304 2778 5305 2778 5305 2836 5304 2777 5306 2777 5306 2836 5304 2776 5307 2776 5307 2836 5304 2775 5308 2775 5308 2836 5304 2837 5309 2775 5308 2837 5309 2798 5310 2798 5310 2837 5309 2797 5311 2797 5311 2837 5309 2796 5312 2796 5312 2837 5309 2795 5280 2795 5280 2837 5309 2808 5278 2822 5313 2799 5314 2841 5315 2841 5315 2799 5314 2800 5316 2841 5315 2800 5316 2840 5317 2840 5317 2800 5316 2801 5318 2840 5317 2801 5318 2802 5319 2840 5317 2802 5319 2839 5320 2839 5320 2802 5319 2803 5321 2839 5320 2803 5321 2804 5322 2804 5322 2805 5323 2839 5320 2839 5320 2805 5323 2838 5324 2838 5324 2805 5323 2806 5325 2838 5324 2806 5325 2807 5326 2838 5324 2807 5326 2837 5309 2837 5309 2807 5326 2808 5278 2821 5260 2822 5313 2842 5258 2842 5258 2822 5313 2841 5315 2824 5327 2943 5328 2823 5329 2823 5329 2943 5328 2944 5330 2823 5329 2944 5330 2859 5331 2859 5331 2944 5330 2858 5332 2858 5332 2944 5330 2945 5333 2858 5332 2945 5333 2857 5334 2857 5334 2945 5333 2946 5335 2857 5334 2946 5335 2856 5336 2856 5336 2946 5335 2923 5337 2856 5336 2923 5337 2855 5207 2855 5207 2923 5337 2723 5179 2825 5338 2941 5339 2824 5327 2824 5327 2941 5339 2942 5340 2824 5327 2942 5340 2943 5328 2826 5341 2938 5342 2825 5338 2825 5338 2938 5342 2939 5343 2825 5338 2939 5343 2940 5344 2827 5345 2936 5346 2826 5341 2826 5341 2936 5346 2937 5347 2826 5341 2937 5347 2938 5342 2828 5348 2934 5349 2827 5345 2827 5345 2934 5349 2935 5350 2827 5345 2935 5350 2936 5346 2829 5351 2932 5352 2828 5348 2828 5348 2932 5352 2933 5353 2828 5348 2933 5353 2934 5349 2830 5354 2879 5355 2829 5351 2829 5351 2879 5355 2931 5356 2829 5351 2931 5356 2932 5352 2879 5355 2830 5354 2878 5357 2878 5357 2830 5354 2831 5358 2878 5357 2831 5358 2877 5359 2877 5359 2831 5358 2876 5360 2876 5360 2831 5358 2832 5361 2876 5360 2832 5361 2875 5362 2875 5362 2832 5361 2898 5363 2898 5363 2832 5361 2833 5364 2898 5363 2833 5364 2897 5365 2897 5365 2833 5364 2896 5366 2896 5366 2833 5364 2834 5367 2896 5366 2834 5367 2895 5368 2895 5368 2834 5367 2894 5369 2894 5369 2834 5367 2893 5370 2893 5370 2834 5367 2835 5371 2893 5370 2835 5371 2892 5372 2892 5372 2835 5371 2891 5373 2891 5373 2835 5371 2836 5304 2891 5373 2836 5304 2890 5302 2823 5329 2863 5374 2850 5219 2850 5219 2863 5374 2864 5375 2850 5219 2864 5375 2865 5376 2874 5377 2851 5378 2753 5204 2753 5204 2851 5378 2852 5379 2753 5204 2852 5379 2853 5205 2859 5331 2860 5380 2823 5329 2823 5329 2860 5380 2861 5381 2823 5329 2861 5381 2862 5382 2862 5382 2863 5374 2823 5329 2865 5376 2866 5383 2850 5219 2850 5219 2866 5383 2867 5217 2873 5211 2874 5377 2753 5204 2931 5356 2879 5355 2930 5384 2930 5384 2879 5355 2880 5201 2930 5384 2880 5201 2723 5179 2882 5203 2883 5385 2724 5168 2724 5168 2883 5385 2884 5386 2724 5168 2884 5386 2885 5387 2885 5387 2886 5388 2724 5168 2724 5168 2886 5388 2887 5296 2923 5337 2924 5389 2723 5179 2723 5179 2924 5389 2925 5390 2723 5179 2925 5390 2926 5391 2926 5391 2927 5392 2723 5179 2723 5179 2927 5392 2928 5393 2723 5179 2928 5393 2929 5394 2929 5394 2930 5384 2723 5179 2940 5344 2941 5339 2825 5338 2482 5395 2936 5396 2459 5397 2459 5397 2936 5396 2935 5398 2459 5397 2935 5398 2460 5399 2460 5399 2935 5398 2934 5400 2460 5399 2934 5400 2461 5401 2461 5401 2934 5400 2933 5402 2461 5401 2933 5402 2462 5403 2462 5403 2933 5402 2932 5404 2462 5403 2932 5404 2463 5405 2463 5405 2932 5404 2931 5406 2463 5405 2931 5406 2464 5407 2464 5407 2931 5406 2930 5408 2464 5407 2930 5408 2465 5409 2465 5409 2930 5408 2929 5410 2465 5409 2929 5410 2466 5411 2466 5411 2929 5410 2928 5412 2466 5411 2928 5412 2467 5413 2467 5413 2928 5412 2927 5414 2467 5413 2927 5414 2468 5415 2468 5415 2927 5414 2926 5416 2468 5415 2926 5416 2469 5417 2469 5417 2926 5416 2925 5418 2469 5417 2925 5418 2470 5419 2470 5419 2925 5418 2924 5420 2470 5419 2924 5420 2471 5421 2471 5421 2924 5420 2923 5422 2471 5421 2923 5422 2472 5423 2472 5423 2923 5422 2946 5424 2472 5423 2946 5424 2473 5425 2473 5425 2946 5424 2945 5426 2473 5425 2945 5426 2474 5427 2474 5427 2945 5426 2944 5428 2474 5427 2944 5428 2475 5429 2475 5429 2944 5428 2943 5430 2475 5429 2943 5430 2476 5431 2476 5431 2943 5430 2942 5432 2476 5431 2942 5432 2477 5433 2477 5433 2942 5432 2941 5434 2477 5433 2941 5434 2478 5435 2478 5435 2941 5434 2940 5436 2478 5435 2940 5436 2479 5437 2479 5437 2940 5436 2939 5438 2479 5437 2939 5438 2480 5439 2480 5439 2939 5438 2938 5440 2480 5439 2938 5440 2481 5441 2481 5441 2938 5440 2937 5442 2481 5441 2937 5442 2482 5395 2482 5395 2937 5442 2936 5396 2458 5443 2912 5444 2435 5445 2435 5445 2912 5444 2911 5446 2435 5445 2911 5446 2436 5447 2436 5447 2911 5446 2910 5448 2436 5447 2910 5448 2437 5449 2437 5449 2910 5448 2909 5450 2437 5449 2909 5450 2438 5451 2438 5451 2909 5450 2908 5452 2438 5451 2908 5452 2439 5453 2439 5453 2908 5452 2907 5454 2439 5453 2907 5454 2440 5455 2440 5455 2907 5454 2906 5456 2440 5455 2906 5456 2441 5457 2441 5457 2906 5456 2905 5458 2441 5457 2905 5458 2442 5459 2442 5459 2905 5458 2904 5460 2442 5459 2904 5460 2443 5461 2443 5461 2904 5460 2903 5462 2443 5461 2903 5462 2444 5463 2444 5463 2903 5462 2902 5464 2444 5463 2902 5464 2445 5465 2445 5465 2902 5464 2901 5466 2445 5465 2901 5466 2446 5467 2446 5467 2901 5466 2900 5468 2446 5467 2900 5468 2447 5469 2447 5469 2900 5468 2899 5470 2447 5469 2899 5470 2448 5471 2448 5471 2899 5470 2922 5472 2448 5471 2922 5472 2449 5473 2449 5473 2922 5472 2921 5474 2449 5473 2921 5474 2450 5475 2450 5475 2921 5474 2920 5476 2450 5475 2920 5476 2451 5477 2451 5477 2920 5476 2919 5478 2451 5477 2919 5478 2452 5479 2452 5479 2919 5478 2918 5480 2452 5479 2918 5480 2453 5481 2453 5481 2918 5480 2917 5482 2453 5481 2917 5482 2454 5483 2454 5483 2917 5482 2916 5484 2454 5483 2916 5484 2455 5485 2455 5485 2916 5484 2915 5486 2455 5485 2915 5486 2456 5487 2456 5487 2915 5486 2914 5488 2456 5487 2914 5488 2457 5489 2457 5489 2914 5488 2913 5490 2457 5489 2913 5490 2458 5443 2458 5443 2913 5490 2912 5444 2410 5491 2888 5492 2387 5493 2387 5493 2888 5492 2887 5494 2387 5493 2887 5494 2388 5495 2388 5495 2887 5494 2886 5496 2388 5495 2886 5496 2389 5497 2389 5497 2886 5496 2885 5498 2389 5497 2885 5498 2390 5499 2390 5499 2885 5498 2884 5500 2390 5499 2884 5500 2391 5501 2391 5501 2884 5500 2883 5502 2391 5501 2883 5502 2392 5503 2392 5503 2883 5502 2882 5504 2392 5503 2882 5504 2393 5505 2393 5505 2882 5504 2881 5506 2393 5505 2881 5506 2394 5507 2394 5507 2881 5506 2880 5508 2394 5507 2880 5508 2395 5509 2395 5509 2880 5508 2879 5510 2395 5509 2879 5510 2396 5511 2396 5511 2879 5510 2878 5512 2396 5511 2878 5512 2397 5513 2397 5513 2878 5512 2877 5514 2397 5513 2877 5514 2398 5515 2398 5515 2877 5514 2876 5516 2398 5515 2876 5516 2399 5517 2399 5517 2876 5516 2875 5518 2399 5517 2875 5518 2400 5519 2400 5519 2875 5518 2898 5520 2400 5519 2898 5520 2401 5521 2401 5521 2898 5520 2897 5522 2401 5521 2897 5522 2402 5523 2402 5523 2897 5522 2896 5524 2402 5523 2896 5524 2403 5525 2403 5525 2896 5524 2895 5526 2403 5525 2895 5526 2404 5527 2404 5527 2895 5526 2894 5528 2404 5527 2894 5528 2405 5529 2405 5529 2894 5528 2893 5530 2405 5529 2893 5530 2406 5531 2406 5531 2893 5530 2892 5532 2406 5531 2892 5532 2407 5533 2407 5533 2892 5532 2891 5534 2407 5533 2891 5534 2408 5535 2408 5535 2891 5534 2890 5536 2408 5535 2890 5536 2409 5537 2409 5537 2890 5536 2889 5538 2409 5537 2889 5538 2410 5491 2410 5491 2889 5538 2888 5492 2386 5539 2864 5540 2363 5541 2363 5541 2864 5540 2863 5542 2363 5541 2863 5542 2364 5543 2364 5543 2863 5542 2862 5544 2364 5543 2862 5544 2365 5545 2365 5545 2862 5544 2861 5546 2365 5545 2861 5546 2366 5547 2366 5547 2861 5546 2860 5548 2366 5547 2860 5548 2367 5549 2367 5549 2860 5548 2859 5550 2367 5549 2859 5550 2368 5551 2368 5551 2859 5550 2858 5552 2368 5551 2858 5552 2369 5553 2369 5553 2858 5552 2857 5554 2369 5553 2857 5554 2370 5555 2370 5555 2857 5554 2856 5556 2370 5555 2856 5556 2371 5557 2371 5557 2856 5556 2855 5558 2371 5557 2855 5558 2372 5559 2372 5559 2855 5558 2854 5560 2372 5559 2854 5560 2373 5561 2373 5561 2854 5560 2853 5562 2373 5561 2853 5562 2374 5563 2374 5563 2853 5562 2852 5564 2374 5563 2852 5564 2375 5565 2375 5565 2852 5564 2851 5566 2375 5565 2851 5566 2376 5567 2376 5567 2851 5566 2874 5568 2376 5567 2874 5568 2377 5569 2377 5569 2874 5568 2873 5570 2377 5569 2873 5570 2378 5571 2378 5571 2873 5570 2872 5572 2378 5571 2872 5572 2379 5573 2379 5573 2872 5572 2871 5574 2379 5573 2871 5574 2380 5575 2380 5575 2871 5574 2870 5576 2380 5575 2870 5576 2381 5577 2381 5577 2870 5576 2869 5578 2381 5577 2869 5578 2382 5579 2382 5579 2869 5578 2868 5580 2382 5579 2868 5580 2383 5581 2383 5581 2868 5580 2867 5582 2383 5581 2867 5582 2384 5583 2384 5583 2867 5582 2866 5584 2384 5583 2866 5584 2385 5585 2385 5585 2866 5584 2865 5586 2385 5585 2865 5586 2386 5539 2386 5539 2865 5586 2864 5540 2823 5587 2850 5588 2287 5589 2287 5589 2850 5588 2288 5590 2288 5590 2850 5588 2289 5591 2289 5591 2850 5588 2849 5592 2289 5591 2849 5592 2848 5593 2289 5591 2848 5593 2290 5594 2290 5594 2848 5593 2847 5595 2290 5594 2847 5595 2291 5596 2291 5596 2847 5595 2846 5597 2291 5596 2846 5597 2292 5598 2292 5598 2846 5597 2845 5599 2292 5598 2845 5599 2293 5600 2293 5600 2845 5599 2844 5601 2293 5600 2844 5601 2294 5602 2294 5602 2844 5601 2843 5603 2294 5602 2843 5603 2295 5604 2295 5604 2843 5603 2842 5605 2295 5604 2842 5605 2296 5606 2296 5606 2842 5605 2841 5607 2296 5606 2841 5607 2297 5608 2297 5608 2841 5607 2840 5609 2297 5608 2840 5609 2298 5610 2298 5610 2840 5609 2839 5611 2298 5610 2839 5611 2299 5612 2299 5612 2839 5611 2838 5613 2299 5612 2838 5613 2300 5614 2300 5614 2838 5613 2301 5615 2301 5615 2838 5613 2837 5616 2837 5616 2836 5617 2301 5615 2301 5615 2836 5617 2302 5618 2302 5619 2836 5620 2303 5621 2303 5621 2836 5620 2835 5622 2303 5621 2835 5622 2834 5623 2303 5621 2834 5623 2304 5624 2304 5624 2834 5623 2833 5625 2304 5624 2833 5625 2305 5626 2305 5626 2833 5625 2832 5627 2305 5626 2832 5627 2306 5628 2306 5628 2832 5627 2831 5629 2306 5628 2831 5629 2307 5630 2307 5630 2831 5629 2830 5631 2307 5630 2830 5631 2308 5632 2308 5632 2830 5631 2829 5633 2308 5632 2829 5633 2309 5634 2309 5634 2829 5633 2828 5635 2309 5634 2828 5635 2310 5636 2310 5636 2828 5635 2827 5637 2310 5636 2827 5637 2311 5638 2311 5638 2827 5637 2826 5639 2311 5638 2826 5639 2312 5640 2312 5640 2826 5639 2825 5641 2312 5640 2825 5641 2313 5642 2313 5642 2825 5641 2824 5643 2313 5642 2824 5643 2314 5644 2314 5644 2824 5643 2287 5645 2287 5645 2824 5643 2823 5646 2434 5647 2812 5648 2411 5649 2411 5649 2812 5648 2811 5650 2411 5649 2811 5650 2412 5651 2412 5651 2811 5650 2810 5652 2412 5651 2810 5652 2413 5653 2413 5653 2810 5652 2809 5654 2413 5653 2809 5654 2414 5655 2414 5655 2809 5654 2808 5656 2414 5655 2808 5656 2415 5657 2415 5657 2808 5656 2807 5658 2415 5657 2807 5658 2416 5659 2416 5659 2807 5658 2806 5660 2416 5659 2806 5660 2417 5661 2417 5661 2806 5660 2805 5662 2417 5661 2805 5662 2418 5663 2418 5663 2805 5662 2804 5664 2418 5663 2804 5664 2419 5665 2419 5665 2804 5664 2803 5666 2419 5665 2803 5666 2420 5667 2420 5667 2803 5666 2802 5668 2420 5667 2802 5668 2421 5669 2421 5669 2802 5668 2801 5670 2421 5669 2801 5670 2422 5671 2422 5671 2801 5670 2800 5672 2422 5671 2800 5672 2423 5673 2423 5673 2800 5672 2799 5674 2423 5673 2799 5674 2424 5675 2424 5675 2799 5674 2822 5676 2424 5675 2822 5676 2425 5677 2425 5677 2822 5676 2821 5678 2425 5677 2821 5678 2426 5679 2426 5679 2821 5678 2820 5680 2426 5679 2820 5680 2427 5681 2427 5681 2820 5680 2819 5682 2427 5681 2819 5682 2428 5683 2428 5683 2819 5682 2818 5684 2428 5683 2818 5684 2429 5685 2429 5685 2818 5684 2817 5686 2429 5685 2817 5686 2430 5687 2430 5687 2817 5686 2816 5688 2430 5687 2816 5688 2431 5689 2431 5689 2816 5688 2815 5690 2431 5689 2815 5690 2432 5691 2432 5691 2815 5690 2814 5692 2432 5691 2814 5692 2433 5693 2433 5693 2814 5692 2813 5694 2433 5693 2813 5694 2434 5647 2434 5647 2813 5694 2812 5648 2362 5695 2788 5696 2339 5697 2339 5697 2788 5696 2787 5698 2339 5697 2787 5698 2340 5699 2340 5699 2787 5698 2786 5700 2340 5699 2786 5700 2341 5701 2341 5701 2786 5700 2785 5702 2341 5701 2785 5702 2342 5703 2342 5703 2785 5702 2784 5704 2342 5703 2784 5704 2343 5705 2343 5705 2784 5704 2783 5706 2343 5705 2783 5706 2344 5707 2344 5707 2783 5706 2782 5708 2344 5707 2782 5708 2345 5709 2345 5709 2782 5708 2781 5710 2345 5709 2781 5710 2346 5711 2346 5711 2781 5710 2780 5712 2346 5711 2780 5712 2347 5713 2347 5713 2780 5712 2779 5714 2347 5713 2779 5714 2348 5715 2348 5715 2779 5714 2778 5716 2348 5715 2778 5716 2349 5717 2349 5717 2778 5716 2777 5718 2349 5717 2777 5718 2350 5719 2350 5719 2777 5718 2776 5720 2350 5719 2776 5720 2351 5721 2351 5721 2776 5720 2775 5722 2351 5721 2775 5722 2352 5723 2352 5723 2775 5722 2798 5724 2352 5723 2798 5724 2353 5725 2353 5725 2798 5724 2797 5726 2353 5725 2797 5726 2354 5727 2354 5727 2797 5726 2796 5728 2354 5727 2796 5728 2355 5729 2355 5729 2796 5728 2795 5730 2355 5729 2795 5730 2356 5731 2356 5731 2795 5730 2794 5732 2356 5731 2794 5732 2357 5733 2357 5733 2794 5732 2793 5734 2357 5733 2793 5734 2358 5735 2358 5735 2793 5734 2792 5736 2358 5735 2792 5736 2359 5737 2359 5737 2792 5736 2791 5738 2359 5737 2791 5738 2360 5739 2360 5739 2791 5738 2790 5740 2360 5739 2790 5740 2361 5741 2361 5741 2790 5740 2789 5742 2361 5741 2789 5742 2362 5695 2362 5695 2789 5742 2788 5696 2957 5743 2774 5744 2956 5745 2956 5745 2774 5744 2773 5746 2956 5745 2773 5746 2955 5747 2955 5747 2773 5746 2772 5748 2955 5747 2772 5748 2954 5749 2954 5749 2772 5748 2771 5750 2954 5749 2771 5750 2953 5751 2953 5751 2771 5750 2770 5752 2953 5751 2770 5752 2952 5753 2952 5753 2770 5752 2769 5754 2952 5753 2769 5754 2951 5755 2951 5755 2769 5754 2768 5756 2951 5755 2768 5756 2950 5757 2950 5757 2768 5756 2767 5758 2950 5757 2767 5758 2949 5759 2949 5759 2767 5758 2766 5760 2949 5759 2766 5760 2948 5761 2948 5761 2766 5760 2765 5762 2948 5761 2765 5762 2947 5763 2947 5763 2765 5762 2764 5764 2764 5764 2763 5765 2947 5763 2947 5763 2763 5765 2958 5766 2958 5766 2763 5765 2967 5767 2967 5767 2763 5765 2762 5768 2967 5767 2762 5768 2966 5769 2966 5769 2762 5768 2761 5770 2966 5769 2761 5770 2965 5771 2965 5771 2761 5770 2760 5772 2965 5771 2760 5772 2964 5773 2964 5773 2760 5772 2759 5774 2964 5773 2759 5774 2963 5775 2963 5775 2759 5774 2758 5776 2963 5775 2758 5776 2962 5777 2962 5777 2758 5776 2757 5778 2962 5777 2757 5778 2961 5779 2961 5779 2757 5778 2756 5780 2961 5779 2756 5780 2960 5781 2960 5781 2756 5780 2755 5782 2960 5781 2755 5782 2959 5783 2959 5783 2755 5782 2754 5784 2959 5783 2754 5784 2752 5200 2752 5200 2754 5784 2753 5189 2957 5785 2621 5786 2968 5787 2968 5787 2621 5786 2620 5788 2968 5787 2620 5788 2619 5789 2956 5790 2624 5791 2957 5785 2957 5785 2624 5791 2623 5792 2957 5785 2623 5792 2622 5793 2624 5791 2956 5790 2625 5794 2625 5794 2956 5790 2955 5795 2625 5794 2955 5795 2954 5796 2625 5794 2954 5796 2626 5797 2626 5797 2954 5796 2953 5798 2626 5797 2953 5798 2627 5799 2627 5799 2953 5798 2952 5800 2627 5799 2952 5800 2628 5801 2628 5801 2952 5800 2951 5802 2628 5801 2951 5802 2629 5803 2629 5803 2951 5802 2950 5804 2629 5803 2950 5804 2630 5805 2630 5805 2950 5804 2949 5806 2630 5805 2949 5806 2631 5807 2631 5807 2949 5806 2948 5808 2631 5807 2948 5808 2947 5809 2958 5810 2633 5811 2947 5809 2947 5809 2633 5811 2632 5812 2947 5809 2632 5812 2631 5807 2633 5811 2958 5810 2634 5813 2634 5813 2958 5810 2967 5814 2634 5813 2967 5814 2635 5815 2635 5815 2967 5814 2966 5816 2635 5815 2966 5816 2636 5817 2636 5817 2966 5816 2965 5818 2636 5817 2965 5818 2637 5819 2637 5819 2965 5818 2964 5820 2637 5819 2964 5820 2638 5821 2638 5821 2964 5820 2963 5822 2638 5821 2963 5822 2962 5823 2638 5821 2962 5823 2639 5824 2639 5824 2962 5823 2961 5825 2639 5824 2961 5825 2640 5826 2640 5826 2961 5825 2960 5827 2640 5826 2960 5827 2641 5828 2641 5828 2960 5827 2959 5829 2641 5828 2959 5829 2642 5830 2642 5830 2959 5829 2752 5831 2642 5830 2752 5831 2602 5832 2602 5832 2752 5831 2603 5833 2603 5833 2752 5831 2751 5834 2603 5833 2751 5834 2604 5835 2604 5835 2751 5834 2605 5836 2605 5836 2751 5834 2606 5837 2606 5837 2751 5834 2607 5838 2607 5838 2751 5834 2608 5839 2608 5839 2751 5834 2609 5840 2609 5840 2751 5834 2610 5841 2610 5841 2751 5834 2611 5842 2611 5842 2751 5834 2612 5843 2612 5843 2751 5834 2968 5787 2612 5843 2968 5787 2613 5844 2613 5844 2968 5787 2614 5845 2614 5845 2968 5787 2615 5846 2615 5846 2968 5787 2616 5847 2616 5847 2968 5787 2617 5848 2617 5848 2968 5787 2618 5849 2618 5849 2968 5787 2619 5789 2622 5793 2621 5786 2957 5785 1379 5850 2992 5851 1356 5852 1356 5852 2992 5851 2969 5853 1356 5852 2969 5853 1357 5854 1357 5854 2969 5853 2970 5855 1357 5854 2970 5855 1358 5856 1358 5856 2970 5855 2971 5857 1358 5856 2971 5857 1359 5858 1359 5858 2971 5857 2972 5859 1359 5858 2972 5859 1360 5860 1360 5860 2972 5859 2973 5861 1360 5860 2973 5861 1361 5862 1361 5862 2973 5861 2974 5863 1361 5862 2974 5863 1362 5864 1362 5864 2974 5863 2975 5865 1362 5864 2975 5865 1363 5866 1363 5866 2975 5865 2976 5867 1363 5866 2976 5867 1364 5868 1364 5868 2976 5867 2977 5869 1364 5868 2977 5869 1365 5870 1365 5870 2977 5869 2978 5871 1365 5870 2978 5871 1366 5872 1366 5872 2978 5871 2979 5873 1366 5872 2979 5873 1367 5874 1367 5874 2979 5873 2980 5875 1367 5874 2980 5875 1368 5876 1368 5876 2980 5875 2981 5877 1368 5876 2981 5877 1369 5878 1369 5878 2981 5877 2982 5879 1369 5878 2982 5879 1370 5880 1370 5880 2982 5879 2983 5881 1370 5880 2983 5881 1371 5882 1371 5882 2983 5881 2984 5883 1371 5882 2984 5883 1372 5884 1372 5884 2984 5883 2985 5885 1372 5884 2985 5885 1373 5886 1373 5886 2985 5885 2986 5887 1373 5886 2986 5887 1374 5888 1374 5888 2986 5887 2987 5889 1374 5888 2987 5889 1375 5890 1375 5890 2987 5889 2988 5891 1375 5890 2988 5891 1376 5892 1376 5892 2988 5891 2989 5893 1376 5892 2989 5893 1377 5894 1377 5894 2989 5893 2990 5895 1377 5894 2990 5895 1378 5896 1378 5896 2990 5895 2991 5897 1378 5896 2991 5897 1379 5850 1379 5850 2991 5897 2992 5851 1499 5898 3016 5899 1476 5900 1476 5900 3016 5899 2993 5901 1476 5900 2993 5901 1477 5902 1477 5902 2993 5901 2994 5903 1477 5902 2994 5903 1478 5904 1478 5904 2994 5903 2995 5905 1478 5904 2995 5905 1479 5906 1479 5906 2995 5905 2996 5907 1479 5906 2996 5907 1480 5908 1480 5908 2996 5907 2997 5909 1480 5908 2997 5909 1481 5910 1481 5910 2997 5909 2998 5911 1481 5910 2998 5911 1482 5912 1482 5912 2998 5911 2999 5913 1482 5912 2999 5913 1483 5914 1483 5914 2999 5913 3000 5915 1483 5914 3000 5915 1484 5916 1484 5916 3000 5915 3001 5917 1484 5916 3001 5917 1485 5918 1485 5918 3001 5917 3002 5919 1485 5918 3002 5919 1486 5920 1486 5920 3002 5919 3003 5921 1486 5920 3003 5921 1487 5922 1487 5922 3003 5921 3004 5923 1487 5922 3004 5923 1488 5924 1488 5924 3004 5923 3005 5925 1488 5924 3005 5925 1489 5926 1489 5926 3005 5925 3006 5927 1489 5926 3006 5927 1490 5928 1490 5928 3006 5927 3007 5929 1490 5928 3007 5929 1491 5930 1491 5930 3007 5929 3008 5931 1491 5930 3008 5931 1492 5932 1492 5932 3008 5931 3009 5933 1492 5932 3009 5933 1493 5934 1493 5934 3009 5933 3010 5935 1493 5934 3010 5935 1494 5936 1494 5936 3010 5935 3011 5937 1494 5936 3011 5937 1495 5938 1495 5938 3011 5937 3012 5939 1495 5938 3012 5939 1496 5940 1496 5940 3012 5939 3013 5941 1496 5940 3013 5941 1497 5942 1497 5942 3013 5941 3014 5943 1497 5942 3014 5943 1498 5944 1498 5944 3014 5943 3015 5945 1498 5944 3015 5945 1499 5898 1499 5898 3015 5945 3016 5899 1355 5946 3040 5947 1332 5948 1332 5948 3040 5947 3017 5949 1332 5948 3017 5949 1333 5950 1333 5950 3017 5949 3018 5951 1333 5950 3018 5951 1334 5952 1334 5952 3018 5951 3019 5953 1334 5952 3019 5953 1335 5954 1335 5954 3019 5953 3020 5955 1335 5954 3020 5955 1336 5956 1336 5956 3020 5955 3021 5957 1336 5956 3021 5957 1337 5958 1337 5958 3021 5957 3022 5959 1337 5958 3022 5959 1338 5960 1338 5960 3022 5959 3023 5961 1338 5960 3023 5961 1339 5962 1339 5962 3023 5961 3024 5963 1339 5962 3024 5963 1340 5964 1340 5964 3024 5963 3025 5965 1340 5964 3025 5965 1341 5966 1341 5966 3025 5965 3026 5967 1341 5966 3026 5967 1342 5968 1342 5968 3026 5967 3027 5969 1342 5968 3027 5969 1343 5970 1343 5970 3027 5969 3028 5971 1343 5970 3028 5971 1344 5972 1344 5972 3028 5971 3029 5973 1344 5972 3029 5973 1345 5974 1345 5974 3029 5973 3030 5975 1345 5974 3030 5975 1346 5976 1346 5976 3030 5975 3031 5977 1346 5976 3031 5977 1347 5978 1347 5978 3031 5977 3032 5979 1347 5978 3032 5979 1348 5980 1348 5980 3032 5979 3033 5981 1348 5980 3033 5981 1349 5982 1349 5982 3033 5981 3034 5983 1349 5982 3034 5983 1350 5984 1350 5984 3034 5983 3035 5985 1350 5984 3035 5985 1351 5986 1351 5986 3035 5985 3036 5987 1351 5986 3036 5987 1352 5988 1352 5988 3036 5987 3037 5989 1352 5988 3037 5989 1353 5990 1353 5990 3037 5989 3038 5991 1353 5990 3038 5991 1354 5992 1354 5992 3038 5991 3039 5993 1354 5992 3039 5993 1355 5946 1355 5946 3039 5993 3040 5947 1427 5994 3064 5995 1404 5996 1404 5996 3064 5995 3041 5997 1404 5996 3041 5997 1405 5998 1405 5998 3041 5997 3042 5999 1405 5998 3042 5999 1406 6000 1406 6000 3042 5999 3043 6001 1406 6000 3043 6001 1407 6002 1407 6002 3043 6001 3044 6003 1407 6002 3044 6003 1408 6004 1408 6004 3044 6003 3045 6005 1408 6004 3045 6005 1409 6006 1409 6006 3045 6005 3046 6007 1409 6006 3046 6007 1410 6008 1410 6008 3046 6007 3047 6009 1410 6008 3047 6009 1411 6010 1411 6010 3047 6009 3048 6011 1411 6010 3048 6011 1412 6012 1412 6012 3048 6011 3049 6013 1412 6012 3049 6013 1413 6014 1413 6014 3049 6013 3050 6015 1413 6014 3050 6015 1414 6016 1414 6016 3050 6015 3051 6017 1414 6016 3051 6017 1415 6018 1415 6018 3051 6017 3052 6019 1415 6018 3052 6019 1416 6020 1416 6020 3052 6019 3053 6021 1416 6020 3053 6021 1417 6022 1417 6022 3053 6021 3054 6023 1417 6022 3054 6023 1418 6024 1418 6024 3054 6023 3055 6025 1418 6024 3055 6025 1419 6026 1419 6026 3055 6025 3056 6027 1419 6026 3056 6027 1420 6028 1420 6028 3056 6027 3057 6029 1420 6028 3057 6029 1421 6030 1421 6030 3057 6029 3058 6031 1421 6030 3058 6031 1422 6032 1422 6032 3058 6031 3059 6033 1422 6032 3059 6033 1423 6034 1423 6034 3059 6033 3060 6035 1423 6034 3060 6035 1424 6036 1424 6036 3060 6035 3061 6037 1424 6036 3061 6037 1425 6038 1425 6038 3061 6037 3062 6039 1425 6038 3062 6039 1426 6040 1426 6040 3062 6039 3063 6041 1426 6040 3063 6041 1427 5994 1427 5994 3063 6041 3064 5995 1507 6042 1506 6043 2750 6044 2750 6044 1506 6043 3065 6045 1506 6046 1505 6047 2968 6048 2968 6048 1505 6047 2729 6049 2968 6048 2729 6049 2728 6050 2728 6050 2727 6051 2968 6048 2968 6048 2727 6051 2726 6052 2968 6048 2726 6052 2725 6053 2725 6053 2724 6054 2968 6048 2968 6048 2724 6054 2957 5743 2957 5743 2724 6054 2774 5744 2968 6048 3065 6055 1506 6046 2751 6056 2983 6057 2968 6058 2968 6058 2983 6057 2982 6059 2968 6058 2982 6059 2981 6060 2750 6061 3058 6062 2751 6056 2751 6056 3058 6062 3012 6063 2751 6056 3012 6063 3011 6064 3065 6065 3039 6066 2750 6061 2750 6061 3039 6066 3043 6067 2750 6061 3043 6067 3042 6068 2968 6058 3024 6069 3065 6065 3065 6065 3024 6069 3023 6070 3065 6065 3023 6070 3022 6071 3042 6068 3041 6072 2750 6061 2750 6061 3041 6072 3064 6073 2750 6061 3064 6073 3063 6074 3063 6074 3062 6075 2750 6061 2750 6061 3062 6075 3061 6076 2750 6061 3061 6076 3060 6077 3060 6077 3059 6078 2750 6061 2750 6061 3059 6078 3058 6062 3012 6063 3058 6062 3013 6079 3013 6079 3058 6062 3057 6080 3013 6079 3057 6080 3014 6081 3014 6081 3057 6080 3056 6082 3014 6081 3056 6082 3015 6083 3015 6083 3056 6082 3055 6084 3015 6083 3055 6084 3016 6085 3016 6085 3055 6084 3054 6086 3016 6085 3054 6086 2993 6087 2993 6087 3054 6086 3053 6088 2993 6087 3053 6088 2994 6089 2994 6089 3053 6088 3052 6090 2994 6089 3052 6090 2995 6091 2995 6091 3052 6090 3051 6092 2995 6091 3051 6092 2996 6093 2996 6093 3051 6092 3050 6094 2996 6093 3050 6094 2990 6095 2990 6095 3050 6094 3032 6096 2990 6095 3032 6096 2991 6097 2991 6097 3032 6096 3031 6098 2991 6097 3031 6098 2992 6099 2992 6099 3031 6098 3030 6100 2992 6099 3030 6100 2969 6101 2969 6101 3030 6100 3029 6102 2969 6101 3029 6102 2970 6103 2970 6103 3029 6102 3028 6104 2970 6103 3028 6104 2971 6105 2971 6105 3028 6104 3027 6106 2971 6105 3027 6106 2972 6107 2972 6107 3027 6106 3026 6108 2972 6107 3026 6108 2973 6109 2973 6109 3026 6108 3025 6110 2973 6109 3025 6110 2974 6111 2974 6111 3025 6110 3024 6069 2974 6111 3024 6069 2968 6058 3032 6096 3050 6094 3033 6112 3033 6112 3050 6094 3049 6113 3033 6112 3049 6113 3034 6114 3034 6114 3049 6113 3048 6115 3034 6114 3048 6115 3035 6116 3035 6116 3048 6115 3047 6117 3035 6116 3047 6117 3046 6118 3035 6116 3046 6118 3036 6119 3036 6119 3046 6118 3045 6120 3036 6119 3045 6120 3037 6121 3037 6121 3045 6120 3044 6122 3037 6121 3044 6122 3038 6123 3038 6123 3044 6122 3039 6066 3039 6066 3044 6122 3043 6067 3018 6124 3017 6125 3065 6065 3065 6065 3017 6125 3040 6126 3065 6065 3040 6126 3039 6066 3022 6071 3021 6127 3065 6065 3065 6065 3021 6127 3020 6128 3065 6065 3020 6128 3019 6129 3019 6129 3018 6124 3065 6065 3011 6064 3010 6130 2751 6056 2751 6056 3010 6130 3009 6131 2751 6056 3009 6131 3008 6132 3008 6132 3007 6133 2751 6056 2751 6056 3007 6133 3006 6134 2751 6056 3006 6134 3005 6135 3005 6135 3004 6136 2751 6056 2751 6056 3004 6136 3003 6137 2751 6056 3003 6137 2983 6057 2983 6057 3003 6137 3002 6138 2983 6057 3002 6138 2984 6139 2984 6139 3002 6138 2985 6140 2985 6140 3002 6138 3001 6141 2985 6140 3001 6141 2986 6142 2986 6142 3001 6141 3000 6143 2986 6142 3000 6143 2987 6144 2987 6144 3000 6143 2999 6145 2987 6144 2999 6145 2998 6146 2987 6144 2998 6146 2988 6147 2988 6147 2998 6146 2997 6148 2988 6147 2997 6148 2989 6149 2989 6149 2997 6148 2996 6093 2989 6149 2996 6093 2990 6095 2981 6060 2980 6150 2968 6058 2968 6058 2980 6150 2979 6151 2968 6058 2979 6151 2978 6152 2978 6152 2977 6153 2968 6058 2968 6058 2977 6153 2976 6154 2968 6058 2976 6154 2975 6155 2975 6155 2974 6111 2968 6058 3067 6156 3131 6157 3066 6158 3066 6158 3131 6157 3099 6159 3066 6158 3099 6159 3098 6160 3098 6160 3099 6159 3100 6161 3098 6160 3100 6161 3101 6162 3067 6156 3068 6163 3131 6157 3131 6157 3068 6163 3130 6164 3130 6164 3068 6163 3069 6165 3130 6164 3069 6165 3129 6166 3129 6166 3069 6165 3070 6167 3129 6166 3070 6167 3128 6168 3128 6168 3070 6167 3071 6169 3128 6168 3071 6169 3127 6170 3127 6170 3071 6169 3072 6171 3127 6170 3072 6171 3126 6172 3126 6172 3072 6171 3073 6173 3126 6172 3073 6173 3125 6174 3125 6174 3073 6173 3074 6175 3125 6174 3074 6175 3124 6176 3124 6176 3074 6175 3075 6177 3124 6176 3075 6177 3123 6178 3123 6178 3075 6177 3076 6179 3123 6178 3076 6179 3122 6180 3122 6180 3076 6179 3077 6181 3122 6180 3077 6181 3121 6182 3121 6182 3077 6181 3078 6183 3121 6182 3078 6183 3120 6184 3120 6184 3078 6183 3079 6185 3120 6184 3079 6185 3119 6186 3119 6186 3079 6185 3080 6187 3119 6186 3080 6187 3118 6188 3118 6188 3080 6187 3081 6189 3118 6188 3081 6189 3117 6190 3117 6190 3081 6189 3082 6191 3117 6190 3082 6191 3116 6192 3116 6192 3082 6191 3083 6193 3116 6192 3083 6193 3115 6194 3115 6194 3083 6193 3084 6195 3115 6194 3084 6195 3114 6196 3114 6196 3084 6195 3085 6197 3114 6196 3085 6197 3113 6198 3113 6198 3085 6197 3086 6199 3113 6198 3086 6199 3112 6200 3112 6200 3086 6199 3087 6201 3112 6200 3087 6201 3111 6202 3111 6202 3087 6201 3088 6203 3111 6202 3088 6203 3110 6204 3110 6204 3088 6203 3089 6205 3110 6204 3089 6205 3109 6206 3109 6206 3089 6205 3090 6207 3109 6206 3090 6207 3108 6208 3108 6208 3090 6207 3091 6209 3108 6208 3091 6209 3107 6210 3107 6210 3091 6209 3092 6211 3107 6210 3092 6211 3106 6212 3106 6212 3092 6211 3093 6213 3106 6212 3093 6213 3105 6214 3105 6214 3093 6213 3094 6215 3105 6214 3094 6215 3104 6216 3104 6216 3094 6215 3095 6217 3104 6216 3095 6217 3103 6218 3103 6218 3095 6217 3096 6219 3103 6218 3096 6219 3102 6220 3102 6220 3096 6219 3097 6221 3102 6220 3097 6221 3101 6162 3101 6162 3097 6221 3098 6160 3066 6222 3098 6223 3067 6224 3067 6224 3098 6223 3068 6225 3068 6225 3098 6223 3097 6226 3068 6225 3097 6226 3069 6227 3069 6227 3097 6226 3096 6228 3069 6227 3096 6228 3070 6229 3070 6229 3096 6228 3095 6230 3070 6229 3095 6230 3071 6231 3071 6231 3095 6230 3094 6232 3071 6231 3094 6232 3072 6233 3072 6233 3094 6232 3093 6234 3072 6233 3093 6234 3073 6235 3073 6235 3093 6234 3092 6236 3073 6235 3092 6236 3074 6237 3074 6237 3092 6236 3091 6238 3074 6237 3091 6238 3075 6239 3075 6239 3091 6238 3090 6240 3075 6239 3090 6240 3076 6241 3076 6241 3090 6240 3089 6242 3076 6241 3089 6242 3077 6243 3077 6243 3089 6242 3088 6244 3077 6243 3088 6244 3078 6245 3078 6245 3088 6244 3087 6246 3078 6245 3087 6246 3079 6247 3079 6247 3087 6246 3086 6248 3079 6247 3086 6248 3080 6249 3080 6249 3086 6248 3085 6250 3080 6249 3085 6250 3081 6251 3081 6251 3085 6250 3084 6252 3081 6251 3084 6252 3082 6253 3082 6253 3084 6252 3083 6254 3133 6255 3179 6256 3132 6257 3132 6257 3179 6256 3156 6258 3132 6257 3156 6258 3155 6259 3155 6259 3156 6258 3157 6260 3155 6259 3157 6260 3154 6261 3154 6261 3157 6260 3158 6262 3154 6261 3158 6262 3153 6263 3153 6263 3158 6262 3159 6264 3153 6263 3159 6264 3152 6265 3152 6265 3159 6264 3160 6266 3152 6265 3160 6266 3151 6267 3151 6267 3160 6266 3161 6268 3151 6267 3161 6268 3150 6269 3150 6269 3161 6268 3162 6270 3150 6269 3162 6270 3149 6271 3149 6271 3162 6270 3163 6272 3149 6271 3163 6272 3148 6273 3148 6273 3163 6272 3164 6274 3148 6273 3164 6274 3147 6275 3147 6275 3164 6274 3165 6276 3147 6275 3165 6276 3146 6277 3146 6277 3165 6276 3166 6278 3146 6277 3166 6278 3145 6279 3145 6279 3166 6278 3167 6280 3145 6279 3167 6280 3144 6281 3144 6281 3167 6280 3168 6282 3144 6281 3168 6282 3143 6283 3143 6283 3168 6282 3169 6284 3143 6283 3169 6284 3142 6285 3142 6285 3169 6284 3170 6286 3142 6285 3170 6286 3141 6287 3141 6287 3170 6286 3171 6288 3141 6287 3171 6288 3140 6289 3140 6289 3171 6288 3172 6290 3140 6289 3172 6290 3139 6291 3139 6291 3172 6290 3173 6292 3139 6291 3173 6292 3138 6293 3138 6293 3173 6292 3174 6294 3138 6293 3174 6294 3137 6295 3137 6295 3174 6294 3175 6296 3137 6295 3175 6296 3136 6297 3136 6297 3175 6296 3176 6298 3136 6297 3176 6298 3135 6299 3135 6299 3176 6298 3177 6300 3135 6299 3177 6300 3134 6301 3134 6301 3177 6300 3178 6302 3134 6301 3178 6302 3133 6255 3133 6255 3178 6302 3179 6256 3181 6303 3227 6304 3180 6305 3180 6305 3227 6304 3204 6306 3180 6305 3204 6306 3203 6307 3203 6307 3204 6306 3205 6308 3203 6307 3205 6308 3202 6309 3202 6309 3205 6308 3206 6310 3202 6309 3206 6310 3201 6311 3201 6311 3206 6310 3207 6312 3201 6311 3207 6312 3200 6313 3200 6313 3207 6312 3208 6314 3200 6313 3208 6314 3199 6315 3199 6315 3208 6314 3209 6316 3199 6315 3209 6316 3198 6317 3198 6317 3209 6316 3210 6318 3198 6317 3210 6318 3197 6319 3197 6319 3210 6318 3211 6320 3197 6319 3211 6320 3196 6321 3196 6321 3211 6320 3212 6322 3196 6321 3212 6322 3195 6323 3195 6323 3212 6322 3213 6324 3195 6323 3213 6324 3194 6325 3194 6325 3213 6324 3214 6326 3194 6325 3214 6326 3193 6327 3193 6327 3214 6326 3215 6328 3193 6327 3215 6328 3192 6329 3192 6329 3215 6328 3216 6330 3192 6329 3216 6330 3191 6331 3191 6331 3216 6330 3217 6332 3191 6331 3217 6332 3190 6333 3190 6333 3217 6332 3218 6334 3190 6333 3218 6334 3189 6335 3189 6335 3218 6334 3219 6336 3189 6335 3219 6336 3188 6337 3188 6337 3219 6336 3220 6338 3188 6337 3220 6338 3187 6339 3187 6339 3220 6338 3221 6340 3187 6339 3221 6340 3186 6341 3186 6341 3221 6340 3222 6342 3186 6341 3222 6342 3185 6343 3185 6343 3222 6342 3223 6344 3185 6343 3223 6344 3184 6345 3184 6345 3223 6344 3224 6346 3184 6345 3224 6346 3183 6347 3183 6347 3224 6346 3225 6348 3183 6347 3225 6348 3182 6349 3182 6349 3225 6348 3226 6350 3182 6349 3226 6350 3181 6303 3181 6303 3226 6350 3227 6304 3229 6351 3275 6352 3228 6353 3228 6353 3275 6352 3252 6354 3228 6353 3252 6354 3251 6355 3251 6355 3252 6354 3253 6356 3251 6355 3253 6356 3250 6357 3250 6357 3253 6356 3254 6358 3250 6357 3254 6358 3249 6359 3249 6359 3254 6358 3255 6360 3249 6359 3255 6360 3248 6361 3248 6361 3255 6360 3256 6362 3248 6361 3256 6362 3247 6363 3247 6363 3256 6362 3257 6364 3247 6363 3257 6364 3246 6365 3246 6365 3257 6364 3258 6366 3246 6365 3258 6366 3245 6367 3245 6367 3258 6366 3259 6368 3245 6367 3259 6368 3244 6369 3244 6369 3259 6368 3260 6370 3244 6369 3260 6370 3243 6371 3243 6371 3260 6370 3261 6372 3243 6371 3261 6372 3242 6373 3242 6373 3261 6372 3262 6374 3242 6373 3262 6374 3241 6375 3241 6375 3262 6374 3263 6376 3241 6375 3263 6376 3240 6377 3240 6377 3263 6376 3264 6378 3240 6377 3264 6378 3239 6379 3239 6379 3264 6378 3265 6380 3239 6379 3265 6380 3238 6381 3238 6381 3265 6380 3266 6382 3238 6381 3266 6382 3237 6383 3237 6383 3266 6382 3267 6384 3237 6383 3267 6384 3236 6385 3236 6385 3267 6384 3268 6386 3236 6385 3268 6386 3235 6387 3235 6387 3268 6386 3269 6388 3235 6387 3269 6388 3234 6389 3234 6389 3269 6388 3270 6390 3234 6389 3270 6390 3233 6391 3233 6391 3270 6390 3271 6392 3233 6391 3271 6392 3232 6393 3232 6393 3271 6392 3272 6394 3232 6393 3272 6394 3231 6395 3231 6395 3272 6394 3273 6396 3231 6395 3273 6396 3230 6397 3230 6397 3273 6396 3274 6398 3230 6397 3274 6398 3229 6351 3229 6351 3274 6398 3275 6352 3277 6399 3323 6400 3276 6401 3276 6401 3323 6400 3300 6402 3276 6401 3300 6402 3299 6403 3299 6403 3300 6402 3301 6404 3299 6403 3301 6404 3298 6405 3298 6405 3301 6404 3302 6406 3298 6405 3302 6406 3297 6407 3297 6407 3302 6406 3303 6408 3297 6407 3303 6408 3296 6409 3296 6409 3303 6408 3304 6410 3296 6409 3304 6410 3295 6411 3295 6411 3304 6410 3305 6412 3295 6411 3305 6412 3294 6413 3294 6413 3305 6412 3306 6414 3294 6413 3306 6414 3293 6415 3293 6415 3306 6414 3307 6416 3293 6415 3307 6416 3292 6417 3292 6417 3307 6416 3308 6418 3292 6417 3308 6418 3291 6419 3291 6419 3308 6418 3309 6420 3291 6419 3309 6420 3290 6421 3290 6421 3309 6420 3310 6422 3290 6421 3310 6422 3289 6423 3289 6423 3310 6422 3311 6424 3289 6423 3311 6424 3288 6425 3288 6425 3311 6424 3312 6426 3288 6425 3312 6426 3287 6427 3287 6427 3312 6426 3313 6428 3287 6427 3313 6428 3286 6429 3286 6429 3313 6428 3314 6430 3286 6429 3314 6430 3285 6431 3285 6431 3314 6430 3315 6432 3285 6431 3315 6432 3284 6433 3284 6433 3315 6432 3316 6434 3284 6433 3316 6434 3283 6435 3283 6435 3316 6434 3317 6436 3283 6435 3317 6436 3282 6437 3282 6437 3317 6436 3318 6438 3282 6437 3318 6438 3281 6439 3281 6439 3318 6438 3319 6440 3281 6439 3319 6440 3280 6441 3280 6441 3319 6440 3320 6442 3280 6441 3320 6442 3279 6443 3279 6443 3320 6442 3321 6444 3279 6443 3321 6444 3278 6445 3278 6445 3321 6444 3322 6446 3278 6445 3322 6446 3277 6399 3277 6399 3322 6446 3323 6400 3325 6447 3371 6448 3324 6449 3324 6449 3371 6448 3348 6450 3324 6449 3348 6450 3347 6451 3347 6451 3348 6450 3349 6452 3347 6451 3349 6452 3346 6453 3346 6453 3349 6452 3350 6454 3346 6453 3350 6454 3345 6455 3345 6455 3350 6454 3351 6456 3345 6455 3351 6456 3344 6457 3344 6457 3351 6456 3352 6458 3344 6457 3352 6458 3343 6459 3343 6459 3352 6458 3353 6460 3343 6459 3353 6460 3342 6461 3342 6461 3353 6460 3354 6462 3342 6461 3354 6462 3341 6463 3341 6463 3354 6462 3355 6464 3341 6463 3355 6464 3340 6465 3340 6465 3355 6464 3356 6466 3340 6465 3356 6466 3339 6467 3339 6467 3356 6466 3357 6468 3339 6467 3357 6468 3338 6469 3338 6469 3357 6468 3358 6470 3338 6469 3358 6470 3337 6471 3337 6471 3358 6470 3359 6472 3337 6471 3359 6472 3336 6473 3336 6473 3359 6472 3360 6474 3336 6473 3360 6474 3335 6475 3335 6475 3360 6474 3361 6476 3335 6475 3361 6476 3334 6477 3334 6477 3361 6476 3362 6478 3334 6477 3362 6478 3333 6479 3333 6479 3362 6478 3363 6480 3333 6479 3363 6480 3332 6481 3332 6481 3363 6480 3364 6482 3332 6481 3364 6482 3331 6483 3331 6483 3364 6482 3365 6484 3331 6483 3365 6484 3330 6485 3330 6485 3365 6484 3366 6486 3330 6485 3366 6486 3329 6487 3329 6487 3366 6486 3367 6488 3329 6487 3367 6488 3328 6489 3328 6489 3367 6488 3368 6490 3328 6489 3368 6490 3327 6491 3327 6491 3368 6490 3369 6492 3327 6491 3369 6492 3326 6493 3326 6493 3369 6492 3370 6494 3326 6493 3370 6494 3325 6447 3325 6447 3370 6494 3371 6448 3373 6495 3419 6496 3372 6497 3372 6497 3419 6496 3396 6498 3372 6497 3396 6498 3395 6499 3395 6499 3396 6498 3397 6500 3395 6499 3397 6500 3394 6501 3394 6501 3397 6500 3398 6502 3394 6501 3398 6502 3393 6503 3393 6503 3398 6502 3399 6504 3393 6503 3399 6504 3392 6505 3392 6505 3399 6504 3400 6506 3392 6505 3400 6506 3391 6507 3391 6507 3400 6506 3401 6508 3391 6507 3401 6508 3390 6509 3390 6509 3401 6508 3402 6510 3390 6509 3402 6510 3389 6511 3389 6511 3402 6510 3403 6512 3389 6511 3403 6512 3388 6513 3388 6513 3403 6512 3404 6514 3388 6513 3404 6514 3387 6515 3387 6515 3404 6514 3405 6516 3387 6515 3405 6516 3386 6517 3386 6517 3405 6516 3406 6518 3386 6517 3406 6518 3385 6519 3385 6519 3406 6518 3407 6520 3385 6519 3407 6520 3384 6521 3384 6521 3407 6520 3408 6522 3384 6521 3408 6522 3383 6523 3383 6523 3408 6522 3409 6524 3383 6523 3409 6524 3382 6525 3382 6525 3409 6524 3410 6526 3382 6525 3410 6526 3381 6527 3381 6527 3410 6526 3411 6528 3381 6527 3411 6528 3380 6529 3380 6529 3411 6528 3412 6530 3380 6529 3412 6530 3379 6531 3379 6531 3412 6530 3413 6532 3379 6531 3413 6532 3378 6533 3378 6533 3413 6532 3414 6534 3378 6533 3414 6534 3377 6535 3377 6535 3414 6534 3415 6536 3377 6535 3415 6536 3376 6537 3376 6537 3415 6536 3416 6538 3376 6537 3416 6538 3375 6539 3375 6539 3416 6538 3417 6540 3375 6539 3417 6540 3374 6541 3374 6541 3417 6540 3418 6542 3374 6541 3418 6542 3373 6495 3373 6495 3418 6542 3419 6496 3421 6543 3467 6544 3420 6545 3420 6545 3467 6544 3444 6546 3420 6545 3444 6546 3443 6547 3443 6547 3444 6546 3445 6548 3443 6547 3445 6548 3442 6549 3442 6549 3445 6548 3446 6550 3442 6549 3446 6550 3441 6551 3441 6551 3446 6550 3447 6552 3441 6551 3447 6552 3440 6553 3440 6553 3447 6552 3448 6554 3440 6553 3448 6554 3439 6555 3439 6555 3448 6554 3449 6556 3439 6555 3449 6556 3438 6557 3438 6557 3449 6556 3450 6558 3438 6557 3450 6558 3437 6559 3437 6559 3450 6558 3451 6560 3437 6559 3451 6560 3436 6561 3436 6561 3451 6560 3452 6562 3436 6561 3452 6562 3435 6563 3435 6563 3452 6562 3453 6564 3435 6563 3453 6564 3434 6565 3434 6565 3453 6564 3454 6566 3434 6565 3454 6566 3433 6567 3433 6567 3454 6566 3455 6568 3433 6567 3455 6568 3432 6569 3432 6569 3455 6568 3456 6570 3432 6569 3456 6570 3431 6571 3431 6571 3456 6570 3457 6572 3431 6571 3457 6572 3430 6573 3430 6573 3457 6572 3458 6574 3430 6573 3458 6574 3429 6575 3429 6575 3458 6574 3459 6576 3429 6575 3459 6576 3428 6577 3428 6577 3459 6576 3460 6578 3428 6577 3460 6578 3427 6579 3427 6579 3460 6578 3461 6580 3427 6579 3461 6580 3426 6581 3426 6581 3461 6580 3462 6582 3426 6581 3462 6582 3425 6583 3425 6583 3462 6582 3463 6584 3425 6583 3463 6584 3424 6585 3424 6585 3463 6584 3464 6586 3424 6585 3464 6586 3423 6587 3423 6587 3464 6586 3465 6588 3423 6587 3465 6588 3422 6589 3422 6589 3465 6588 3466 6590 3422 6589 3466 6590 3421 6543 3421 6543 3466 6590 3467 6544 3468 6591 3469 6592 3471 6593 3471 6593 3469 6592 3470 6594 3472 6595 3468 6596 3473 6597 3473 6597 3468 6596 3471 6598 3474 6599 3472 6600 3475 6601 3475 6601 3472 6600 3473 6602 3469 6603 3474 6604 3470 6605 3470 6605 3474 6604 3475 6606 3477 6607 3523 6608 3476 6609 3476 6609 3523 6608 3500 6610 3476 6609 3500 6610 3499 6611 3499 6611 3500 6610 3501 6612 3499 6611 3501 6612 3498 6613 3498 6613 3501 6612 3502 6614 3498 6613 3502 6614 3497 6615 3497 6615 3502 6614 3503 6616 3497 6615 3503 6616 3496 6617 3496 6617 3503 6616 3504 6618 3496 6617 3504 6618 3495 6619 3495 6619 3504 6618 3505 6620 3495 6619 3505 6620 3494 6621 3494 6621 3505 6620 3506 6622 3494 6621 3506 6622 3493 6623 3493 6623 3506 6622 3507 6624 3493 6623 3507 6624 3492 6625 3492 6625 3507 6624 3508 6626 3492 6625 3508 6626 3491 6627 3491 6627 3508 6626 3509 6628 3491 6627 3509 6628 3490 6629 3490 6629 3509 6628 3510 6630 3490 6629 3510 6630 3489 6631 3489 6631 3510 6630 3511 6632 3489 6631 3511 6632 3488 6633 3488 6633 3511 6632 3512 6634 3488 6633 3512 6634 3487 6635 3487 6635 3512 6634 3513 6636 3487 6635 3513 6636 3486 6637 3486 6637 3513 6636 3514 6638 3486 6637 3514 6638 3485 6639 3485 6639 3514 6638 3515 6640 3485 6639 3515 6640 3484 6641 3484 6641 3515 6640 3516 6642 3484 6641 3516 6642 3483 6643 3483 6643 3516 6642 3517 6644 3483 6643 3517 6644 3482 6645 3482 6645 3517 6644 3518 6646 3482 6645 3518 6646 3481 6647 3481 6647 3518 6646 3519 6648 3481 6647 3519 6648 3480 6649 3480 6649 3519 6648 3520 6650 3480 6649 3520 6650 3479 6651 3479 6651 3520 6650 3521 6652 3479 6651 3521 6652 3478 6653 3478 6653 3521 6652 3522 6654 3478 6653 3522 6654 3477 6607 3477 6607 3522 6654 3523 6608 3525 6655 3571 6656 3524 6657 3524 6657 3571 6656 3548 6658 3524 6657 3548 6658 3547 6659 3547 6659 3548 6658 3549 6660 3547 6659 3549 6660 3546 6661 3546 6661 3549 6660 3550 6662 3546 6661 3550 6662 3545 6663 3545 6663 3550 6662 3551 6664 3545 6663 3551 6664 3544 6665 3544 6665 3551 6664 3552 6666 3544 6665 3552 6666 3543 6667 3543 6667 3552 6666 3553 6668 3543 6667 3553 6668 3542 6669 3542 6669 3553 6668 3554 6670 3542 6669 3554 6670 3541 6671 3541 6671 3554 6670 3555 6672 3541 6671 3555 6672 3540 6673 3540 6673 3555 6672 3556 6674 3540 6673 3556 6674 3539 6675 3539 6675 3556 6674 3557 6676 3539 6675 3557 6676 3538 6677 3538 6677 3557 6676 3558 6678 3538 6677 3558 6678 3537 6679 3537 6679 3558 6678 3559 6680 3537 6679 3559 6680 3536 6681 3536 6681 3559 6680 3560 6682 3536 6681 3560 6682 3535 6683 3535 6683 3560 6682 3561 6684 3535 6683 3561 6684 3534 6685 3534 6685 3561 6684 3562 6686 3534 6685 3562 6686 3533 6687 3533 6687 3562 6686 3563 6688 3533 6687 3563 6688 3532 6689 3532 6689 3563 6688 3564 6690 3532 6689 3564 6690 3531 6691 3531 6691 3564 6690 3565 6692 3531 6691 3565 6692 3530 6693 3530 6693 3565 6692 3566 6694 3530 6693 3566 6694 3529 6695 3529 6695 3566 6694 3567 6696 3529 6695 3567 6696 3528 6697 3528 6697 3567 6696 3568 6698 3528 6697 3568 6698 3527 6699 3527 6699 3568 6698 3569 6700 3527 6699 3569 6700 3526 6701 3526 6701 3569 6700 3570 6702 3526 6701 3570 6702 3525 6655 3525 6655 3570 6702 3571 6656 3573 6703 3619 6704 3572 6705 3572 6705 3619 6704 3596 6706 3572 6705 3596 6706 3595 6707 3595 6707 3596 6706 3597 6708 3595 6707 3597 6708 3594 6709 3594 6709 3597 6708 3598 6710 3594 6709 3598 6710 3593 6711 3593 6711 3598 6710 3599 6712 3593 6711 3599 6712 3592 6713 3592 6713 3599 6712 3600 6714 3592 6713 3600 6714 3591 6715 3591 6715 3600 6714 3601 6716 3591 6715 3601 6716 3590 6717 3590 6717 3601 6716 3602 6718 3590 6717 3602 6718 3589 6719 3589 6719 3602 6718 3603 6720 3589 6719 3603 6720 3588 6721 3588 6721 3603 6720 3604 6722 3588 6721 3604 6722 3587 6723 3587 6723 3604 6722 3605 6724 3587 6723 3605 6724 3586 6725 3586 6725 3605 6724 3606 6726 3586 6725 3606 6726 3585 6727 3585 6727 3606 6726 3607 6728 3585 6727 3607 6728 3584 6729 3584 6729 3607 6728 3608 6730 3584 6729 3608 6730 3583 6731 3583 6731 3608 6730 3609 6732 3583 6731 3609 6732 3582 6733 3582 6733 3609 6732 3610 6734 3582 6733 3610 6734 3581 6735 3581 6735 3610 6734 3611 6736 3581 6735 3611 6736 3580 6737 3580 6737 3611 6736 3612 6738 3580 6737 3612 6738 3579 6739 3579 6739 3612 6738 3613 6740 3579 6739 3613 6740 3578 6741 3578 6741 3613 6740 3614 6742 3578 6741 3614 6742 3577 6743 3577 6743 3614 6742 3615 6744 3577 6743 3615 6744 3576 6745 3576 6745 3615 6744 3616 6746 3576 6745 3616 6746 3575 6747 3575 6747 3616 6746 3617 6748 3575 6747 3617 6748 3574 6749 3574 6749 3617 6748 3618 6750 3574 6749 3618 6750 3573 6703 3573 6703 3618 6750 3619 6704 3620 6751 3621 6752 3623 6753 3623 6753 3621 6752 3622 6754 3624 6755 3620 6756 3625 6757 3625 6757 3620 6756 3623 6758 3626 6759 3624 6760 3627 6761 3627 6761 3624 6760 3625 6762 3621 6763 3626 6764 3622 6765 3622 6765 3626 6764 3627 6766 3629 6767 3675 6768 3628 6769 3628 6769 3675 6768 3652 6770 3628 6769 3652 6770 3651 6771 3651 6771 3652 6770 3653 6772 3651 6771 3653 6772 3650 6773 3650 6773 3653 6772 3654 6774 3650 6773 3654 6774 3649 6775 3649 6775 3654 6774 3655 6776 3649 6775 3655 6776 3648 6777 3648 6777 3655 6776 3656 6778 3648 6777 3656 6778 3647 6779 3647 6779 3656 6778 3657 6780 3647 6779 3657 6780 3646 6781 3646 6781 3657 6780 3658 6782 3646 6781 3658 6782 3645 6783 3645 6783 3658 6782 3659 6784 3645 6783 3659 6784 3644 6785 3644 6785 3659 6784 3660 6786 3644 6785 3660 6786 3643 6787 3643 6787 3660 6786 3661 6788 3643 6787 3661 6788 3642 6789 3642 6789 3661 6788 3662 6790 3642 6789 3662 6790 3641 6791 3641 6791 3662 6790 3663 6792 3641 6791 3663 6792 3640 6793 3640 6793 3663 6792 3664 6794 3640 6793 3664 6794 3639 6795 3639 6795 3664 6794 3665 6796 3639 6795 3665 6796 3638 6797 3638 6797 3665 6796 3666 6798 3638 6797 3666 6798 3637 6799 3637 6799 3666 6798 3667 6800 3637 6799 3667 6800 3636 6801 3636 6801 3667 6800 3668 6802 3636 6801 3668 6802 3635 6803 3635 6803 3668 6802 3669 6804 3635 6803 3669 6804 3634 6805 3634 6805 3669 6804 3670 6806 3634 6805 3670 6806 3633 6807 3633 6807 3670 6806 3671 6808 3633 6807 3671 6808 3632 6809 3632 6809 3671 6808 3672 6810 3632 6809 3672 6810 3631 6811 3631 6811 3672 6810 3673 6812 3631 6811 3673 6812 3630 6813 3630 6813 3673 6812 3674 6814 3630 6813 3674 6814 3629 6767 3629 6767 3674 6814 3675 6768 3677 6815 3723 6816 3676 6817 3676 6817 3723 6816 3700 6818 3676 6817 3700 6818 3699 6819 3699 6819 3700 6818 3701 6820 3699 6819 3701 6820 3698 6821 3698 6821 3701 6820 3702 6822 3698 6821 3702 6822 3697 6823 3697 6823 3702 6822 3703 6824 3697 6823 3703 6824 3696 6825 3696 6825 3703 6824 3704 6826 3696 6825 3704 6826 3695 6827 3695 6827 3704 6826 3705 6828 3695 6827 3705 6828 3694 6829 3694 6829 3705 6828 3706 6830 3694 6829 3706 6830 3693 6831 3693 6831 3706 6830 3707 6832 3693 6831 3707 6832 3692 6833 3692 6833 3707 6832 3708 6834 3692 6833 3708 6834 3691 6835 3691 6835 3708 6834 3709 6836 3691 6835 3709 6836 3690 6837 3690 6837 3709 6836 3710 6838 3690 6837 3710 6838 3689 6839 3689 6839 3710 6838 3711 6840 3689 6839 3711 6840 3688 6841 3688 6841 3711 6840 3712 6842 3688 6841 3712 6842 3687 6843 3687 6843 3712 6842 3713 6844 3687 6843 3713 6844 3686 6845 3686 6845 3713 6844 3714 6846 3686 6845 3714 6846 3685 6847 3685 6847 3714 6846 3715 6848 3685 6847 3715 6848 3684 6849 3684 6849 3715 6848 3716 6850 3684 6849 3716 6850 3683 6851 3683 6851 3716 6850 3717 6852 3683 6851 3717 6852 3682 6853 3682 6853 3717 6852 3718 6854 3682 6853 3718 6854 3681 6855 3681 6855 3718 6854 3719 6856 3681 6855 3719 6856 3680 6857 3680 6857 3719 6856 3720 6858 3680 6857 3720 6858 3679 6859 3679 6859 3720 6858 3721 6860 3679 6859 3721 6860 3678 6861 3678 6861 3721 6860 3722 6862 3678 6861 3722 6862 3677 6815 3677 6815 3722 6862 3723 6816 3725 6863 3771 6864 3724 6865 3724 6865 3771 6864 3748 6866 3724 6865 3748 6866 3747 6867 3747 6867 3748 6866 3749 6868 3747 6867 3749 6868 3746 6869 3746 6869 3749 6868 3750 6870 3746 6869 3750 6870 3745 6871 3745 6871 3750 6870 3751 6872 3745 6871 3751 6872 3744 6873 3744 6873 3751 6872 3752 6874 3744 6873 3752 6874 3743 6875 3743 6875 3752 6874 3753 6876 3743 6875 3753 6876 3742 6877 3742 6877 3753 6876 3754 6878 3742 6877 3754 6878 3741 6879 3741 6879 3754 6878 3755 6880 3741 6879 3755 6880 3740 6881 3740 6881 3755 6880 3756 6882 3740 6881 3756 6882 3739 6883 3739 6883 3756 6882 3757 6884 3739 6883 3757 6884 3738 6885 3738 6885 3757 6884 3758 6886 3738 6885 3758 6886 3737 6887 3737 6887 3758 6886 3759 6888 3737 6887 3759 6888 3736 6889 3736 6889 3759 6888 3760 6890 3736 6889 3760 6890 3735 6891 3735 6891 3760 6890 3761 6892 3735 6891 3761 6892 3734 6893 3734 6893 3761 6892 3762 6894 3734 6893 3762 6894 3733 6895 3733 6895 3762 6894 3763 6896 3733 6895 3763 6896 3732 6897 3732 6897 3763 6896 3764 6898 3732 6897 3764 6898 3731 6899 3731 6899 3764 6898 3765 6900 3731 6899 3765 6900 3730 6901 3730 6901 3765 6900 3766 6902 3730 6901 3766 6902 3729 6903 3729 6903 3766 6902 3767 6904 3729 6903 3767 6904 3728 6905 3728 6905 3767 6904 3768 6906 3728 6905 3768 6906 3727 6907 3727 6907 3768 6906 3769 6908 3727 6907 3769 6908 3726 6909 3726 6909 3769 6908 3770 6910 3726 6909 3770 6910 3725 6863 3725 6863 3770 6910 3771 6864 3773 6911 3819 6912 3772 6913 3772 6913 3819 6912 3796 6914 3772 6913 3796 6914 3795 6915 3795 6915 3796 6914 3797 6916 3795 6915 3797 6916 3794 6917 3794 6917 3797 6916 3798 6918 3794 6917 3798 6918 3793 6919 3793 6919 3798 6918 3799 6920 3793 6919 3799 6920 3792 6921 3792 6921 3799 6920 3800 6922 3792 6921 3800 6922 3791 6923 3791 6923 3800 6922 3801 6924 3791 6923 3801 6924 3790 6925 3790 6925 3801 6924 3802 6926 3790 6925 3802 6926 3789 6927 3789 6927 3802 6926 3803 6928 3789 6927 3803 6928 3788 6929 3788 6929 3803 6928 3804 6930 3788 6929 3804 6930 3787 6931 3787 6931 3804 6930 3805 6932 3787 6931 3805 6932 3786 6933 3786 6933 3805 6932 3806 6934 3786 6933 3806 6934 3785 6935 3785 6935 3806 6934 3807 6936 3785 6935 3807 6936 3784 6937 3784 6937 3807 6936 3808 6938 3784 6937 3808 6938 3783 6939 3783 6939 3808 6938 3809 6940 3783 6939 3809 6940 3782 6941 3782 6941 3809 6940 3810 6942 3782 6941 3810 6942 3781 6943 3781 6943 3810 6942 3811 6944 3781 6943 3811 6944 3780 6945 3780 6945 3811 6944 3812 6946 3780 6945 3812 6946 3779 6947 3779 6947 3812 6946 3813 6948 3779 6947 3813 6948 3778 6949 3778 6949 3813 6948 3814 6950 3778 6949 3814 6950 3777 6951 3777 6951 3814 6950 3815 6952 3777 6951 3815 6952 3776 6953 3776 6953 3815 6952 3816 6954 3776 6953 3816 6954 3775 6955 3775 6955 3816 6954 3817 6956 3775 6955 3817 6956 3774 6957 3774 6957 3817 6956 3818 6958 3774 6957 3818 6958 3773 6911 3773 6911 3818 6958 3819 6912 3821 6959 3867 6960 3820 6961 3820 6961 3867 6960 3844 6962 3820 6961 3844 6962 3843 6963 3843 6963 3844 6962 3845 6964 3843 6963 3845 6964 3842 6965 3842 6965 3845 6964 3846 6966 3842 6965 3846 6966 3841 6967 3841 6967 3846 6966 3847 6968 3841 6967 3847 6968 3840 6969 3840 6969 3847 6968 3848 6970 3840 6969 3848 6970 3839 6971 3839 6971 3848 6970 3849 6972 3839 6971 3849 6972 3838 6973 3838 6973 3849 6972 3850 6974 3838 6973 3850 6974 3837 6975 3837 6975 3850 6974 3851 6976 3837 6975 3851 6976 3836 6977 3836 6977 3851 6976 3852 6978 3836 6977 3852 6978 3835 6979 3835 6979 3852 6978 3853 6980 3835 6979 3853 6980 3834 6981 3834 6981 3853 6980 3854 6982 3834 6981 3854 6982 3833 6983 3833 6983 3854 6982 3855 6984 3833 6983 3855 6984 3832 6985 3832 6985 3855 6984 3856 6986 3832 6985 3856 6986 3831 6987 3831 6987 3856 6986 3857 6988 3831 6987 3857 6988 3830 6989 3830 6989 3857 6988 3858 6990 3830 6989 3858 6990 3829 6991 3829 6991 3858 6990 3859 6992 3829 6991 3859 6992 3828 6993 3828 6993 3859 6992 3860 6994 3828 6993 3860 6994 3827 6995 3827 6995 3860 6994 3861 6996 3827 6995 3861 6996 3826 6997 3826 6997 3861 6996 3862 6998 3826 6997 3862 6998 3825 6999 3825 6999 3862 6998 3863 7000 3825 6999 3863 7000 3824 7001 3824 7001 3863 7000 3864 7002 3824 7001 3864 7002 3823 7003 3823 7003 3864 7002 3865 7004 3823 7003 3865 7004 3822 7005 3822 7005 3865 7004 3866 7006 3822 7005 3866 7006 3821 6959 3821 6959 3866 7006 3867 6960 3868 7007 3869 7008 3871 7009 3871 7009 3869 7008 3870 7010 3872 7011 3868 7012 3873 7013 3873 7013 3868 7012 3871 7014 3874 7015 3872 7016 3875 7017 3875 7017 3872 7016 3873 7018 3869 7019 3874 7020 3870 7021 3870 7021 3874 7020 3875 7022 3877 7023 3923 7024 3876 7025 3876 7025 3923 7024 3900 7026 3876 7025 3900 7026 3899 7027 3899 7027 3900 7026 3901 7028 3899 7027 3901 7028 3898 7029 3898 7029 3901 7028 3902 7030 3898 7029 3902 7030 3897 7031 3897 7031 3902 7030 3903 7032 3897 7031 3903 7032 3896 7033 3896 7033 3903 7032 3904 7034 3896 7033 3904 7034 3895 7035 3895 7035 3904 7034 3905 7036 3895 7035 3905 7036 3894 7037 3894 7037 3905 7036 3906 7038 3894 7037 3906 7038 3893 7039 3893 7039 3906 7038 3907 7040 3893 7039 3907 7040 3892 7041 3892 7041 3907 7040 3908 7042 3892 7041 3908 7042 3891 7043 3891 7043 3908 7042 3909 7044 3891 7043 3909 7044 3890 7045 3890 7045 3909 7044 3910 7046 3890 7045 3910 7046 3889 7047 3889 7047 3910 7046 3911 7048 3889 7047 3911 7048 3888 7049 3888 7049 3911 7048 3912 7050 3888 7049 3912 7050 3887 7051 3887 7051 3912 7050 3913 7052 3887 7051 3913 7052 3886 7053 3886 7053 3913 7052 3914 7054 3886 7053 3914 7054 3885 7055 3885 7055 3914 7054 3915 7056 3885 7055 3915 7056 3884 7057 3884 7057 3915 7056 3916 7058 3884 7057 3916 7058 3883 7059 3883 7059 3916 7058 3917 7060 3883 7059 3917 7060 3882 7061 3882 7061 3917 7060 3918 7062 3882 7061 3918 7062 3881 7063 3881 7063 3918 7062 3919 7064 3881 7063 3919 7064 3880 7065 3880 7065 3919 7064 3920 7066 3880 7065 3920 7066 3879 7067 3879 7067 3920 7066 3921 7068 3879 7067 3921 7068 3878 7069 3878 7069 3921 7068 3922 7070 3878 7069 3922 7070 3877 7023 3877 7023 3922 7070 3923 7024 3937 7071 3924 7072 3936 7073 3936 7073 3924 7072 3925 7074 3936 7073 3925 7074 3935 7075 3935 7075 3925 7074 3926 7076 3935 7075 3926 7076 3934 7077 3934 7077 3926 7076 3927 7078 3934 7077 3927 7078 3933 7079 3933 7079 3927 7078 3928 7080 3933 7079 3928 7080 3932 7081 3932 7081 3928 7080 3929 7082 3932 7081 3929 7082 3931 7083 3931 7083 3929 7082 3930 7084 3938 7085 3924 7072 3939 7086 3939 7086 3924 7072 3937 7071 3951 7087 3940 7088 3950 7089 3950 7089 3940 7088 3941 7090 3950 7089 3941 7090 3949 7091 3949 7091 3941 7090 3942 7092 3949 7091 3942 7092 3948 7093 3948 7093 3942 7092 3943 7094 3948 7093 3943 7094 3947 7095 3947 7095 3943 7094 3944 7096 3947 7095 3944 7096 3946 7097 3946 7097 3944 7096 3945 7098 3946 7097 3945 7098 3939 7086 3939 7086 3945 7098 3938 7085 3991 7099 3952 7100 3990 7101 3990 7101 3952 7100 3953 7102 3990 7101 3953 7102 3989 7103 3989 7103 3953 7102 3954 7104 3989 7103 3954 7104 3988 7105 3988 7105 3954 7104 3955 7106 3988 7105 3955 7106 3987 7107 3987 7107 3955 7106 3956 7108 3987 7107 3956 7108 3986 7109 3986 7109 3956 7108 3957 7110 3986 7109 3957 7110 3985 7111 3985 7111 3957 7110 3958 7112 3985 7111 3958 7112 3984 7113 3984 7113 3958 7112 3959 7114 3984 7113 3959 7114 3983 7115 3983 7115 3959 7114 3960 7116 3983 7115 3960 7116 3982 7117 3982 7117 3960 7116 3961 7118 3982 7117 3961 7118 3981 7119 3981 7119 3961 7118 3962 7120 3981 7119 3962 7120 3980 7121 3980 7121 3962 7120 3963 7122 3980 7121 3963 7122 3979 7123 3979 7123 3963 7122 3964 7124 3979 7123 3964 7124 3978 7125 3978 7125 3964 7124 3965 7126 3978 7125 3965 7126 3977 7127 3977 7127 3965 7126 3966 7128 3977 7127 3966 7128 3976 7129 3976 7129 3966 7128 3967 7130 3976 7129 3967 7130 3975 7131 3975 7131 3967 7130 3968 7132 3975 7131 3968 7132 3974 7133 3974 7133 3968 7132 3969 7134 3974 7133 3969 7134 3973 7135 3973 7135 3969 7134 3970 7136 3973 7135 3970 7136 3972 7137 3972 7137 3970 7136 3971 7138 3972 7137 3971 7138 3951 7087 3951 7087 3971 7138 3940 7088 4003 7139 3992 7140 4002 7141 4002 7141 3992 7140 3993 7142 4002 7141 3993 7142 4001 7143 4001 7143 3993 7142 3994 7144 4001 7143 3994 7144 4000 7145 4000 7145 3994 7144 3995 7146 4000 7145 3995 7146 3999 7147 3999 7147 3995 7146 3996 7148 3999 7147 3996 7148 3998 7149 3998 7149 3996 7148 3997 7150 3998 7149 3997 7150 3991 7099 3991 7099 3997 7150 3952 7100 4004 7151 3992 7140 4005 7152 4005 7152 3992 7140 4003 7139 4017 7153 4006 7154 4016 7155 4016 7155 4006 7154 4007 7156 4016 7155 4007 7156 4015 7157 4015 7157 4007 7156 4008 7158 4015 7157 4008 7158 4014 7159 4014 7159 4008 7158 4009 7160 4014 7159 4009 7160 4013 7161 4013 7161 4009 7160 4010 7162 4013 7161 4010 7162 4012 7163 4012 7163 4010 7162 4011 7164 4012 7163 4011 7164 4005 7152 4005 7152 4011 7164 4004 7151 3931 7083 3930 7084 4055 7165 4055 7165 3930 7084 4018 7166 4055 7165 4018 7166 4054 7167 4054 7167 4018 7166 4019 7168 4054 7167 4019 7168 4053 7169 4053 7169 4019 7168 4020 7170 4053 7169 4020 7170 4052 7171 4052 7171 4020 7170 4021 7172 4052 7171 4021 7172 4051 7173 4051 7173 4021 7172 4022 7174 4051 7173 4022 7174 4050 7175 4050 7175 4022 7174 4023 7176 4050 7175 4023 7176 4049 7177 4049 7177 4023 7176 4024 7178 4049 7177 4024 7178 4048 7179 4048 7179 4024 7178 4025 7180 4048 7179 4025 7180 4047 7181 4047 7181 4025 7180 4026 7182 4047 7181 4026 7182 4046 7183 4046 7183 4026 7182 4027 7184 4046 7183 4027 7184 4045 7185 4045 7185 4027 7184 4028 7186 4045 7185 4028 7186 4044 7187 4044 7187 4028 7186 4029 7188 4044 7187 4029 7188 4043 7189 4043 7189 4029 7188 4030 7190 4043 7189 4030 7190 4042 7191 4042 7191 4030 7190 4031 7192 4042 7191 4031 7192 4041 7193 4041 7193 4031 7192 4032 7194 4041 7193 4032 7194 4040 7195 4040 7195 4032 7194 4033 7196 4040 7195 4033 7196 4039 7197 4039 7197 4033 7196 4034 7198 4039 7197 4034 7198 4038 7199 4038 7199 4034 7198 4035 7200 4038 7199 4035 7200 4037 7201 4037 7201 4035 7200 4036 7202 4037 7201 4036 7202 4017 7153 4017 7153 4036 7202 4006 7154 3157 7203 3156 7204 3474 7205 3474 7205 3156 7204 3179 7206 3474 7205 3179 7206 3112 7207 3112 7207 3179 7206 3113 7208 3113 7208 3179 7206 3178 7209 3113 7208 3178 7209 3114 7210 3114 7210 3178 7209 3177 7211 3114 7210 3177 7211 3115 7212 3115 7212 3177 7211 3176 7213 3115 7212 3176 7213 3175 7214 3115 7212 3175 7214 3673 7215 3673 7215 3175 7214 3174 7216 3673 7215 3174 7216 3674 7217 3674 7217 3174 7216 3173 7218 3674 7217 3173 7218 3172 7219 3674 7217 3172 7219 3675 7220 3675 7220 3172 7219 3171 7221 3675 7220 3171 7221 3652 7222 3652 7222 3171 7221 3170 7223 3652 7222 3170 7223 3169 7224 3652 7222 3169 7224 3653 7225 3653 7225 3169 7224 3168 7226 3653 7225 3168 7226 3654 7227 3654 7227 3168 7226 3167 7228 3654 7227 3167 7228 3655 7229 3655 7229 3167 7228 3656 7230 3656 7230 3167 7228 3166 7231 3656 7230 3166 7231 3657 7232 3657 7232 3166 7231 3165 7233 3657 7232 3165 7233 3620 7234 3620 7234 3165 7233 3164 7235 3620 7234 3164 7235 3163 7236 3163 7236 3162 7237 3620 7234 3620 7234 3162 7237 3161 7238 3620 7234 3161 7238 3160 7239 3160 7239 3159 7240 3620 7234 3620 7234 3159 7240 3521 7241 3620 7234 3521 7241 3520 7242 3521 7241 3159 7240 3868 7243 3868 7243 3159 7240 3158 7244 3868 7243 3158 7244 3474 7205 3474 7205 3158 7244 3157 7203 3205 7245 3204 7246 4004 7247 4004 7247 3204 7246 3227 7248 4004 7247 3227 7248 3226 7249 4004 7247 3226 7249 3549 7250 3549 7250 3226 7249 3225 7251 3549 7250 3225 7251 3550 7252 3550 7252 3225 7251 3224 7253 3550 7252 3224 7253 3223 7254 3550 7252 3223 7254 3551 7255 3551 7255 3223 7254 3222 7256 3551 7255 3222 7256 3796 7257 3796 7257 3222 7256 3221 7258 3796 7257 3221 7258 3220 7259 3796 7257 3220 7259 3797 7260 3797 7260 3220 7259 3219 7261 3797 7260 3219 7261 3748 7262 3748 7262 3219 7261 3218 7263 3748 7262 3218 7263 3749 7264 3749 7264 3218 7263 3217 7265 3749 7264 3217 7265 3750 7266 3750 7266 3217 7265 3216 7267 3750 7266 3216 7267 3866 7268 3866 7268 3216 7267 3867 7269 3867 7269 3216 7267 3215 7270 3867 7269 3215 7270 4033 7271 4033 7271 3215 7270 3214 7272 4033 7271 3214 7272 4034 7273 4034 7273 3214 7272 3213 7274 4034 7273 3213 7274 3212 7275 4034 7273 3212 7275 4035 7276 4035 7276 3212 7275 3211 7277 4035 7276 3211 7277 3210 7278 4035 7276 3210 7278 4036 7279 4036 7279 3210 7278 3209 7280 4036 7279 3209 7280 3208 7281 3208 7281 3207 7282 4036 7279 4036 7279 3207 7282 4006 7283 4006 7283 3207 7282 3206 7284 4006 7283 3206 7284 4007 7285 4007 7285 3206 7284 4008 7286 4008 7286 3206 7284 4004 7247 4008 7286 4004 7247 4009 7287 4009 7287 4004 7247 4010 7288 4010 7288 4004 7247 4011 7289 3206 7284 3205 7245 4004 7247 3275 7290 3956 7291 3252 7292 3252 7292 3956 7291 3955 7293 3252 7292 3955 7293 3314 7294 3314 7294 3955 7293 3315 7295 3315 7295 3955 7293 3316 7296 3316 7296 3955 7293 3954 7297 3316 7296 3954 7297 3317 7298 3317 7298 3954 7297 3318 7299 3318 7299 3954 7297 3953 7300 3318 7299 3953 7300 3319 7301 3319 7301 3953 7300 3320 7302 3320 7302 3953 7300 3321 7303 3321 7303 3953 7300 3952 7304 3321 7303 3952 7304 3322 7305 3322 7305 3952 7304 3997 7306 3322 7305 3997 7306 3996 7307 3275 7290 3274 7308 3956 7291 3956 7291 3274 7308 3957 7309 3957 7309 3274 7308 3273 7310 3957 7309 3273 7310 3272 7311 3272 7311 3271 7312 3957 7309 3957 7309 3271 7312 3270 7313 3957 7309 3270 7313 3958 7314 3958 7314 3270 7313 3269 7315 3958 7314 3269 7315 3268 7316 3268 7316 3267 7317 3958 7314 3958 7314 3267 7317 3266 7318 3958 7314 3266 7318 3959 7319 3959 7319 3266 7318 3265 7320 3959 7319 3265 7320 3264 7321 3263 7322 3126 7323 3264 7321 3264 7321 3126 7323 3960 7324 3264 7321 3960 7324 3959 7319 3262 7325 3128 7326 3263 7322 3263 7322 3128 7326 3127 7327 3263 7322 3127 7327 3126 7323 3128 7326 3262 7325 3129 7328 3129 7328 3262 7325 3261 7329 3129 7328 3261 7329 3130 7330 3130 7330 3261 7329 3260 7331 3130 7330 3260 7331 3259 7332 3130 7330 3259 7332 3131 7333 3131 7333 3259 7332 3258 7334 3131 7333 3258 7334 3564 7335 3564 7335 3258 7334 3257 7336 3564 7335 3257 7336 3311 7337 3311 7337 3257 7336 3256 7338 3311 7337 3256 7338 3312 7339 3312 7339 3256 7338 3255 7340 3312 7339 3255 7340 3254 7341 3312 7339 3254 7341 3313 7342 3313 7342 3254 7341 3253 7343 3313 7342 3253 7343 3314 7294 3314 7294 3253 7343 3252 7292 3301 7344 3300 7345 3992 7346 3992 7346 3300 7345 3323 7347 3992 7346 3323 7347 3322 7305 3564 7335 3311 7337 3565 7348 3565 7348 3311 7337 3310 7349 3565 7348 3310 7349 3566 7350 3566 7350 3310 7349 3567 7351 3567 7351 3310 7349 3309 7352 3567 7351 3309 7352 3568 7353 3568 7353 3309 7352 3308 7354 3568 7353 3308 7354 3569 7355 3569 7355 3308 7354 3307 7356 3569 7355 3307 7356 3570 7357 3570 7357 3307 7356 3306 7358 3570 7357 3306 7358 3571 7359 3571 7359 3306 7358 3305 7360 3571 7359 3305 7360 3304 7361 3571 7359 3304 7361 3548 7362 3548 7362 3304 7361 3303 7363 3548 7362 3303 7363 3302 7364 3301 7344 3992 7346 3302 7364 3302 7364 3992 7346 3549 7250 3302 7364 3549 7250 3548 7362 3371 7365 3606 7366 3348 7367 3348 7367 3606 7366 3605 7368 3348 7367 3605 7368 3604 7369 3370 7370 3968 7371 3371 7365 3371 7365 3968 7371 3607 7372 3371 7365 3607 7372 3606 7366 3968 7371 3370 7370 3969 7373 3969 7373 3370 7370 3369 7374 3969 7373 3369 7374 3368 7375 3969 7373 3368 7375 3970 7376 3970 7376 3368 7375 3367 7377 3970 7376 3367 7377 3366 7378 3970 7376 3366 7378 3971 7379 3971 7379 3366 7378 3365 7380 3971 7379 3365 7380 3364 7381 3364 7381 3363 7382 3971 7379 3971 7379 3363 7382 3940 7383 3940 7383 3363 7382 3362 7384 3940 7383 3362 7384 3941 7385 3941 7385 3362 7384 3942 7386 3942 7386 3362 7384 3938 7387 3942 7386 3938 7387 3943 7388 3943 7388 3938 7387 3944 7389 3944 7389 3938 7387 3945 7390 3362 7384 3361 7391 3938 7387 3938 7387 3361 7391 3360 7392 3938 7387 3360 7392 3359 7393 3359 7393 3358 7394 3938 7387 3938 7387 3358 7394 3624 7395 3938 7387 3624 7395 3924 7396 3924 7396 3624 7395 3626 7397 3924 7396 3626 7397 3410 7398 3410 7398 3626 7397 3411 7399 3411 7399 3626 7397 3412 7400 3412 7400 3626 7397 3413 7401 3413 7401 3626 7397 3712 7402 3413 7401 3712 7402 3414 7403 3414 7403 3712 7402 3415 7404 3415 7404 3712 7402 3711 7405 3415 7404 3711 7405 3416 7406 3416 7406 3711 7405 3710 7407 3416 7406 3710 7407 3417 7408 3417 7408 3710 7407 3709 7409 3417 7408 3709 7409 3418 7410 3418 7410 3709 7409 3708 7411 3418 7410 3708 7411 3419 7412 3419 7412 3708 7411 3707 7413 3419 7412 3707 7413 3706 7414 3358 7394 3357 7415 3624 7395 3624 7395 3357 7415 3356 7416 3624 7395 3356 7416 3355 7417 3355 7417 3354 7418 3624 7395 3624 7395 3354 7418 3353 7419 3624 7395 3353 7419 3665 7420 3665 7420 3353 7419 3352 7421 3665 7420 3352 7421 3666 7422 3666 7422 3352 7421 3351 7423 3666 7422 3351 7423 3667 7424 3667 7424 3351 7423 3350 7425 3667 7424 3350 7425 3668 7426 3668 7426 3350 7425 3349 7427 3668 7426 3349 7427 3669 7428 3669 7428 3349 7427 3670 7429 3670 7429 3349 7427 3604 7369 3670 7429 3604 7369 3603 7430 3349 7427 3348 7367 3604 7369 3419 7412 3706 7414 3396 7431 3396 7431 3706 7414 3705 7432 3396 7431 3705 7432 3463 7433 3463 7433 3705 7432 3464 7434 3464 7434 3705 7432 3704 7435 3464 7434 3704 7435 3465 7436 3465 7436 3704 7435 3703 7437 3465 7436 3703 7437 3466 7438 3466 7438 3703 7437 3702 7439 3466 7438 3702 7439 3869 7440 3869 7440 3702 7439 3701 7441 3869 7440 3701 7441 3700 7442 3410 7398 3409 7443 3924 7396 3924 7396 3409 7443 3408 7444 3924 7396 3408 7444 3407 7445 3407 7445 3406 7446 3924 7396 3924 7396 3406 7446 3928 7447 3924 7396 3928 7447 3927 7448 3405 7449 3930 7450 3406 7446 3406 7446 3930 7450 3929 7451 3406 7446 3929 7451 3928 7447 3930 7450 3405 7449 4018 7452 4018 7452 3405 7449 3404 7453 4018 7452 3404 7453 3403 7454 3403 7454 3402 7455 4018 7452 4018 7452 3402 7455 4019 7456 4019 7456 3402 7455 3401 7457 4019 7456 3401 7457 3400 7458 3399 7459 3456 7460 3400 7458 3400 7458 3456 7460 4020 7461 3400 7458 4020 7461 4019 7456 3456 7460 3399 7459 3457 7462 3457 7462 3399 7459 3398 7463 3457 7462 3398 7463 3458 7464 3458 7464 3398 7463 3397 7465 3458 7464 3397 7465 3459 7466 3459 7466 3397 7465 3460 7467 3460 7467 3397 7465 3396 7431 3460 7467 3396 7431 3461 7468 3461 7468 3396 7431 3462 7469 3462 7469 3396 7431 3463 7433 4033 7271 4032 7470 3867 7269 3867 7269 4032 7470 3844 7471 3844 7471 4032 7470 3845 7472 3845 7472 4032 7470 4031 7473 3845 7472 4031 7473 3846 7474 3846 7474 4031 7473 3847 7475 3847 7475 4031 7473 4030 7476 3847 7475 4030 7476 3848 7477 3848 7477 4030 7476 3849 7478 3849 7478 4030 7476 3850 7479 3850 7479 4030 7476 3851 7480 3851 7480 4030 7476 4029 7481 3851 7480 4029 7481 3852 7482 3852 7482 4029 7481 3853 7483 3853 7483 4029 7481 3854 7484 3854 7484 4029 7481 3855 7485 3855 7485 4029 7481 4028 7486 3855 7485 4028 7486 3856 7487 3856 7487 4028 7486 4027 7488 3856 7487 4027 7488 3857 7489 3857 7489 4027 7488 4026 7490 3857 7489 4026 7490 3869 7440 3869 7440 4026 7490 4025 7491 3869 7440 4025 7491 4024 7492 4023 7493 3444 7494 4024 7492 4024 7492 3444 7494 3467 7495 4024 7492 3467 7495 3869 7440 3869 7440 3467 7495 3466 7438 3444 7494 4023 7493 3445 7496 3445 7496 4023 7493 4022 7497 3445 7496 4022 7497 3446 7498 3446 7498 4022 7497 3447 7499 3447 7499 4022 7497 3448 7500 3448 7500 4022 7497 3449 7501 3449 7501 4022 7497 4021 7502 3449 7501 4021 7502 3450 7503 3450 7503 4021 7502 3451 7504 3451 7504 4021 7502 3452 7505 3452 7505 4021 7502 3453 7506 3453 7506 4021 7502 3454 7507 3454 7507 4021 7502 4020 7461 3454 7507 4020 7461 3455 7508 3455 7508 4020 7461 3456 7460 3927 7448 3926 7509 3924 7396 3924 7396 3926 7509 3925 7510 3607 7372 3968 7371 3608 7511 3608 7511 3968 7371 3967 7512 3608 7511 3967 7512 3609 7513 3609 7513 3967 7512 3610 7514 3610 7514 3967 7512 3966 7515 3610 7514 3966 7515 3611 7516 3611 7516 3966 7515 3612 7517 3612 7517 3966 7515 3613 7518 3613 7518 3966 7515 3614 7519 3614 7519 3966 7515 3615 7520 3615 7520 3966 7515 3965 7521 3615 7520 3965 7521 3616 7522 3616 7522 3965 7521 3617 7523 3617 7523 3965 7521 3618 7524 3618 7524 3965 7521 3964 7525 3618 7524 3964 7525 3619 7526 3619 7526 3964 7525 3596 7527 3596 7527 3964 7525 3963 7528 3596 7527 3963 7528 3597 7529 3597 7529 3963 7528 3122 7530 3597 7529 3122 7530 3121 7531 3963 7528 3962 7532 3122 7530 3122 7530 3962 7532 3123 7533 3123 7533 3962 7532 3124 7534 3124 7534 3962 7532 3961 7535 3124 7534 3961 7535 3125 7536 3125 7536 3961 7535 3126 7323 3126 7323 3961 7535 3960 7324 3322 7305 3996 7307 3992 7346 3992 7346 3996 7307 3995 7537 3992 7346 3995 7537 3994 7538 3994 7538 3993 7539 3992 7346 3992 7346 4004 7247 3549 7250 3474 7205 3469 7540 3868 7243 3868 7243 3469 7540 3810 7541 3868 7243 3810 7541 3809 7542 3468 7543 3915 7544 3469 7540 3469 7540 3915 7544 3914 7545 3469 7540 3914 7545 3913 7546 3472 7547 3107 7548 3468 7543 3468 7543 3107 7548 3106 7549 3468 7543 3106 7549 3105 7550 3474 7205 3111 7551 3472 7547 3472 7547 3111 7551 3110 7552 3472 7547 3110 7552 3109 7553 3501 7554 3500 7555 3868 7243 3868 7243 3500 7555 3523 7556 3868 7243 3523 7556 3522 7557 3522 7557 3521 7241 3868 7243 3520 7242 3519 7558 3620 7234 3620 7234 3519 7558 3518 7559 3620 7234 3518 7559 3517 7560 3620 7234 3517 7560 3621 7561 3621 7561 3517 7560 3516 7562 3621 7561 3516 7562 3515 7563 3515 7563 3514 7564 3621 7561 3621 7561 3514 7564 3513 7565 3621 7561 3513 7565 3512 7566 3512 7566 3511 7567 3621 7561 3621 7561 3511 7567 3510 7568 3621 7561 3510 7568 3509 7569 3621 7561 3509 7569 3872 7570 3872 7570 3509 7569 3508 7571 3872 7570 3508 7571 3507 7572 3507 7572 3506 7573 3872 7570 3872 7570 3506 7573 3868 7243 3868 7243 3506 7573 3505 7574 3868 7243 3505 7574 3504 7575 3504 7575 3503 7576 3868 7243 3868 7243 3503 7576 3502 7577 3868 7243 3502 7577 3501 7554 3564 7335 3563 7578 3131 7333 3131 7333 3563 7578 3099 7579 3099 7579 3563 7578 3562 7580 3099 7579 3562 7580 3920 7581 3920 7581 3562 7580 3921 7582 3921 7582 3562 7580 3561 7583 3921 7582 3561 7583 3922 7584 3922 7584 3561 7583 3560 7585 3922 7584 3560 7585 3923 7586 3923 7586 3560 7585 3559 7587 3923 7586 3559 7587 3900 7588 3900 7588 3559 7587 3558 7589 3900 7588 3558 7589 3901 7590 3901 7590 3558 7589 3557 7591 3901 7590 3557 7591 3902 7592 3902 7592 3557 7591 3556 7593 3902 7592 3556 7593 3903 7594 3903 7594 3556 7593 3555 7595 3903 7594 3555 7595 3817 7596 3817 7596 3555 7595 3818 7597 3818 7597 3555 7595 3554 7598 3818 7597 3554 7598 3553 7599 3818 7597 3553 7599 3819 7600 3819 7600 3553 7599 3552 7601 3819 7600 3552 7601 3551 7255 3602 7602 3117 7603 3603 7430 3603 7430 3117 7603 3116 7604 3603 7430 3116 7604 3671 7605 3671 7605 3116 7604 3672 7606 3672 7606 3116 7604 3115 7212 3672 7606 3115 7212 3673 7215 3602 7602 3601 7607 3117 7603 3117 7603 3601 7607 3118 7608 3118 7608 3601 7607 3600 7609 3118 7608 3600 7609 3599 7610 3118 7608 3599 7610 3119 7611 3119 7611 3599 7610 3598 7612 3119 7611 3598 7612 3120 7613 3120 7613 3598 7612 3597 7529 3120 7613 3597 7529 3121 7531 3621 7561 3872 7570 3626 7397 3626 7397 3872 7570 3874 7614 3626 7397 3874 7614 3713 7615 3713 7615 3874 7614 3714 7616 3714 7616 3874 7614 3715 7617 3715 7617 3874 7614 3716 7618 3716 7618 3874 7614 3717 7619 3717 7619 3874 7614 3718 7620 3718 7620 3874 7614 3719 7621 3719 7621 3874 7614 3720 7622 3720 7622 3874 7614 3721 7623 3721 7623 3874 7614 3722 7624 3722 7624 3874 7614 3869 7440 3722 7624 3869 7440 3723 7625 3723 7625 3869 7440 3700 7442 3624 7395 3662 7626 3620 7234 3620 7234 3662 7626 3661 7627 3620 7234 3661 7627 3660 7628 3671 7605 3670 7429 3603 7430 3665 7420 3664 7629 3624 7395 3624 7395 3664 7629 3663 7630 3624 7395 3663 7630 3662 7626 3660 7628 3659 7631 3620 7234 3620 7234 3659 7631 3658 7632 3620 7234 3658 7632 3657 7232 3713 7615 3712 7402 3626 7397 3797 7260 3748 7262 3798 7633 3798 7633 3748 7262 3771 7634 3798 7633 3771 7634 3799 7635 3799 7635 3771 7634 3770 7636 3799 7635 3770 7636 3800 7637 3800 7637 3770 7636 3801 7638 3801 7638 3770 7636 3769 7639 3801 7638 3769 7639 3802 7640 3802 7640 3769 7639 3768 7641 3802 7640 3768 7641 3803 7642 3803 7642 3768 7641 3767 7643 3803 7642 3767 7643 3804 7644 3804 7644 3767 7643 3766 7645 3804 7644 3766 7645 3805 7646 3805 7646 3766 7645 3765 7647 3805 7646 3765 7647 3806 7648 3806 7648 3765 7647 3764 7649 3806 7648 3764 7649 3763 7650 3806 7648 3763 7650 3807 7651 3807 7651 3763 7650 3762 7652 3807 7651 3762 7652 3808 7653 3808 7653 3762 7652 3868 7243 3808 7653 3868 7243 3809 7542 3762 7652 3761 7654 3868 7243 3868 7243 3761 7654 3869 7440 3869 7440 3761 7654 3760 7655 3869 7440 3760 7655 3759 7656 3759 7656 3758 7657 3869 7440 3869 7440 3758 7657 3858 7658 3869 7440 3858 7658 3857 7489 3858 7658 3758 7657 3859 7659 3859 7659 3758 7657 3757 7660 3859 7659 3757 7660 3860 7661 3860 7661 3757 7660 3756 7662 3860 7661 3756 7662 3861 7663 3861 7663 3756 7662 3755 7664 3861 7663 3755 7664 3862 7665 3862 7665 3755 7664 3754 7666 3862 7665 3754 7666 3863 7667 3863 7667 3754 7666 3753 7668 3863 7667 3753 7668 3864 7669 3864 7669 3753 7668 3752 7670 3864 7669 3752 7670 3865 7671 3865 7671 3752 7670 3751 7672 3865 7671 3751 7672 3866 7268 3866 7268 3751 7672 3750 7266 3796 7257 3819 7600 3551 7255 3903 7594 3817 7596 3904 7673 3904 7673 3817 7596 3816 7674 3904 7673 3816 7674 3905 7675 3905 7675 3816 7674 3815 7676 3905 7675 3815 7676 3906 7677 3906 7677 3815 7676 3814 7678 3906 7677 3814 7678 3907 7679 3907 7679 3814 7678 3813 7680 3907 7679 3813 7680 3908 7681 3908 7681 3813 7680 3812 7682 3908 7681 3812 7682 3909 7683 3909 7683 3812 7682 3811 7684 3909 7683 3811 7684 3469 7540 3469 7540 3811 7684 3810 7541 3099 7579 3920 7581 3100 7685 3100 7685 3920 7581 3919 7686 3100 7685 3919 7686 3918 7687 3100 7685 3918 7687 3468 7543 3468 7543 3918 7687 3917 7688 3468 7543 3917 7688 3916 7689 3916 7689 3915 7544 3468 7543 3913 7546 3912 7690 3469 7540 3469 7540 3912 7690 3911 7691 3469 7540 3911 7691 3910 7692 3910 7692 3909 7683 3469 7540 3112 7207 3111 7551 3474 7205 3109 7553 3108 7693 3472 7547 3472 7547 3108 7693 3107 7548 3105 7550 3104 7694 3468 7543 3468 7543 3104 7694 3103 7695 3468 7543 3103 7695 3102 7696 3102 7696 3101 7697 3468 7543 3468 7543 3101 7697 3100 7685 3899 7698 3538 7699 3876 7700 3876 7700 3538 7699 3537 7701 3876 7700 3537 7701 3877 7702 3877 7702 3537 7701 3536 7703 3877 7702 3536 7703 3878 7704 3878 7704 3536 7703 3535 7705 3878 7704 3535 7705 3879 7706 3879 7706 3535 7705 3534 7707 3879 7706 3534 7707 3880 7708 3880 7708 3534 7707 3881 7709 3881 7709 3534 7707 3533 7710 3881 7709 3533 7710 3245 7711 3245 7711 3533 7710 3246 7712 3246 7712 3533 7710 3532 7713 3246 7712 3532 7713 3247 7714 3247 7714 3532 7713 3289 7715 3247 7714 3289 7715 3248 7716 3248 7716 3289 7715 3288 7717 3248 7716 3288 7717 3249 7718 3249 7718 3288 7717 3250 7719 3250 7719 3288 7717 3287 7720 3250 7719 3287 7720 3251 7721 3251 7721 3287 7720 3286 7722 3251 7721 3286 7722 3228 7723 3228 7723 3286 7722 3988 7724 3228 7723 3988 7724 3987 7725 3538 7699 3899 7698 3539 7726 3539 7726 3899 7698 3898 7727 3539 7726 3898 7727 3540 7728 3540 7728 3898 7727 3897 7729 3540 7728 3897 7729 3541 7730 3541 7730 3897 7729 3775 7731 3541 7730 3775 7731 3774 7732 3775 7731 3897 7729 3776 7733 3776 7733 3897 7729 3896 7734 3776 7733 3896 7734 3777 7735 3777 7735 3896 7734 3895 7736 3777 7735 3895 7736 3778 7737 3778 7737 3895 7736 3894 7738 3778 7737 3894 7738 3779 7739 3779 7739 3894 7738 3893 7740 3779 7739 3893 7740 3780 7741 3780 7741 3893 7740 3892 7742 3780 7741 3892 7742 3781 7743 3781 7743 3892 7742 3891 7744 3781 7743 3891 7744 3470 7745 3470 7745 3891 7744 3890 7746 3470 7745 3890 7746 3889 7747 3889 7747 3888 7748 3470 7745 3470 7745 3888 7748 3887 7749 3470 7745 3887 7749 3886 7750 3886 7750 3885 7751 3470 7745 3470 7745 3885 7751 3471 7752 3471 7752 3885 7751 3884 7753 3471 7752 3884 7753 3883 7754 3883 7754 3882 7755 3471 7752 3471 7752 3882 7755 3881 7709 3471 7752 3881 7709 3245 7711 3875 7756 3678 7757 3870 7758 3870 7758 3678 7757 3677 7759 3870 7758 3677 7759 3676 7760 3873 7761 3627 7762 3875 7756 3875 7756 3627 7762 3687 7763 3875 7756 3687 7763 3686 7764 3871 7765 3494 7766 3873 7761 3873 7761 3494 7766 3493 7767 3873 7761 3493 7767 3492 7768 3870 7758 3735 7769 3871 7765 3871 7765 3735 7769 3734 7770 3871 7765 3734 7770 3784 7771 3784 7771 3734 7770 3785 7772 3785 7772 3734 7770 3733 7773 3785 7772 3733 7773 3786 7774 3786 7774 3733 7773 3732 7775 3786 7774 3732 7775 3731 7776 3821 7777 3820 7778 4041 7779 4041 7779 3820 7778 3843 7780 4041 7779 3843 7780 4042 7781 4042 7781 3843 7780 3842 7782 4042 7781 3842 7782 3841 7783 4042 7781 3841 7783 4043 7784 4043 7784 3841 7783 3840 7785 4043 7784 3840 7785 3839 7786 3839 7786 3838 7787 4043 7784 4043 7784 3838 7787 3837 7788 4043 7784 3837 7788 4044 7789 4044 7789 3837 7788 3836 7790 4044 7789 3836 7790 3835 7791 3835 7791 3834 7792 4044 7789 4044 7789 3834 7792 3833 7793 4044 7789 3833 7793 4045 7794 4045 7794 3833 7793 3832 7795 4045 7794 3832 7795 4046 7796 4046 7796 3832 7795 3831 7797 4046 7796 3831 7797 4047 7798 4047 7798 3831 7797 3870 7758 4047 7798 3870 7758 4048 7799 4048 7799 3870 7758 4049 7800 4049 7800 3870 7758 3421 7801 4049 7800 3421 7801 3420 7802 3831 7797 3830 7803 3870 7758 3870 7758 3830 7803 3738 7804 3870 7758 3738 7804 3737 7805 3738 7804 3830 7803 3739 7806 3739 7806 3830 7803 3829 7807 3739 7806 3829 7807 3740 7808 3740 7808 3829 7807 3828 7809 3740 7808 3828 7809 3741 7810 3741 7810 3828 7809 3827 7811 3741 7810 3827 7811 3742 7812 3742 7812 3827 7811 3826 7813 3742 7812 3826 7813 3743 7814 3743 7814 3826 7813 3825 7815 3743 7814 3825 7815 3744 7816 3744 7816 3825 7815 3824 7817 3744 7816 3824 7817 3745 7818 3745 7818 3824 7817 3823 7819 3745 7818 3823 7819 3746 7820 3746 7820 3823 7819 3822 7821 3746 7820 3822 7821 3192 7822 3192 7822 3822 7821 3821 7777 3192 7822 3821 7777 3193 7823 3193 7823 3821 7777 4040 7824 3193 7823 4040 7824 3194 7825 3194 7825 4040 7824 4039 7826 3194 7825 4039 7826 3195 7827 3195 7827 4039 7826 3196 7828 3196 7828 4039 7826 4038 7829 3196 7828 4038 7829 3197 7830 3197 7830 4038 7829 3198 7831 3198 7831 4038 7829 4037 7832 3198 7831 4037 7832 3199 7833 3199 7833 4037 7832 3200 7834 3200 7834 4037 7832 3201 7835 3201 7835 4037 7832 4017 7836 3201 7835 4017 7836 3202 7837 3202 7837 4017 7836 4016 7838 3202 7837 4016 7838 4015 7839 4040 7824 3821 7777 4041 7779 3795 7840 3188 7841 3772 7842 3772 7842 3188 7841 3187 7843 3772 7842 3187 7843 3186 7844 3794 7845 3724 7846 3795 7840 3795 7840 3724 7846 3189 7847 3795 7840 3189 7847 3188 7841 3724 7846 3794 7845 3725 7848 3725 7848 3794 7845 3793 7849 3725 7848 3793 7849 3726 7850 3726 7850 3793 7849 3792 7851 3726 7850 3792 7851 3791 7852 3726 7850 3791 7852 3727 7853 3727 7853 3791 7852 3790 7854 3727 7853 3790 7854 3728 7855 3728 7855 3790 7854 3789 7856 3728 7855 3789 7856 3729 7857 3729 7857 3789 7856 3788 7858 3729 7857 3788 7858 3730 7859 3730 7859 3788 7858 3787 7860 3730 7859 3787 7860 3731 7776 3731 7776 3787 7860 3786 7774 3784 7771 3783 7861 3871 7765 3871 7765 3783 7861 3782 7862 3871 7765 3782 7862 3470 7745 3470 7745 3782 7862 3781 7743 3773 7863 3543 7864 3774 7732 3774 7732 3543 7864 3542 7865 3774 7732 3542 7865 3541 7730 3772 7842 3545 7866 3773 7863 3773 7863 3545 7866 3544 7867 3773 7863 3544 7867 3543 7864 3189 7847 3724 7846 3190 7868 3190 7868 3724 7846 3747 7869 3190 7868 3747 7869 3191 7870 3191 7870 3747 7869 3746 7820 3191 7870 3746 7820 3192 7822 3737 7805 3736 7871 3870 7758 3870 7758 3736 7871 3735 7769 3676 7760 3699 7872 3870 7758 3870 7758 3699 7872 3698 7873 3870 7758 3698 7873 3422 7874 3422 7874 3698 7873 3423 7875 3423 7875 3698 7873 3697 7876 3423 7875 3697 7876 3424 7877 3424 7877 3697 7876 3696 7878 3424 7877 3696 7878 3425 7879 3425 7879 3696 7878 3695 7880 3425 7879 3695 7880 3372 7881 3372 7881 3695 7880 3694 7882 3372 7881 3694 7882 3373 7883 3373 7883 3694 7882 3693 7884 3373 7883 3693 7884 3692 7885 3373 7883 3692 7885 3374 7886 3374 7886 3692 7885 3691 7887 3374 7886 3691 7887 3375 7888 3375 7888 3691 7887 3690 7889 3375 7888 3690 7889 3376 7890 3376 7890 3690 7889 3689 7891 3376 7890 3689 7891 3377 7892 3377 7892 3689 7891 3688 7893 3377 7892 3688 7893 3378 7894 3378 7894 3688 7893 3379 7895 3379 7895 3688 7893 3627 7762 3379 7895 3627 7762 3380 7896 3380 7896 3627 7762 3381 7897 3381 7897 3627 7762 3382 7898 3382 7898 3627 7762 3937 7899 3382 7898 3937 7899 3383 7900 3383 7900 3937 7899 3384 7901 3384 7901 3937 7899 3385 7902 3385 7902 3937 7899 3386 7903 3386 7903 3937 7899 3933 7904 3386 7903 3933 7904 3932 7905 3688 7893 3687 7763 3627 7762 3686 7764 3685 7906 3875 7756 3875 7756 3685 7906 3684 7907 3875 7756 3684 7907 3683 7908 3683 7908 3682 7909 3875 7756 3875 7756 3682 7909 3681 7910 3875 7756 3681 7910 3680 7911 3680 7911 3679 7912 3875 7756 3875 7756 3679 7912 3678 7757 3651 7913 3143 7914 3628 7915 3628 7915 3143 7914 3142 7916 3628 7915 3142 7916 3141 7917 3143 7914 3651 7913 3144 7918 3144 7918 3651 7913 3650 7919 3144 7918 3650 7919 3145 7920 3145 7920 3650 7919 3649 7921 3145 7920 3649 7921 3648 7922 3145 7920 3648 7922 3146 7923 3146 7923 3648 7922 3647 7924 3146 7923 3647 7924 3147 7925 3147 7925 3647 7924 3623 7926 3147 7925 3623 7926 3148 7927 3148 7927 3623 7926 3149 7928 3149 7928 3623 7926 3150 7929 3150 7929 3623 7926 3151 7930 3151 7930 3623 7926 3152 7931 3152 7931 3623 7926 3153 7932 3153 7932 3623 7926 3479 7933 3153 7932 3479 7933 3871 7765 3871 7765 3479 7933 3478 7934 3871 7765 3478 7934 3477 7935 3647 7924 3646 7936 3623 7926 3623 7926 3646 7936 3645 7937 3623 7926 3645 7937 3644 7938 3644 7938 3643 7939 3623 7926 3623 7926 3643 7939 3642 7940 3623 7926 3642 7940 3625 7941 3625 7941 3642 7940 3641 7942 3625 7941 3641 7942 3640 7943 3640 7943 3639 7944 3625 7941 3625 7941 3639 7944 3343 7945 3625 7941 3343 7945 3342 7946 3343 7945 3639 7944 3344 7947 3344 7947 3639 7944 3638 7948 3344 7947 3638 7948 3345 7949 3345 7949 3638 7948 3637 7950 3345 7949 3637 7950 3346 7951 3346 7951 3637 7950 3636 7952 3346 7951 3636 7952 3347 7953 3347 7953 3636 7952 3635 7954 3347 7953 3635 7954 3634 7955 3633 7956 3589 7957 3634 7955 3634 7955 3589 7957 3588 7958 3634 7955 3588 7958 3347 7953 3347 7953 3588 7958 3324 7959 3324 7959 3588 7958 3587 7960 3324 7959 3587 7960 3586 7961 3589 7957 3633 7956 3590 7962 3590 7962 3633 7956 3632 7963 3590 7962 3632 7963 3591 7964 3591 7964 3632 7963 3137 7965 3591 7964 3137 7965 3136 7966 3632 7963 3631 7967 3137 7965 3137 7965 3631 7967 3138 7968 3138 7968 3631 7967 3630 7969 3138 7968 3630 7969 3139 7970 3139 7970 3630 7969 3140 7971 3140 7971 3630 7969 3629 7972 3140 7971 3629 7972 3141 7917 3141 7917 3629 7972 3628 7915 3627 7762 3873 7761 3622 7973 3622 7973 3873 7761 3491 7974 3622 7973 3491 7974 3490 7975 3627 7762 3625 7941 3937 7899 3937 7899 3625 7941 3939 7976 3939 7976 3625 7941 3338 7977 3939 7976 3338 7977 3337 7978 3622 7973 3483 7979 3623 7926 3623 7926 3483 7979 3482 7980 3623 7926 3482 7980 3481 7981 3595 7982 3980 7983 3572 7984 3572 7984 3980 7983 3979 7985 3572 7984 3979 7985 3573 7986 3573 7986 3979 7985 3574 7987 3574 7987 3979 7985 3978 7988 3574 7987 3978 7988 3575 7989 3575 7989 3978 7988 3576 7990 3576 7990 3978 7988 3577 7991 3577 7991 3978 7988 3977 7992 3577 7991 3977 7992 3578 7993 3578 7993 3977 7992 3579 7994 3579 7994 3977 7992 3580 7995 3580 7995 3977 7992 3581 7996 3581 7996 3977 7992 3582 7997 3582 7997 3977 7992 3976 7998 3582 7997 3976 7998 3583 7999 3583 7999 3976 7998 3584 8000 3584 8000 3976 7998 3975 8001 3584 8000 3975 8001 3585 8002 3585 8002 3975 8001 3325 8003 3585 8002 3325 8003 3586 7961 3586 7961 3325 8003 3324 7959 3594 8004 3473 8005 3595 7982 3595 7982 3473 8005 3981 8006 3595 7982 3981 8006 3980 7983 3594 8004 3593 8007 3473 8005 3473 8005 3593 8007 3592 8008 3473 8005 3592 8008 3136 7966 3136 7966 3592 8008 3591 7964 3547 8009 3298 8010 3524 8011 3524 8011 3298 8010 3297 8012 3524 8011 3297 8012 3296 8013 3546 8014 3183 8015 3547 8009 3547 8009 3183 8015 3182 8016 3547 8009 3182 8016 4005 8017 4005 8017 3182 8016 3181 8018 4005 8017 3181 8018 3180 8019 3545 7866 3185 8020 3546 8014 3546 8014 3185 8020 3184 8021 3546 8014 3184 8021 3183 8015 3532 7713 3531 8022 3289 7715 3289 7715 3531 8022 3290 8023 3290 8023 3531 8022 3530 8024 3290 8023 3530 8024 3529 8025 3290 8023 3529 8025 3291 8026 3291 8026 3529 8025 3528 8027 3291 8026 3528 8027 3292 8028 3292 8028 3528 8027 3527 8029 3292 8028 3527 8029 3293 8030 3293 8030 3527 8029 3526 8031 3293 8030 3526 8031 3294 8032 3294 8032 3526 8031 3525 8033 3294 8032 3525 8033 3295 8034 3295 8034 3525 8033 3296 8013 3296 8013 3525 8033 3524 8011 3477 7935 3476 8035 3871 7765 3871 7765 3476 8035 3499 8036 3871 7765 3499 8036 3498 8037 3498 8037 3497 8038 3871 7765 3871 7765 3497 8038 3496 8039 3871 7765 3496 8039 3495 8040 3495 8040 3494 7766 3871 7765 3492 7768 3491 7974 3873 7761 3490 7975 3489 8041 3622 7973 3622 7973 3489 8041 3488 8042 3622 7973 3488 8042 3487 8043 3487 8043 3486 8044 3622 7973 3622 7973 3486 8044 3485 8045 3622 7973 3485 8045 3484 8046 3484 8046 3483 7979 3622 7973 3481 7981 3480 8047 3623 7926 3623 7926 3480 8047 3479 7933 3470 7745 3475 8048 3871 7765 3871 7765 3475 8048 3154 8049 3871 7765 3154 8049 3153 7932 3473 8005 3133 8050 3475 8048 3475 8048 3133 8050 3132 8051 3475 8048 3132 8051 3155 8052 3981 8006 3473 8005 3982 8053 3982 8053 3473 8005 3471 7752 3982 8053 3471 7752 3241 8054 3241 8054 3471 7752 3242 8055 3242 8055 3471 7752 3243 8056 3243 8056 3471 7752 3244 8057 3244 8057 3471 7752 3245 7711 4049 7800 3420 7802 4050 8058 4050 8058 3420 7802 3443 8059 4050 8058 3443 8059 4051 8060 4051 8060 3443 8059 3442 8061 4051 8060 3442 8061 3441 8062 3441 8062 3440 8063 4051 8060 4051 8060 3440 8063 3439 8064 4051 8060 3439 8064 4052 8065 4052 8065 3439 8064 3438 8066 4052 8065 3438 8066 3437 8067 3437 8067 3436 8068 4052 8065 4052 8065 3436 8068 3435 8069 4052 8065 3435 8069 3434 8070 4052 8065 3434 8070 4053 8071 4053 8071 3434 8070 3433 8072 4053 8071 3433 8072 3432 8073 3431 8074 3393 8075 3432 8073 3432 8073 3393 8075 3392 8076 3432 8073 3392 8076 4053 8071 4053 8071 3392 8076 4054 8077 4054 8077 3392 8076 3391 8078 4054 8077 3391 8078 3390 8079 3393 8075 3431 8074 3394 8080 3394 8080 3431 8074 3430 8081 3394 8080 3430 8081 3395 8082 3395 8082 3430 8081 3429 8083 3395 8082 3429 8083 3428 8084 3395 8082 3428 8084 3372 7881 3372 7881 3428 8084 3427 8085 3372 7881 3427 8085 3426 8086 3426 8086 3425 7879 3372 7881 3422 7874 3421 7801 3870 7758 4055 8087 3387 8088 3931 8089 3931 8089 3387 8088 3386 7903 3931 8089 3386 7903 3932 7905 4054 8077 3390 8079 4055 8087 4055 8087 3390 8079 3389 8090 4055 8087 3389 8090 3388 8091 3202 7837 4015 7839 4005 8017 4005 8017 4015 7839 4014 8092 4005 8017 4014 8092 4013 8093 4013 8093 4012 8094 4005 8017 4005 8017 4003 8095 3547 8009 3547 8009 4003 8095 3298 8010 4002 8096 4001 8097 4003 8095 4003 8095 4001 8097 4000 8098 4003 8095 4000 8098 3999 8099 4003 8095 3999 8099 3278 8100 3278 8100 3999 8099 3998 8101 3278 8100 3998 8101 3991 8102 3278 8100 3991 8102 3279 8103 3279 8103 3991 8102 3990 8104 3279 8103 3990 8104 3280 8105 3280 8105 3990 8104 3281 8106 3281 8106 3990 8104 3282 8107 3282 8107 3990 8104 3989 8108 3282 8107 3989 8108 3283 8109 3283 8109 3989 8108 3284 8110 3284 8110 3989 8108 3988 7724 3284 8110 3988 7724 3285 8111 3285 8111 3988 7724 3286 7722 3986 8112 3230 8113 3987 7725 3987 7725 3230 8113 3229 8114 3987 7725 3229 8114 3228 7723 3985 8115 3234 8116 3986 8112 3986 8112 3234 8116 3233 8117 3986 8112 3233 8117 3232 8118 3984 8119 3238 8120 3985 8115 3985 8115 3238 8120 3237 8121 3985 8115 3237 8121 3236 8122 3983 8123 3240 8124 3984 8119 3984 8119 3240 8124 3239 8125 3984 8119 3239 8125 3238 8120 3240 8124 3983 8123 3241 8054 3241 8054 3983 8123 3982 8053 3325 8003 3975 8001 3326 8126 3326 8126 3975 8001 3974 8127 3326 8126 3974 8127 3327 8128 3327 8128 3974 8127 3328 8129 3328 8129 3974 8127 3973 8130 3328 8129 3973 8130 3329 8131 3329 8131 3973 8130 3330 8132 3330 8132 3973 8130 3972 8133 3330 8132 3972 8133 3331 8134 3331 8134 3972 8133 3332 8135 3332 8135 3972 8133 3333 8136 3333 8136 3972 8133 3951 8137 3333 8136 3951 8137 3334 8138 3334 8138 3951 8137 3950 8139 3334 8138 3950 8139 3949 8140 3334 8138 3949 8140 3939 7976 3939 7976 3949 8140 3948 8141 3939 7976 3948 8141 3947 8142 3947 8142 3946 8143 3939 7976 3936 8144 3935 8145 3937 7899 3937 7899 3935 8145 3934 8146 3937 7899 3934 8146 3933 7904 3388 8091 3387 8088 4055 8087 3342 7946 3341 8147 3625 7941 3625 7941 3341 8147 3340 8148 3625 7941 3340 8148 3339 8149 3339 8149 3338 7977 3625 7941 3337 7978 3336 8150 3939 7976 3939 7976 3336 8150 3335 8151 3939 7976 3335 8151 3334 8138 3277 8152 3276 8153 4003 8095 4003 8095 3276 8153 3299 8154 4003 8095 3299 8154 3298 8010 3278 8100 3277 8152 4003 8095 3236 8122 3235 8155 3985 8115 3985 8115 3235 8155 3234 8116 3232 8118 3231 8156 3986 8112 3986 8112 3231 8156 3230 8113 3180 8019 3203 8157 4005 8017 4005 8017 3203 8157 3202 7837 3772 7842 3186 7844 3545 7866 3545 7866 3186 7844 3185 8020 3155 8052 3154 8049 3475 8048 3136 7966 3135 8158 3473 8005 3473 8005 3135 8158 3134 8159 3473 8005 3134 8159 3133 8050</p>
        </triangles>
      </mesh>
    </geometry>
  </library_geometries>
  <library_visual_scenes>
    <visual_scene id="Scene" name="Scene">
      <node id="base_link-node" name="base_link" type="NODE">
        <instance_geometry url="#base_link-mesh">
          <bind_material>
            <technique_common>
              <instance_material symbol="HP_3D_HR_CB_PA_12__avec_imprimante_3D_en_couleurs_HP_Jet_Fusion_580_" target="#HP_3D_HR_CB_PA_12__avec_imprimante_3D_en_couleurs_HP_Jet_Fusion_580_"/>
            </technique_common>
          </bind_material>
        </instance_geometry>
      </node>
    </visual_scene>
  </library_visual_scenes>
  <scene>
    <instance_visual_scene url="#Scene"/>
  </scene>
</COLLADA>
