<?xml version="1.0" encoding="utf-8"?>
<COLLADA xmlns="http://www.collada.org/2005/11/COLLADASchema" version="1.4.1">
  <asset>
    <contributor>
      <authoring_tool>Fusion URDF/XACRO Exporter</authoring_tool>
    </contributor>
    <created>2026-05-12T14:25:33Z</created>
    <modified>2026-05-12T14:25:33Z</modified>
    <unit name="meter" meter="1.0"/>
    <up_axis>Z_UP</up_axis>
  </asset>
  <library_effects>
    <effect id="Peinture_-_Brillant_____maill______rouge_-effect">
      <profile_COMMON>
        <technique sid="common">
          <lambert>
            <emission><color>0 0 0 1</color></emission>
            <ambient><color>0.0000 0.0000 0.0000 1</color></ambient>
            <diffuse><color>0.7000 0.7000 0.7000 1</color></diffuse>
            <reflective><color>0 0 0 1</color></reflective>
            <transparent opaque="A_ONE"><color>1 1 1 1</color></transparent>
            <transparency><float>1</float></transparency>
          </lambert>
        </technique>
      </profile_COMMON>
    </effect>
  </library_effects>
  <library_materials>
    <material id="Peinture_-_Brillant_____maill______rouge_" name="Peinture_-_Brillant_ÃƒÂ©maillÃƒÂ©_(rouge)">
      <instance_effect url="#Peinture_-_Brillant_____maill______rouge_-effect"/>
    </material>
  </library_materials>
  <library_geometries>
    <geometry id="caster_wheel2-mesh" name="caster_wheel2">
      <mesh>
        <source id="caster_wheel2-mesh-positions">
          <float_array id="caster_wheel2-mesh-positions-array" count="4458">-0.015500 -0.000000 -0.046500 -0.015432 0.001451 -0.046500 -0.015228 0.002890 -0.046500 -0.014891 0.004303 -0.046500 -0.014422 0.005679 -0.046500 -0.013827 0.007004 -0.046500 -0.013110 0.008268 -0.046500 -0.012279 0.009460 -0.046500 -0.011339 0.010568 -0.046500 -0.010299 0.011583 -0.046500 -0.009169 0.012497 -0.046500 -0.007959 0.013301 -0.046500 -0.006678 0.013987 -0.046500 -0.005339 0.014551 -0.046500 -0.003953 0.014987 -0.046500 -0.002532 0.015292 -0.046500 -0.001089 0.015462 -0.046500 0.000363 0.015496 -0.046500 0.001813 0.015394 -0.046500 0.003246 0.015156 -0.046500 0.004651 0.014786 -0.046500 0.006015 0.014285 -0.046500 0.007327 0.013659 -0.046500 0.008574 0.012913 -0.046500 0.009745 0.012053 -0.046500 0.010831 0.011088 -0.046500 0.011822 0.010025 -0.046500 0.012708 0.008874 -0.046500 0.013484 0.007645 -0.046500 0.014140 0.006349 -0.046500 0.014673 0.004997 -0.046500 0.015076 0.003601 -0.046500 0.015347 0.002173 -0.046500 0.015483 0.000727 -0.046500 0.015483 -0.000727 -0.046500 0.015347 -0.002173 -0.046500 0.015076 -0.003601 -0.046500 0.014673 -0.004997 -0.046500 0.014140 -0.006349 -0.046500 0.013484 -0.007645 -0.046500 0.012708 -0.008874 -0.046500 0.011822 -0.010025 -0.046500 0.010831 -0.011088 -0.046500 0.009745 -0.012053 -0.046500 0.008574 -0.012913 -0.046500 0.007327 -0.013659 -0.046500 0.006015 -0.014285 -0.046500 0.004651 -0.014786 -0.046500 0.003246 -0.015156 -0.046500 0.001813 -0.015394 -0.046500 0.000363 -0.015496 -0.046500 -0.001089 -0.015462 -0.046500 -0.002532 -0.015292 -0.046500 -0.003953 -0.014987 -0.046500 -0.005339 -0.014551 -0.046500 -0.006678 -0.013987 -0.046500 -0.007959 -0.013301 -0.046500 -0.009169 -0.012497 -0.046500 -0.010299 -0.011583 -0.046500 -0.011339 -0.010568 -0.046500 -0.012279 -0.009460 -0.046500 -0.013110 -0.008268 -0.046500 -0.013827 -0.007004 -0.046500 -0.014422 -0.005679 -0.046500 -0.014891 -0.004303 -0.046500 -0.015228 -0.002890 -0.046500 -0.015432 -0.001451 -0.046500 -0.005500 -0.000000 -0.056500 -0.005432 -0.000860 -0.056500 -0.005231 -0.001700 -0.056500 -0.004901 -0.002497 -0.056500 -0.004450 -0.003233 -0.056500 -0.003889 -0.003889 -0.056500 -0.003233 -0.004450 -0.056500 -0.002497 -0.004901 -0.056500 -0.001700 -0.005231 -0.056500 -0.000860 -0.005432 -0.056500 0.000000 -0.005500 -0.056500 0.000860 -0.005432 -0.056500 0.001700 -0.005231 -0.056500 0.002497 -0.004901 -0.056500 0.003233 -0.004450 -0.056500 0.003889 -0.003889 -0.056500 0.004450 -0.003233 -0.056500 0.004901 -0.002497 -0.056500 0.005231 -0.001700 -0.056500 0.005432 -0.000860 -0.056500 0.005500 -0.000000 -0.056500 0.005432 0.000860 -0.056500 0.005231 0.001700 -0.056500 0.004901 0.002497 -0.056500 0.004450 0.003233 -0.056500 0.003889 0.003889 -0.056500 0.003233 0.004450 -0.056500 0.002497 0.004901 -0.056500 0.001700 0.005231 -0.056500 0.000860 0.005432 -0.056500 0.000000 0.005500 -0.056500 -0.000860 0.005432 -0.056500 -0.001700 0.005231 -0.056500 -0.002497 0.004901 -0.056500 -0.003233 0.004450 -0.056500 -0.003889 0.003889 -0.056500 -0.004450 0.003233 -0.056500 -0.004901 0.002497 -0.056500 -0.005231 0.001700 -0.056500 -0.005432 0.000860 -0.056500 0.015437 -0.000000 -0.047620 0.015249 -0.000000 -0.048725 0.014939 -0.000000 -0.049803 0.014510 -0.000000 -0.050839 0.013967 -0.000000 -0.051820 0.013318 -0.000000 -0.052735 0.012571 -0.000000 -0.053571 0.011735 -0.000000 -0.054318 0.010820 -0.000000 -0.054967 0.009839 -0.000000 -0.055510 0.008803 -0.000000 -0.055939 0.007725 -0.000000 -0.056249 0.006620 -0.000000 -0.056437 0.006359 -0.001838 -0.056437 0.006159 -0.002425 -0.056437 0.004842 -0.004513 -0.056437 0.004399 -0.004947 -0.056437 0.002280 -0.006215 -0.056437 0.001688 -0.006401 -0.056437 -0.000774 -0.006574 -0.056437 -0.001386 -0.006473 -0.056437 -0.003662 -0.005515 -0.056437 -0.004162 -0.005148 -0.056437 -0.005758 -0.003265 -0.056437 -0.006039 -0.002711 -0.056437 -0.006612 -0.000310 -0.056437 -0.006612 0.000310 -0.056437 -0.006039 0.002711 -0.056437 -0.005758 0.003265 -0.056437 -0.004162 0.005148 -0.056437 -0.003662 0.005515 -0.056437 -0.001386 0.006473 -0.056437 -0.000774 0.006574 -0.056437 0.001688 0.006401 -0.056437 0.002280 0.006215 -0.056437 0.004399 0.004947 -0.056437 0.004842 0.004513 -0.056437 0.006159 0.002425 -0.056437 0.006359 0.001838 -0.056437 -0.015420 0.000724 -0.047620 -0.015233 0.000715 -0.048725 -0.014922 0.000700 -0.049803 -0.014494 0.000680 -0.050839 -0.013952 0.000655 -0.051820 -0.013304 0.000624 -0.052735 -0.012557 0.000589 -0.053571 -0.011722 0.000550 -0.054318 -0.010808 0.000507 -0.054967 -0.009828 0.000461 -0.055510 -0.008793 0.000413 -0.055939 -0.007717 0.000362 -0.056249 -0.007717 -0.000362 -0.056249 -0.008793 -0.000413 -0.055939 -0.009828 -0.000461 -0.055510 -0.010808 -0.000507 -0.054967 -0.011722 -0.000550 -0.054318 -0.012557 -0.000589 -0.053571 -0.013304 -0.000624 -0.052735 -0.013952 -0.000655 -0.051820 -0.014494 -0.000680 -0.050839 -0.014922 -0.000700 -0.049803 -0.015233 -0.000715 -0.048725 -0.015420 -0.000724 -0.047620 -0.015285 0.002164 -0.047620 -0.015099 0.002138 -0.048725 -0.014791 0.002095 -0.049803 -0.014366 0.002034 -0.050839 -0.013829 0.001958 -0.051820 -0.013187 0.001867 -0.052735 -0.012447 0.001763 -0.053571 -0.011619 0.001645 -0.054318 -0.010713 0.001517 -0.054967 -0.009742 0.001379 -0.055510 -0.008716 0.001234 -0.055939 -0.007649 0.001083 -0.056249 -0.006554 0.000928 -0.056437 -0.015015 0.003586 -0.047620 -0.014832 0.003542 -0.048725 -0.014530 0.003470 -0.049803 -0.014113 0.003371 -0.050839 -0.013585 0.003245 -0.051820 -0.012954 0.003094 -0.052735 -0.012227 0.002920 -0.053571 -0.011414 0.002726 -0.054318 -0.010524 0.002514 -0.054967 -0.009570 0.002286 -0.055510 -0.008562 0.002045 -0.055939 -0.007514 0.001795 -0.056249 -0.006439 0.001538 -0.056437 -0.014613 0.004976 -0.047620 -0.014435 0.004916 -0.048725 -0.014141 0.004816 -0.049803 -0.013735 0.004677 -0.050839 -0.013222 0.004503 -0.051820 -0.012607 0.004293 -0.052735 -0.011900 0.004052 -0.053571 -0.011108 0.003783 -0.054318 -0.010243 0.003488 -0.054967 -0.009314 0.003172 -0.055510 -0.008333 0.002838 -0.055939 -0.007313 0.002490 -0.056249 -0.006266 0.002134 -0.056437 -0.014083 0.006323 -0.047620 -0.013911 0.006246 -0.048725 -0.013628 0.006119 -0.049803 -0.013237 0.005943 -0.050839 -0.012742 0.005721 -0.051820 -0.012150 0.005455 -0.052735 -0.011468 0.005149 -0.053571 -0.010705 0.004807 -0.054318 -0.009871 0.004432 -0.054967 -0.008976 0.004030 -0.055510 -0.008031 0.003606 -0.055939 -0.007047 0.003164 -0.056249 -0.013429 0.007614 -0.047620 -0.013265 0.007521 -0.048725 -0.012995 0.007368 -0.049803 -0.012622 0.007156 -0.050839 -0.012150 0.006889 -0.051820 -0.011586 0.006569 -0.052735 -0.010936 0.006200 -0.053571 -0.010208 0.005788 -0.054318 -0.009413 0.005337 -0.054967 -0.008559 0.004853 -0.055510 -0.007658 0.004342 -0.055939 -0.006720 0.003810 -0.056249 -0.012657 0.008838 -0.047620 -0.012503 0.008730 -0.048725 -0.012248 0.008553 -0.049803 -0.011896 0.008307 -0.050839 -0.011452 0.007996 -0.051820 -0.010920 0.007625 -0.052735 -0.010307 0.007197 -0.053571 -0.009621 0.006718 -0.054318 -0.008872 0.006195 -0.054967 -0.008067 0.005633 -0.055510 -0.007217 0.005040 -0.055939 -0.006334 0.004423 -0.056249 -0.005427 0.003790 -0.056437 -0.011774 0.009984 -0.047620 -0.011630 0.009863 -0.048725 -0.011394 0.009662 -0.049803 -0.011066 0.009384 -0.050839 -0.010653 0.009034 -0.051820 -0.010158 0.008614 -0.052735 -0.009588 0.008131 -0.053571 -0.008950 0.007590 -0.054318 -0.008253 0.006998 -0.054967 -0.007504 0.006363 -0.055510 -0.006714 0.005693 -0.055939 -0.005892 0.004996 -0.056249 -0.005049 0.004281 -0.056437 -0.010787 0.011043 -0.047620 -0.010656 0.010909 -0.048725 -0.010439 0.010686 -0.049803 -0.010139 0.010379 -0.050839 -0.009760 0.009991 -0.051820 -0.009306 0.009527 -0.052735 -0.008784 0.008993 -0.053571 -0.008200 0.008395 -0.054318 -0.007561 0.007740 -0.054967 -0.006875 0.007038 -0.055510 -0.006151 0.006297 -0.055939 -0.005398 0.005526 -0.056249 -0.004626 0.004735 -0.056437 -0.009706 0.012004 -0.047620 -0.009587 0.011858 -0.048725 -0.009392 0.011617 -0.049803 -0.009122 0.011283 -0.050839 -0.008781 0.010861 -0.051820 -0.008373 0.010357 -0.052735 -0.007904 0.009776 -0.053571 -0.007378 0.009125 -0.054318 -0.006803 0.008414 -0.054967 -0.006186 0.007651 -0.055510 -0.005534 0.006845 -0.055939 -0.004857 0.006007 -0.056249 -0.008539 0.012861 -0.047620 -0.008435 0.012704 -0.048725 -0.008263 0.012445 -0.049803 -0.008026 0.012088 -0.050839 -0.007726 0.011636 -0.051820 -0.007367 0.011095 -0.052735 -0.006953 0.010473 -0.053571 -0.006491 0.009776 -0.054318 -0.005985 0.009014 -0.054967 -0.005442 0.008197 -0.055510 -0.004869 0.007334 -0.055939 -0.004273 0.006436 -0.056249 -0.007297 0.013604 -0.047620 -0.007208 0.013438 -0.048725 -0.007061 0.013165 -0.049803 -0.006859 0.012786 -0.050839 -0.006602 0.012308 -0.051820 -0.006295 0.011736 -0.052735 -0.005942 0.011078 -0.053571 -0.005547 0.010341 -0.054318 -0.005115 0.009535 -0.054967 -0.004651 0.008670 -0.055510 -0.004161 0.007757 -0.055939 -0.003652 0.006808 -0.056249 -0.003129 0.005833 -0.056437 -0.005991 0.014227 -0.047620 -0.005918 0.014054 -0.048725 -0.005798 0.013768 -0.049803 -0.005631 0.013372 -0.050839 -0.005421 0.012873 -0.051820 -0.005169 0.012274 -0.052735 -0.004879 0.011586 -0.053571 -0.004554 0.010815 -0.054318 -0.004199 0.009972 -0.054967 -0.003818 0.009068 -0.055510 -0.003416 0.008113 -0.055939 -0.002998 0.007120 -0.056249 -0.002569 0.006101 -0.056437 -0.004632 0.014726 -0.047620 -0.004576 0.014546 -0.048725 -0.004483 0.014250 -0.049803 -0.004354 0.013841 -0.050839 -0.004191 0.013324 -0.051820 -0.003997 0.012705 -0.052735 -0.003772 0.011992 -0.053571 -0.003521 0.011194 -0.054318 -0.003247 0.010322 -0.054967 -0.002952 0.009385 -0.055510 -0.002642 0.008397 -0.055939 -0.002318 0.007369 -0.056249 -0.001986 0.006315 -0.056437 -0.003233 0.015095 -0.047620 -0.003194 0.014911 -0.048725 -0.003129 0.014608 -0.049803 -0.003039 0.014188 -0.050839 -0.002925 0.013657 -0.051820 -0.002789 0.013023 -0.052735 -0.002633 0.012292 -0.053571 -0.002458 0.011475 -0.054318 -0.002266 0.010580 -0.054967 -0.002061 0.009621 -0.055510 -0.001844 0.008608 -0.055939 -0.001618 0.007554 -0.056249 -0.001805 0.015331 -0.047620 -0.001783 0.015145 -0.048725 -0.001747 0.014836 -0.049803 -0.001697 0.014410 -0.050839 -0.001634 0.013871 -0.051820 -0.001558 0.013227 -0.052735 -0.001470 0.012485 -0.053571 -0.001372 0.011654 -0.054318 -0.001265 0.010746 -0.054967 -0.001151 0.009771 -0.055510 -0.001030 0.008742 -0.055939 -0.000904 0.007672 -0.056249 -0.000362 0.015433 -0.047620 -0.000357 0.015245 -0.048725 -0.000350 0.014935 -0.049803 -0.000340 0.014506 -0.050839 -0.000327 0.013963 -0.051820 -0.000312 0.013315 -0.052735 -0.000295 0.012568 -0.053571 -0.000275 0.011732 -0.054318 -0.000254 0.010817 -0.054967 -0.000231 0.009836 -0.055510 -0.000206 0.008800 -0.055939 -0.000181 0.007723 -0.056249 -0.000155 0.006618 -0.056437 0.001085 0.015399 -0.047620 0.001072 0.015212 -0.048725 0.001050 0.014902 -0.049803 0.001020 0.014474 -0.050839 0.000982 0.013933 -0.051820 0.000936 0.013285 -0.052735 0.000883 0.012540 -0.053571 0.000825 0.011706 -0.054318 0.000760 0.010794 -0.054967 0.000691 0.009815 -0.055510 0.000619 0.008781 -0.055939 0.000543 0.007706 -0.056249 0.000465 0.006603 -0.056437 0.002522 0.015230 -0.047620 0.002491 0.015044 -0.048725 0.002441 0.014738 -0.049803 0.002371 0.014315 -0.050839 0.002282 0.013780 -0.051820 0.002176 0.013139 -0.052735 0.002054 0.012402 -0.053571 0.001917 0.011577 -0.054318 0.001768 0.010675 -0.054967 0.001607 0.009707 -0.055510 0.001438 0.008685 -0.055939 0.001262 0.007621 -0.056249 0.001081 0.006531 -0.056437 0.003937 0.014927 -0.047620 0.003889 0.014745 -0.048725 0.003810 0.014445 -0.049803 0.003701 0.014030 -0.050839 0.003562 0.013505 -0.051820 0.003397 0.012878 -0.052735 0.003206 0.012155 -0.053571 0.002993 0.011347 -0.054318 0.002760 0.010462 -0.054967 0.002509 0.009513 -0.055510 0.002245 0.008512 -0.055939 0.001970 0.007470 -0.056249 0.005318 0.014492 -0.047620 0.005253 0.014316 -0.048725 0.005146 0.014025 -0.049803 0.004998 0.013622 -0.050839 0.004811 0.013112 -0.051820 0.004588 0.012503 -0.052735 0.004330 0.011802 -0.053571 0.004042 0.011017 -0.054318 0.003727 0.010158 -0.054967 0.003389 0.009237 -0.055510 0.003032 0.008264 -0.055939 0.002661 0.007252 -0.056249 0.006651 0.013931 -0.047620 0.006570 0.013761 -0.048725 0.006437 0.013481 -0.049803 0.006252 0.013094 -0.050839 0.006018 0.012604 -0.051820 0.005738 0.012019 -0.052735 0.005416 0.011344 -0.053571 0.005056 0.010590 -0.054318 0.004662 0.009764 -0.054967 0.004239 0.008879 -0.055510 0.003793 0.007944 -0.055939 0.003329 0.006971 -0.056249 0.002852 0.005974 -0.056437 0.007927 0.013247 -0.047620 0.007830 0.013085 -0.048725 0.007671 0.012819 -0.049803 0.007450 0.012451 -0.050839 0.007172 0.011985 -0.051820 0.006839 0.011429 -0.052735 0.006455 0.010787 -0.053571 0.006026 0.010070 -0.054318 0.005556 0.009285 -0.054967 0.005052 0.008443 -0.055510 0.004520 0.007554 -0.055939 0.003967 0.006629 -0.056249 0.003399 0.005680 -0.056437 0.009132 0.012446 -0.047620 0.009021 0.012295 -0.048725 0.008837 0.012044 -0.049803 0.008584 0.011698 -0.050839 0.008263 0.011261 -0.051820 0.007879 0.010738 -0.052735 0.007437 0.010135 -0.053571 0.006942 0.009461 -0.054318 0.006401 0.008724 -0.054967 0.005820 0.007933 -0.055510 0.005207 0.007097 -0.055939 0.004570 0.006228 -0.056249 0.003916 0.005337 -0.056437 0.010258 0.011536 -0.047620 0.010133 0.011396 -0.048725 0.009926 0.011164 -0.049803 0.009641 0.010843 -0.050839 0.009281 0.010438 -0.051820 0.008850 0.009953 -0.052735 0.008353 0.009395 -0.053571 0.007798 0.008770 -0.054318 0.007190 0.008086 -0.054967 0.006538 0.007353 -0.055510 0.005849 0.006578 -0.055939 0.005133 0.005773 -0.056249 0.011293 0.010525 -0.047620 0.011155 0.010397 -0.048725 0.010928 0.010185 -0.049803 0.010614 0.009893 -0.050839 0.010217 0.009523 -0.051820 0.009743 0.009081 -0.052735 0.009196 0.008571 -0.053571 0.008584 0.008001 -0.054318 0.007915 0.007377 -0.054967 0.007197 0.006708 -0.055510 0.006440 0.006002 -0.055939 0.005651 0.005267 -0.056249 0.012229 0.009421 -0.047620 0.012080 0.009307 -0.048725 0.011834 0.009117 -0.049803 0.011494 0.008855 -0.050839 0.011064 0.008524 -0.051820 0.010550 0.008128 -0.052735 0.009958 0.007672 -0.053571 0.009296 0.007162 -0.054318 0.008571 0.006604 -0.054967 0.007794 0.006005 -0.055510 0.006973 0.005372 -0.055939 0.006120 0.004715 -0.056249 0.005244 0.004040 -0.056437 0.013057 0.008235 -0.047620 0.012898 0.008135 -0.048725 0.012636 0.007969 -0.049803 0.012273 0.007740 -0.050839 0.011814 0.007451 -0.051820 0.011265 0.007105 -0.052735 0.010633 0.006706 -0.053571 0.009926 0.006260 -0.054318 0.009152 0.005772 -0.054967 0.008322 0.005249 -0.055510 0.007446 0.004696 -0.055939 0.006534 0.004121 -0.056249 0.005599 0.003531 -0.056437 0.013771 0.006976 -0.047620 0.013603 0.006891 -0.048725 0.013326 0.006751 -0.049803 0.012944 0.006557 -0.050839 0.012460 0.006312 -0.051820 0.011881 0.006019 -0.052735 0.011214 0.005681 -0.053571 0.010468 0.005303 -0.054318 0.009652 0.004890 -0.054967 0.008777 0.004446 -0.055510 0.007853 0.003978 -0.055939 0.006891 0.003491 -0.056249 0.005905 0.002991 -0.056437 0.014364 0.005656 -0.047620 0.014189 0.005587 -0.048725 0.013900 0.005473 -0.049803 0.013501 0.005316 -0.050839 0.012996 0.005117 -0.051820 0.012392 0.004880 -0.052735 0.011697 0.004606 -0.053571 0.010919 0.004299 -0.054318 0.010068 0.003964 -0.054967 0.009155 0.003605 -0.055510 0.008191 0.003225 -0.055939 0.007188 0.002830 -0.056249 0.014830 0.004286 -0.047620 0.014650 0.004234 -0.048725 0.014352 0.004148 -0.049803 0.013939 0.004028 -0.050839 0.013418 0.003878 -0.051820 0.012795 0.003698 -0.052735 0.012077 0.003490 -0.053571 0.011274 0.003258 -0.054318 0.010395 0.003004 -0.054967 0.009452 0.002732 -0.055510 0.008457 0.002444 -0.055939 0.007422 0.002145 -0.056249 0.015166 0.002878 -0.047620 0.014982 0.002843 -0.048725 0.014677 0.002785 -0.049803 0.014255 0.002705 -0.050839 0.013722 0.002604 -0.051820 0.013085 0.002483 -0.052735 0.012351 0.002344 -0.053571 0.011529 0.002188 -0.054318 0.010631 0.002018 -0.054967 0.009666 0.001835 -0.055510 0.008648 0.001641 -0.055939 0.007590 0.001440 -0.056249 0.006504 0.001234 -0.056437 0.015369 0.001446 -0.047620 0.015182 0.001428 -0.048725 0.014873 0.001399 -0.049803 0.014446 0.001359 -0.050839 0.013906 0.001308 -0.051820 0.013260 0.001247 -0.052735 0.012516 0.001177 -0.053571 0.011683 0.001099 -0.054318 0.010773 0.001013 -0.054967 0.009796 0.000921 -0.055510 0.008764 0.000824 -0.055939 0.007691 0.000723 -0.056249 0.006591 0.000620 -0.056437 0.015369 -0.001446 -0.047620 0.015182 -0.001428 -0.048725 0.014873 -0.001399 -0.049803 0.014446 -0.001359 -0.050839 0.013906 -0.001308 -0.051820 0.013260 -0.001247 -0.052735 0.012516 -0.001177 -0.053571 0.011683 -0.001099 -0.054318 0.010773 -0.001013 -0.054967 0.009796 -0.000921 -0.055510 0.008764 -0.000824 -0.055939 0.007691 -0.000723 -0.056249 0.006591 -0.000620 -0.056437 0.015166 -0.002878 -0.047620 0.014982 -0.002843 -0.048725 0.014677 -0.002786 -0.049803 0.014255 -0.002705 -0.050839 0.013722 -0.002604 -0.051820 0.013085 -0.002483 -0.052735 0.012351 -0.002344 -0.053571 0.011529 -0.002188 -0.054318 0.010631 -0.002018 -0.054967 0.009666 -0.001835 -0.055510 0.008648 -0.001641 -0.055939 0.007590 -0.001440 -0.056249 0.006504 -0.001234 -0.056437 0.014830 -0.004286 -0.047620 0.014650 -0.004234 -0.048725 0.014352 -0.004148 -0.049803 0.013939 -0.004028 -0.050839 0.013418 -0.003878 -0.051820 0.012795 -0.003698 -0.052735 0.012077 -0.003490 -0.053571 0.011274 -0.003258 -0.054318 0.010395 -0.003004 -0.054967 0.009452 -0.002732 -0.055510 0.008457 -0.002444 -0.055939 0.007422 -0.002145 -0.056249 0.014364 -0.005656 -0.047620 0.014189 -0.005587 -0.048725 0.013900 -0.005473 -0.049803 0.013501 -0.005316 -0.050839 0.012996 -0.005117 -0.051820 0.012392 -0.004880 -0.052735 0.011697 -0.004606 -0.053571 0.010919 -0.004299 -0.054318 0.010068 -0.003964 -0.054967 0.009155 -0.003605 -0.055510 0.008191 -0.003225 -0.055939 0.007188 -0.002830 -0.056249 0.013771 -0.006976 -0.047620 0.013603 -0.006891 -0.048725 0.013326 -0.006751 -0.049803 0.012944 -0.006557 -0.050839 0.012460 -0.006312 -0.051820 0.011881 -0.006019 -0.052735 0.011214 -0.005681 -0.053571 0.010468 -0.005303 -0.054318 0.009652 -0.004890 -0.054967 0.008777 -0.004446 -0.055510 0.007853 -0.003978 -0.055939 0.006891 -0.003491 -0.056249 0.005905 -0.002991 -0.056437 0.013057 -0.008235 -0.047620 0.012898 -0.008135 -0.048725 0.012636 -0.007969 -0.049803 0.012273 -0.007740 -0.050839 0.011814 -0.007451 -0.051820 0.011265 -0.007105 -0.052735 0.010633 -0.006706 -0.053571 0.009926 -0.006260 -0.054318 0.009152 -0.005772 -0.054967 0.008322 -0.005249 -0.055510 0.007446 -0.004696 -0.055939 0.006534 -0.004121 -0.056249 0.005599 -0.003531 -0.056437 0.012229 -0.009421 -0.047620 0.012080 -0.009307 -0.048725 0.011834 -0.009117 -0.049803 0.011494 -0.008855 -0.050839 0.011064 -0.008524 -0.051820 0.010550 -0.008128 -0.052735 0.009958 -0.007672 -0.053571 0.009296 -0.007162 -0.054318 0.008571 -0.006604 -0.054967 0.007794 -0.006005 -0.055510 0.006973 -0.005372 -0.055939 0.006120 -0.004715 -0.056249 0.005244 -0.004040 -0.056437 0.011293 -0.010525 -0.047620 0.011155 -0.010397 -0.048725 0.010928 -0.010185 -0.049803 0.010614 -0.009893 -0.050839 0.010217 -0.009523 -0.051820 0.009743 -0.009081 -0.052735 0.009196 -0.008571 -0.053571 0.008584 -0.008001 -0.054318 0.007915 -0.007377 -0.054967 0.007197 -0.006708 -0.055510 0.006440 -0.006002 -0.055939 0.005651 -0.005267 -0.056249 0.010258 -0.011536 -0.047620 0.010133 -0.011396 -0.048725 0.009926 -0.011164 -0.049803 0.009641 -0.010843 -0.050839 0.009281 -0.010438 -0.051820 0.008850 -0.009953 -0.052735 0.008353 -0.009395 -0.053571 0.007798 -0.008770 -0.054318 0.007190 -0.008086 -0.054967 0.006538 -0.007353 -0.055510 0.005849 -0.006578 -0.055939 0.005133 -0.005773 -0.056249 0.009132 -0.012446 -0.047620 0.009021 -0.012295 -0.048725 0.008837 -0.012044 -0.049803 0.008584 -0.011698 -0.050839 0.008263 -0.011261 -0.051820 0.007879 -0.010738 -0.052735 0.007437 -0.010135 -0.053571 0.006942 -0.009461 -0.054318 0.006401 -0.008724 -0.054967 0.005820 -0.007933 -0.055510 0.005207 -0.007097 -0.055939 0.004570 -0.006228 -0.056249 0.003916 -0.005337 -0.056437 0.007927 -0.013247 -0.047620 0.007830 -0.013085 -0.048725 0.007671 -0.012819 -0.049803 0.007450 -0.012451 -0.050839 0.007172 -0.011985 -0.051820 0.006839 -0.011429 -0.052735 0.006455 -0.010787 -0.053571 0.006026 -0.010070 -0.054318 0.005556 -0.009285 -0.054967 0.005052 -0.008443 -0.055510 0.004520 -0.007554 -0.055939 0.003967 -0.006629 -0.056249 0.003399 -0.005680 -0.056437 0.006651 -0.013931 -0.047620 0.006570 -0.013761 -0.048725 0.006437 -0.013481 -0.049803 0.006252 -0.013094 -0.050839 0.006018 -0.012604 -0.051820 0.005738 -0.012019 -0.052735 0.005416 -0.011344 -0.053571 0.005056 -0.010590 -0.054318 0.004662 -0.009764 -0.054967 0.004239 -0.008879 -0.055510 0.003793 -0.007944 -0.055939 0.003329 -0.006971 -0.056249 0.002852 -0.005974 -0.056437 0.005318 -0.014492 -0.047620 0.005253 -0.014316 -0.048725 0.005146 -0.014025 -0.049803 0.004998 -0.013622 -0.050839 0.004811 -0.013112 -0.051820 0.004588 -0.012503 -0.052735 0.004330 -0.011802 -0.053571 0.004042 -0.011017 -0.054318 0.003727 -0.010158 -0.054967 0.003389 -0.009237 -0.055510 0.003032 -0.008264 -0.055939 0.002661 -0.007252 -0.056249 0.003937 -0.014927 -0.047620 0.003889 -0.014745 -0.048725 0.003810 -0.014445 -0.049803 0.003701 -0.014030 -0.050839 0.003562 -0.013505 -0.051820 0.003397 -0.012878 -0.052735 0.003206 -0.012155 -0.053571 0.002993 -0.011347 -0.054318 0.002760 -0.010462 -0.054967 0.002509 -0.009513 -0.055510 0.002245 -0.008512 -0.055939 0.001970 -0.007470 -0.056249 0.002522 -0.015230 -0.047620 0.002491 -0.015044 -0.048725 0.002441 -0.014738 -0.049803 0.002371 -0.014315 -0.050839 0.002282 -0.013780 -0.051820 0.002176 -0.013139 -0.052735 0.002054 -0.012402 -0.053571 0.001917 -0.011577 -0.054318 0.001768 -0.010675 -0.054967 0.001607 -0.009707 -0.055510 0.001438 -0.008685 -0.055939 0.001262 -0.007621 -0.056249 0.001081 -0.006531 -0.056437 0.001085 -0.015399 -0.047620 0.001072 -0.015212 -0.048725 0.001050 -0.014902 -0.049803 0.001020 -0.014474 -0.050839 0.000982 -0.013933 -0.051820 0.000936 -0.013285 -0.052735 0.000883 -0.012540 -0.053571 0.000825 -0.011706 -0.054318 0.000760 -0.010794 -0.054967 0.000691 -0.009815 -0.055510 0.000619 -0.008781 -0.055939 0.000543 -0.007706 -0.056249 0.000465 -0.006603 -0.056437 -0.000362 -0.015433 -0.047620 -0.000357 -0.015245 -0.048725 -0.000350 -0.014935 -0.049803 -0.000340 -0.014506 -0.050839 -0.000327 -0.013963 -0.051820 -0.000312 -0.013315 -0.052735 -0.000295 -0.012568 -0.053571 -0.000275 -0.011732 -0.054318 -0.000254 -0.010817 -0.054967 -0.000231 -0.009836 -0.055510 -0.000206 -0.008800 -0.055939 -0.000181 -0.007723 -0.056249 -0.000155 -0.006618 -0.056437 -0.001805 -0.015331 -0.047620 -0.001783 -0.015145 -0.048725 -0.001747 -0.014836 -0.049803 -0.001697 -0.014410 -0.050839 -0.001634 -0.013871 -0.051820 -0.001558 -0.013227 -0.052735 -0.001470 -0.012485 -0.053571 -0.001372 -0.011654 -0.054318 -0.001265 -0.010746 -0.054967 -0.001151 -0.009771 -0.055510 -0.001030 -0.008742 -0.055939 -0.000904 -0.007672 -0.056249 -0.003233 -0.015095 -0.047620 -0.003194 -0.014911 -0.048725 -0.003129 -0.014608 -0.049803 -0.003039 -0.014188 -0.050839 -0.002925 -0.013657 -0.051820 -0.002789 -0.013023 -0.052735 -0.002633 -0.012292 -0.053571 -0.002458 -0.011475 -0.054318 -0.002266 -0.010580 -0.054967 -0.002061 -0.009621 -0.055510 -0.001844 -0.008608 -0.055939 -0.001618 -0.007554 -0.056249 -0.004632 -0.014726 -0.047620 -0.004576 -0.014546 -0.048725 -0.004483 -0.014250 -0.049803 -0.004354 -0.013841 -0.050839 -0.004191 -0.013324 -0.051820 -0.003997 -0.012705 -0.052735 -0.003772 -0.011992 -0.053571 -0.003521 -0.011194 -0.054318 -0.003247 -0.010322 -0.054967 -0.002952 -0.009385 -0.055510 -0.002642 -0.008397 -0.055939 -0.002318 -0.007369 -0.056249 -0.001986 -0.006315 -0.056437 -0.005991 -0.014227 -0.047620 -0.005918 -0.014054 -0.048725 -0.005798 -0.013768 -0.049803 -0.005631 -0.013372 -0.050839 -0.005421 -0.012873 -0.051820 -0.005169 -0.012274 -0.052735 -0.004879 -0.011586 -0.053571 -0.004554 -0.010815 -0.054318 -0.004199 -0.009972 -0.054967 -0.003818 -0.009068 -0.055510 -0.003416 -0.008113 -0.055939 -0.002998 -0.007120 -0.056249 -0.002569 -0.006101 -0.056437 -0.007297 -0.013604 -0.047620 -0.007208 -0.013438 -0.048725 -0.007061 -0.013165 -0.049803 -0.006859 -0.012786 -0.050839 -0.006602 -0.012308 -0.051820 -0.006295 -0.011737 -0.052735 -0.005942 -0.011078 -0.053571 -0.005547 -0.010341 -0.054318 -0.005115 -0.009535 -0.054967 -0.004651 -0.008670 -0.055510 -0.004161 -0.007757 -0.055939 -0.003652 -0.006808 -0.056249 -0.003129 -0.005833 -0.056437 -0.008539 -0.012861 -0.047620 -0.008435 -0.012704 -0.048725 -0.008263 -0.012445 -0.049803 -0.008026 -0.012088 -0.050839 -0.007726 -0.011636 -0.051820 -0.007367 -0.011095 -0.052735 -0.006953 -0.010473 -0.053571 -0.006491 -0.009776 -0.054318 -0.005985 -0.009014 -0.054967 -0.005442 -0.008197 -0.055510 -0.004869 -0.007334 -0.055939 -0.004273 -0.006436 -0.056249 -0.009706 -0.012004 -0.047620 -0.009587 -0.011858 -0.048725 -0.009392 -0.011617 -0.049803 -0.009122 -0.011283 -0.050839 -0.008781 -0.010861 -0.051820 -0.008373 -0.010357 -0.052735 -0.007904 -0.009776 -0.053571 -0.007378 -0.009125 -0.054318 -0.006803 -0.008414 -0.054967 -0.006186 -0.007651 -0.055510 -0.005534 -0.006845 -0.055939 -0.004857 -0.006007 -0.056249 -0.010787 -0.011043 -0.047620 -0.010656 -0.010909 -0.048725 -0.010439 -0.010686 -0.049803 -0.010139 -0.010379 -0.050839 -0.009760 -0.009991 -0.051820 -0.009306 -0.009527 -0.052735 -0.008784 -0.008993 -0.053571 -0.008200 -0.008395 -0.054318 -0.007561 -0.007740 -0.054967 -0.006875 -0.007038 -0.055510 -0.006151 -0.006297 -0.055939 -0.005398 -0.005526 -0.056249 -0.004626 -0.004735 -0.056437 -0.011774 -0.009984 -0.047620 -0.011630 -0.009863 -0.048725 -0.011394 -0.009662 -0.049803 -0.011066 -0.009384 -0.050839 -0.010653 -0.009034 -0.051820 -0.010158 -0.008614 -0.052735 -0.009588 -0.008131 -0.053571 -0.008950 -0.007590 -0.054318 -0.008253 -0.006998 -0.054967 -0.007504 -0.006363 -0.055510 -0.006714 -0.005693 -0.055939 -0.005892 -0.004996 -0.056249 -0.005049 -0.004281 -0.056437 -0.012657 -0.008838 -0.047620 -0.012503 -0.008730 -0.048725 -0.012248 -0.008553 -0.049803 -0.011896 -0.008307 -0.050839 -0.011452 -0.007996 -0.051820 -0.010920 -0.007625 -0.052735 -0.010307 -0.007197 -0.053571 -0.009621 -0.006718 -0.054318 -0.008872 -0.006195 -0.054967 -0.008067 -0.005633 -0.055510 -0.007217 -0.005040 -0.055939 -0.006334 -0.004423 -0.056249 -0.005427 -0.003790 -0.056437 -0.013429 -0.007614 -0.047620 -0.013265 -0.007521 -0.048725 -0.012995 -0.007368 -0.049803 -0.012622 -0.007156 -0.050839 -0.012150 -0.006889 -0.051820 -0.011586 -0.006569 -0.052735 -0.010936 -0.006200 -0.053571 -0.010208 -0.005788 -0.054318 -0.009413 -0.005337 -0.054967 -0.008559 -0.004853 -0.055510 -0.007658 -0.004342 -0.055939 -0.006720 -0.003810 -0.056249 -0.014083 -0.006323 -0.047620 -0.013911 -0.006246 -0.048725 -0.013628 -0.006119 -0.049803 -0.013237 -0.005943 -0.050839 -0.012742 -0.005721 -0.051820 -0.012150 -0.005455 -0.052735 -0.011468 -0.005149 -0.053571 -0.010705 -0.004807 -0.054318 -0.009871 -0.004432 -0.054967 -0.008976 -0.004030 -0.055510 -0.008031 -0.003606 -0.055939 -0.007047 -0.003164 -0.056249 -0.014613 -0.004976 -0.047620 -0.014435 -0.004916 -0.048725 -0.014141 -0.004816 -0.049803 -0.013735 -0.004677 -0.050839 -0.013222 -0.004503 -0.051820 -0.012607 -0.004293 -0.052735 -0.011900 -0.004052 -0.053571 -0.011108 -0.003783 -0.054318 -0.010243 -0.003488 -0.054967 -0.009314 -0.003172 -0.055510 -0.008333 -0.002838 -0.055939 -0.007313 -0.002490 -0.056249 -0.006266 -0.002134 -0.056437 -0.015015 -0.003586 -0.047620 -0.014832 -0.003542 -0.048725 -0.014530 -0.003470 -0.049803 -0.014113 -0.003371 -0.050839 -0.013585 -0.003245 -0.051820 -0.012954 -0.003094 -0.052735 -0.012227 -0.002920 -0.053571 -0.011414 -0.002726 -0.054318 -0.010524 -0.002514 -0.054967 -0.009570 -0.002286 -0.055510 -0.008562 -0.002045 -0.055939 -0.007514 -0.001795 -0.056249 -0.006439 -0.001538 -0.056437 -0.015285 -0.002164 -0.047620 -0.015099 -0.002138 -0.048725 -0.014791 -0.002095 -0.049803 -0.014366 -0.002034 -0.050839 -0.013829 -0.001958 -0.051820 -0.013187 -0.001867 -0.052735 -0.012447 -0.001763 -0.053571 -0.011619 -0.001645 -0.054318 -0.010713 -0.001517 -0.054967 -0.009742 -0.001379 -0.055510 -0.008716 -0.001234 -0.055939 -0.007649 -0.001083 -0.056249 -0.006554 -0.000928 -0.056437 -0.015500 -0.000000 0.003000 -0.015432 0.001451 0.003000 -0.015228 0.002890 0.003000 -0.014891 0.004303 0.003000 -0.014422 0.005679 0.003000 -0.013827 0.007004 0.003000 -0.013110 0.008268 0.003000 -0.012279 0.009460 0.003000 -0.011339 0.010568 0.003000 -0.010299 0.011583 0.003000 -0.009169 0.012497 0.003000 -0.007959 0.013301 0.003000 -0.006678 0.013987 0.003000 -0.005339 0.014551 0.003000 -0.003953 0.014987 0.003000 -0.002532 0.015292 0.003000 -0.001089 0.015462 0.003000 0.000363 0.015496 0.003000 0.001813 0.015394 0.003000 0.003246 0.015156 0.003000 0.004651 0.014786 0.003000 0.006015 0.014285 0.003000 0.007327 0.013659 0.003000 0.008574 0.012913 0.003000 0.009745 0.012053 0.003000 0.010831 0.011088 0.003000 0.011822 0.010025 0.003000 0.012708 0.008874 0.003000 0.013484 0.007645 0.003000 0.014140 0.006349 0.003000 0.014673 0.004997 0.003000 0.015076 0.003601 0.003000 0.015347 0.002173 0.003000 0.015483 0.000727 0.003000 0.015483 -0.000727 0.003000 0.015347 -0.002173 0.003000 0.015076 -0.003601 0.003000 0.014673 -0.004997 0.003000 0.014140 -0.006349 0.003000 0.013484 -0.007645 0.003000 0.012708 -0.008874 0.003000 0.011822 -0.010025 0.003000 0.010831 -0.011088 0.003000 0.009745 -0.012053 0.003000 0.008574 -0.012913 0.003000 0.007327 -0.013659 0.003000 0.006015 -0.014285 0.003000 0.004651 -0.014786 0.003000 0.003246 -0.015156 0.003000 0.001813 -0.015394 0.003000 0.000363 -0.015496 0.003000 -0.001089 -0.015462 0.003000 -0.002532 -0.015292 0.003000 -0.003953 -0.014987 0.003000 -0.005339 -0.014551 0.003000 -0.006678 -0.013987 0.003000 -0.007959 -0.013301 0.003000 -0.009169 -0.012497 0.003000 -0.010299 -0.011583 0.003000 -0.011339 -0.010568 0.003000 -0.012279 -0.009460 0.003000 -0.013110 -0.008268 0.003000 -0.013827 -0.007004 0.003000 -0.014422 -0.005679 0.003000 -0.014891 -0.004303 0.003000 -0.015228 -0.002890 0.003000 -0.015432 -0.001451 0.003000 -0.015500 -0.000000 -0.021750 -0.015432 0.001451 -0.021750 -0.015228 0.002890 -0.021750 -0.014891 0.004303 -0.021750 -0.014422 0.005679 -0.021750 -0.013827 0.007004 -0.021750 -0.013110 0.008268 -0.021750 -0.012279 0.009460 -0.021750 -0.011339 0.010568 -0.021750 -0.010299 0.011583 -0.021750 -0.009169 0.012497 -0.021750 -0.007959 0.013301 -0.021750 -0.006678 0.013987 -0.021750 -0.005339 0.014551 -0.021750 -0.003953 0.014987 -0.021750 -0.002532 0.015292 -0.021750 -0.001089 0.015462 -0.021750 0.000363 0.015496 -0.021750 0.001813 0.015394 -0.021750 0.003246 0.015156 -0.021750 0.004651 0.014786 -0.021750 0.006015 0.014285 -0.021750 0.007327 0.013659 -0.021750 0.008574 0.012913 -0.021750 0.009745 0.012053 -0.021750 0.010831 0.011088 -0.021750 0.011822 0.010025 -0.021750 0.012708 0.008874 -0.021750 0.013484 0.007645 -0.021750 0.014140 0.006349 -0.021750 0.014673 0.004997 -0.021750 0.015076 0.003601 -0.021750 0.015347 0.002173 -0.021750 0.015483 0.000727 -0.021750 0.015483 -0.000727 -0.021750 0.015347 -0.002173 -0.021750 0.015076 -0.003601 -0.021750 0.014673 -0.004997 -0.021750 0.014140 -0.006349 -0.021750 0.013484 -0.007645 -0.021750 0.012708 -0.008874 -0.021750 0.011822 -0.010025 -0.021750 0.010831 -0.011088 -0.021750 0.009745 -0.012053 -0.021750 0.008574 -0.012913 -0.021750 0.007327 -0.013659 -0.021750 0.006015 -0.014285 -0.021750 0.004651 -0.014786 -0.021750 0.003246 -0.015156 -0.021750 0.001813 -0.015394 -0.021750 0.000363 -0.015496 -0.021750 -0.001089 -0.015462 -0.021750 -0.002532 -0.015292 -0.021750 -0.003953 -0.014987 -0.021750 -0.005339 -0.014551 -0.021750 -0.006678 -0.013987 -0.021750 -0.007959 -0.013301 -0.021750 -0.009169 -0.012497 -0.021750 -0.010299 -0.011583 -0.021750 -0.011339 -0.010568 -0.021750 -0.012279 -0.009460 -0.021750 -0.013110 -0.008268 -0.021750 -0.013827 -0.007004 -0.021750 -0.014422 -0.005679 -0.021750 -0.014891 -0.004303 -0.021750 -0.015228 -0.002890 -0.021750 -0.015432 -0.001451 -0.021750 -0.008070 -0.022500 0.012500 -0.007584 -0.022500 0.012560 -0.007127 -0.022500 0.012737 -0.006726 -0.022500 0.013019 -0.006406 -0.022500 0.013391 -0.006406 0.022500 0.013391 -0.006726 0.022500 0.013019 -0.007127 0.022500 0.012737 -0.007584 0.022500 0.012560 -0.008070 0.022500 0.012500 -0.007584 -0.013500 0.012560 -0.007584 -0.004500 0.012560 -0.007584 0.004500 0.012560 -0.007584 0.013500 0.012560 -0.007127 -0.013500 0.012737 -0.007127 -0.004500 0.012737 -0.007127 0.004500 0.012737 -0.007127 0.013500 0.012737 -0.006726 -0.013500 0.013019 -0.006726 -0.004500 0.013019 -0.006726 0.004500 0.013019 -0.006726 0.013500 0.013019 0.004664 -0.022500 0.029996 0.004664 0.022500 0.029996 0.005000 0.022500 0.031106 0.004962 0.022500 0.030716 0.004848 0.022500 0.030341 0.004848 -0.022500 0.030341 0.004962 -0.022500 0.030716 0.005000 -0.022500 0.031106 0.004962 0.015000 0.030716 0.004962 0.007500 0.030716 0.004962 0.000000 0.030716 0.004962 -0.007500 0.030716 0.004962 -0.015000 0.030716 0.004848 0.015000 0.030341 0.004848 0.007500 0.030341 0.004848 0.000000 0.030341 0.004848 -0.007500 0.030341 0.004848 -0.015000 0.030341 0.005000 -0.022500 0.035500 0.005000 0.022500 0.035500 0.016400 -0.017500 0.035500 0.016333 -0.018077 0.035500 0.016134 -0.018622 0.035500 0.015815 -0.019107 0.035500 0.015393 -0.019505 0.035500 0.014890 -0.019796 0.035500 0.014334 -0.019962 0.035500 0.013755 -0.019996 0.035500 0.013183 -0.019895 0.035500 0.012650 -0.019665 0.035500 0.012184 -0.019318 0.035500 0.011811 -0.018874 0.035500 0.011551 -0.018355 0.035500 0.011417 -0.017790 0.035500 0.011417 -0.017210 0.035500 0.011551 -0.016645 0.035500 0.011811 -0.016126 0.035500 0.012184 -0.015682 0.035500 0.012650 -0.015335 0.035500 0.013183 -0.015105 0.035500 0.013755 -0.015004 0.035500 0.014334 -0.015038 0.035500 0.014890 -0.015204 0.035500 0.015393 -0.015495 0.035500 0.015815 -0.015893 0.035500 0.016134 -0.016378 0.035500 0.016333 -0.016923 0.035500 0.016400 0.017500 0.035500 0.016333 0.016923 0.035500 0.016134 0.016378 0.035500 0.015815 0.015893 0.035500 0.015393 0.015495 0.035500 0.014890 0.015204 0.035500 0.014334 0.015038 0.035500 0.013755 0.015004 0.035500 0.013183 0.015105 0.035500 0.012650 0.015335 0.035500 0.012184 0.015682 0.035500 0.011811 0.016126 0.035500 0.011551 0.016645 0.035500 0.011417 0.017210 0.035500 0.011417 0.017790 0.035500 0.011551 0.018355 0.035500 0.011811 0.018874 0.035500 0.012184 0.019318 0.035500 0.012650 0.019665 0.035500 0.013183 0.019895 0.035500 0.013755 0.019996 0.035500 0.014334 0.019962 0.035500 0.014890 0.019796 0.035500 0.015393 0.019505 0.035500 0.015815 0.019107 0.035500 0.016134 0.018622 0.035500 0.016333 0.018077 0.035500 0.019000 -0.022500 0.035500 0.019000 0.022500 0.035500 0.016400 0.017500 0.003000 0.016333 0.016923 0.003000 0.016134 0.016378 0.003000 0.015815 0.015893 0.003000 0.015393 0.015495 0.003000 0.014890 0.015204 0.003000 0.014334 0.015038 0.003000 0.013755 0.015004 0.003000 0.013183 0.015105 0.003000 0.012650 0.015335 0.003000 0.012184 0.015682 0.003000 0.011811 0.016126 0.003000 0.011551 0.016645 0.003000 0.011417 0.017210 0.003000 0.011417 0.017790 0.003000 0.011551 0.018355 0.003000 0.011811 0.018874 0.003000 0.012184 0.019318 0.003000 0.012650 0.019665 0.003000 0.013183 0.019895 0.003000 0.013755 0.019996 0.003000 0.014334 0.019962 0.003000 0.014890 0.019796 0.003000 0.015393 0.019505 0.003000 0.015815 0.019107 0.003000 0.016134 0.018622 0.003000 0.016333 0.018077 0.003000 0.016400 0.017500 0.024667 0.016400 0.017500 0.013833 0.016333 0.018077 0.024667 0.016333 0.018077 0.013833 0.016134 0.018622 0.024667 0.016134 0.018622 0.013833 0.015815 0.019107 0.024667 0.015815 0.019107 0.013833 0.015393 0.019505 0.024667 0.015393 0.019505 0.013833 0.014890 0.019796 0.024667 0.014890 0.019796 0.013833 0.014334 0.019962 0.024667 0.014334 0.019962 0.013833 0.013755 0.019996 0.024667 0.013755 0.019996 0.013833 0.013183 0.019895 0.024667 0.013183 0.019895 0.013833 0.012650 0.019665 0.024667 0.012650 0.019665 0.013833 0.012184 0.019318 0.024667 0.012184 0.019318 0.013833 0.011811 0.018874 0.024667 0.011811 0.018874 0.013833 0.011551 0.018355 0.024667 0.011551 0.018355 0.013833 0.011417 0.017790 0.024667 0.011417 0.017790 0.013833 0.011417 0.017210 0.024667 0.011417 0.017210 0.013833 0.011551 0.016645 0.024667 0.011551 0.016645 0.013833 0.011811 0.016126 0.024667 0.011811 0.016126 0.013833 0.012184 0.015682 0.024667 0.012184 0.015682 0.013833 0.012650 0.015335 0.024667 0.012650 0.015335 0.013833 0.013183 0.015105 0.024667 0.013183 0.015105 0.013833 0.013755 0.015004 0.024667 0.013755 0.015004 0.013833 0.014334 0.015038 0.024667 0.014334 0.015038 0.013833 0.014890 0.015204 0.024667 0.014890 0.015204 0.013833 0.015393 0.015495 0.024667 0.015393 0.015495 0.013833 0.015815 0.015893 0.024667 0.015815 0.015893 0.013833 0.016134 0.016378 0.024667 0.016134 0.016378 0.013833 0.016333 0.016923 0.024667 0.016333 0.016923 0.013833 -0.011400 0.017500 0.012500 -0.011467 0.018077 0.012500 -0.011666 0.018622 0.012500 -0.011985 0.019107 0.012500 -0.012407 0.019505 0.012500 -0.012910 0.019796 0.012500 -0.013466 0.019962 0.012500 -0.014045 0.019996 0.012500 -0.014617 0.019895 0.012500 -0.015150 0.019665 0.012500 -0.015616 0.019318 0.012500 -0.015989 0.018874 0.012500 -0.016249 0.018355 0.012500 -0.016383 0.017790 0.012500 -0.016383 0.017210 0.012500 -0.016249 0.016645 0.012500 -0.015989 0.016126 0.012500 -0.015616 0.015682 0.012500 -0.015150 0.015335 0.012500 -0.014617 0.015105 0.012500 -0.014045 0.015004 0.012500 -0.013466 0.015038 0.012500 -0.012910 0.015204 0.012500 -0.012407 0.015495 0.012500 -0.011985 0.015893 0.012500 -0.011666 0.016378 0.012500 -0.011467 0.016923 0.012500 -0.011400 0.017500 0.003000 -0.011467 0.016923 0.003000 -0.011666 0.016378 0.003000 -0.011985 0.015893 0.003000 -0.012407 0.015495 0.003000 -0.012910 0.015204 0.003000 -0.013466 0.015038 0.003000 -0.014045 0.015004 0.003000 -0.014617 0.015105 0.003000 -0.015150 0.015335 0.003000 -0.015616 0.015682 0.003000 -0.015989 0.016126 0.003000 -0.016249 0.016645 0.003000 -0.016383 0.017210 0.003000 -0.016383 0.017790 0.003000 -0.016249 0.018355 0.003000 -0.015989 0.018874 0.003000 -0.015616 0.019318 0.003000 -0.015150 0.019665 0.003000 -0.014617 0.019895 0.003000 -0.014045 0.019996 0.003000 -0.013466 0.019962 0.003000 -0.012910 0.019796 0.003000 -0.012407 0.019505 0.003000 -0.011985 0.019107 0.003000 -0.011666 0.018622 0.003000 -0.011467 0.018077 0.003000 -0.011400 -0.017500 0.012500 -0.011467 -0.016923 0.012500 -0.011666 -0.016378 0.012500 -0.011985 -0.015893 0.012500 -0.012407 -0.015495 0.012500 -0.012910 -0.015204 0.012500 -0.013466 -0.015038 0.012500 -0.014045 -0.015004 0.012500 -0.014617 -0.015105 0.012500 -0.015150 -0.015335 0.012500 -0.015616 -0.015682 0.012500 -0.015989 -0.016126 0.012500 -0.016249 -0.016645 0.012500 -0.016383 -0.017210 0.012500 -0.016383 -0.017790 0.012500 -0.016249 -0.018355 0.012500 -0.015989 -0.018874 0.012500 -0.015616 -0.019318 0.012500 -0.015150 -0.019665 0.012500 -0.014617 -0.019895 0.012500 -0.014045 -0.019996 0.012500 -0.013466 -0.019962 0.012500 -0.012910 -0.019796 0.012500 -0.012407 -0.019505 0.012500 -0.011985 -0.019107 0.012500 -0.011666 -0.018622 0.012500 -0.011467 -0.018077 0.012500 -0.011400 -0.017500 0.003000 -0.011467 -0.018077 0.003000 -0.011666 -0.018622 0.003000 -0.011985 -0.019107 0.003000 -0.012407 -0.019505 0.003000 -0.012910 -0.019796 0.003000 -0.013466 -0.019962 0.003000 -0.014045 -0.019996 0.003000 -0.014617 -0.019895 0.003000 -0.015150 -0.019665 0.003000 -0.015616 -0.019318 0.003000 -0.015989 -0.018874 0.003000 -0.016249 -0.018355 0.003000 -0.016383 -0.017790 0.003000 -0.016383 -0.017210 0.003000 -0.016249 -0.016645 0.003000 -0.015989 -0.016126 0.003000 -0.015616 -0.015682 0.003000 -0.015150 -0.015335 0.003000 -0.014617 -0.015105 0.003000 -0.014045 -0.015004 0.003000 -0.013466 -0.015038 0.003000 -0.012910 -0.015204 0.003000 -0.012407 -0.015495 0.003000 -0.011985 -0.015893 0.003000 -0.011666 -0.016378 0.003000 -0.011467 -0.016923 0.003000 0.016400 -0.017500 0.003000 0.016333 -0.018077 0.003000 0.016134 -0.018622 0.003000 0.015815 -0.019107 0.003000 0.015393 -0.019505 0.003000 0.014890 -0.019796 0.003000 0.014334 -0.019962 0.003000 0.013755 -0.019996 0.003000 0.013183 -0.019895 0.003000 0.012650 -0.019665 0.003000 0.012184 -0.019318 0.003000 0.011811 -0.018874 0.003000 0.011551 -0.018355 0.003000 0.011417 -0.017790 0.003000 0.011417 -0.017210 0.003000 0.011551 -0.016645 0.003000 0.011811 -0.016126 0.003000 0.012184 -0.015682 0.003000 0.012650 -0.015335 0.003000 0.013183 -0.015105 0.003000 0.013755 -0.015004 0.003000 0.014334 -0.015038 0.003000 0.014890 -0.015204 0.003000 0.015393 -0.015495 0.003000 0.015815 -0.015893 0.003000 0.016134 -0.016378 0.003000 0.016333 -0.016923 0.003000 0.016400 -0.017500 0.024667 0.016400 -0.017500 0.013833 0.016333 -0.016923 0.024667 0.016333 -0.016923 0.013833 0.016134 -0.016378 0.024667 0.016134 -0.016378 0.013833 0.015815 -0.015893 0.024667 0.015815 -0.015893 0.013833 0.015393 -0.015495 0.024667 0.015393 -0.015495 0.013833 0.014890 -0.015204 0.024667 0.014890 -0.015204 0.013833 0.014334 -0.015038 0.024667 0.014334 -0.015038 0.013833 0.013755 -0.015004 0.024667 0.013755 -0.015004 0.013833 0.013183 -0.015105 0.024667 0.013183 -0.015105 0.013833 0.012650 -0.015335 0.024667 0.012650 -0.015335 0.013833 0.012184 -0.015682 0.024667 0.012184 -0.015682 0.013833 0.011811 -0.016126 0.024667 0.011811 -0.016126 0.013833 0.011551 -0.016645 0.024667 0.011551 -0.016645 0.013833 0.011417 -0.017210 0.024667 0.011417 -0.017210 0.013833 0.011417 -0.017790 0.024667 0.011417 -0.017790 0.013833 0.011551 -0.018355 0.024667 0.011551 -0.018355 0.013833 0.011811 -0.018874 0.024667 0.011811 -0.018874 0.013833 0.012184 -0.019318 0.024667 0.012184 -0.019318 0.013833 0.012650 -0.019665 0.024667 0.012650 -0.019665 0.013833 0.013183 -0.019895 0.024667 0.013183 -0.019895 0.013833 0.013755 -0.019996 0.024667 0.013755 -0.019996 0.013833 0.014334 -0.019962 0.024667 0.014334 -0.019962 0.013833 0.014890 -0.019796 0.024667 0.014890 -0.019796 0.013833 0.015393 -0.019505 0.024667 0.015393 -0.019505 0.013833 0.015815 -0.019107 0.024667 0.015815 -0.019107 0.013833 0.016134 -0.018622 0.024667 0.016134 -0.018622 0.013833 0.016333 -0.018077 0.024667 0.016333 -0.018077 0.013833 0.019000 0.022500 0.003000 -0.019000 0.022500 0.003000 -0.019000 0.022500 0.012500 0.019000 -0.022500 0.003000 -0.019000 -0.022500 0.003000 -0.019000 -0.022500 0.012500</float_array>
          <technique_common>
            <accessor source="#caster_wheel2-mesh-positions-array" count="1486" stride="3">
              <param name="X" type="float"/>
              <param name="Y" type="float"/>
              <param name="Z" type="float"/>
            </accessor>
          </technique_common>
        </source>
        <source id="caster_wheel2-mesh-normals">
          <float_array id="caster_wheel2-mesh-normals-array" count="5421">-0.995606 0.093641 -0.000000 -0.992620 0.046578 -0.111964 -1.000000 0.000000 -0.000000 -0.992620 -0.046578 -0.111964 -0.995606 -0.093641 -0.000000 -0.983897 -0.139323 -0.111964 -0.982463 -0.186460 -0.000000 -0.966527 -0.230845 -0.111964 -0.960685 -0.277640 -0.000000 -0.940664 -0.320337 -0.111964 -0.930465 -0.366380 -0.000000 -0.906533 -0.407015 -0.111964 -0.892068 -0.451900 -0.000000 -0.864437 -0.490116 -0.111964 -0.845832 -0.533449 -0.000000 -0.814743 -0.568909 -0.111964 -0.792162 -0.610310 -0.000000 -0.757890 -0.642703 -0.111964 -0.731531 -0.681808 -0.000000 -0.694376 -0.710849 -0.111964 -0.664471 -0.747314 -0.000000 -0.624760 -0.772748 -0.111964 -0.591572 -0.806252 -0.000000 -0.549653 -0.827856 -0.111964 -0.513474 -0.858105 -0.000000 -0.469716 -0.875689 -0.111964 -0.430864 -0.902417 -0.000000 -0.385652 -0.915826 -0.111964 -0.344467 -0.938798 -0.000000 -0.298198 -0.947915 -0.111964 -0.255043 -0.966930 -0.000000 -0.208123 -0.971673 -0.111964 -0.163377 -0.986564 -0.000000 -0.116220 -0.986893 -0.111964 -0.070276 -0.997528 -0.000000 -0.023295 -0.993439 -0.111964 0.023443 -0.999725 -0.000000 0.069834 -0.991255 -0.111964 0.116955 -0.993137 -0.000000 0.162350 -0.980360 -0.111964 0.209440 -0.977821 -0.000000 0.253439 -0.960850 -0.111964 0.300085 -0.953913 -0.000000 0.342301 -0.932896 -0.111964 0.388092 -0.921621 -0.000000 0.428155 -0.896743 -0.111964 0.472689 -0.881230 -0.000000 0.510246 -0.852709 -0.111964 0.553131 -0.833094 -0.000000 0.587853 -0.801182 -0.111964 0.628713 -0.777638 0.000000 0.660293 -0.742615 -0.111964 0.698769 -0.715347 0.000000 0.726932 -0.677521 -0.111964 0.762685 -0.646770 0.000000 0.787182 -0.606473 -0.111964 0.819898 -0.572509 0.000000 0.840514 -0.530095 -0.111964 0.869906 -0.493217 0.000000 0.886459 -0.449059 -0.111964 0.912270 -0.409590 0.000000 0.924615 -0.364076 -0.111964 0.946616 -0.322364 0.000000 0.954645 -0.275894 -0.111964 0.972643 -0.232305 0.000000 0.976285 -0.185288 -0.111964 0.990123 -0.140205 0.000000 0.989346 -0.093053 -0.111964 0.998901 -0.046872 0.000000 0.993712 -0.000000 -0.111964 0.998901 0.046872 0.000000 0.989346 0.093053 -0.111964 0.990123 0.140205 0.000000 0.976285 0.185288 -0.111964 0.972643 0.232305 0.000000 0.954645 0.275894 -0.111964 0.946616 0.322364 0.000000 0.924615 0.364076 -0.111964 0.912270 0.409590 0.000000 0.886459 0.449059 -0.111964 0.869906 0.493217 0.000000 0.840514 0.530095 -0.111964 0.819898 0.572509 0.000000 0.787182 0.606473 -0.111964 0.762685 0.646770 0.000000 0.726932 0.677521 -0.111964 0.698769 0.715347 0.000000 0.660293 0.742615 -0.111964 0.628713 0.777638 0.000000 0.587853 0.801182 -0.111964 0.553131 0.833094 0.000000 0.510246 0.852709 -0.111964 0.472689 0.881230 0.000000 0.428155 0.896743 -0.111964 0.388092 0.921621 0.000000 0.342301 0.932896 -0.111964 0.300085 0.953913 0.000000 0.253439 0.960850 -0.111964 0.209440 0.977821 0.000000 0.162350 0.980360 -0.111964 0.116955 0.993137 0.000000 0.069834 0.991255 -0.111964 0.023443 0.999725 0.000000 -0.023295 0.993439 -0.111964 -0.070276 0.997528 0.000000 -0.116220 0.986893 -0.111964 -0.163377 0.986564 0.000000 -0.208123 0.971673 -0.111964 -0.255043 0.966930 0.000000 -0.298198 0.947915 -0.111964 -0.344467 0.938798 0.000000 -0.385652 0.915826 -0.111964 -0.430864 0.902417 0.000000 -0.469716 0.875689 -0.111964 -0.513474 0.858105 0.000000 -0.549653 0.827856 -0.111964 -0.591572 0.806252 0.000000 -0.624760 0.772748 -0.111964 -0.664471 0.747314 -0.000000 -0.694376 0.710849 -0.111964 -0.731531 0.681808 -0.000000 -0.757890 0.642703 -0.111964 -0.792162 0.610310 -0.000000 -0.814743 0.568909 -0.111964 -0.845832 0.533449 -0.000000 -0.864437 0.490116 -0.111964 -0.892068 0.451900 -0.000000 -0.906533 0.407015 -0.111964 -0.930465 0.366380 -0.000000 -0.940664 0.320337 -0.111964 -0.960685 0.277640 -0.000000 -0.966527 0.230845 -0.111964 -0.982463 0.186460 -0.000000 -0.983897 0.139323 -0.111964 -0.000000 -0.000000 -1.000000 -0.111841 -0.005248 -0.993712 -0.000000 -0.000000 -1.000000 -0.111841 0.005248 -0.993712 -0.000000 -0.000000 -1.000000 -0.110859 0.015698 -0.993712 -0.108901 0.026010 -0.993712 -0.220323 0.031199 -0.974928 -0.216433 0.051693 -0.974928 -0.327017 0.046307 -0.943883 -0.321244 0.076726 -0.943883 -0.429598 0.060833 -0.900969 -0.422014 0.100794 -0.900969 -0.526777 0.074593 -0.846724 -0.517477 0.123594 -0.846724 -0.617331 0.087416 -0.781831 -0.606433 0.144840 -0.781831 -0.700122 0.099140 -0.707107 -0.687762 0.164265 -0.707107 -0.774109 0.109617 -0.623490 -0.760443 0.181624 -0.623490 -0.838361 0.118715 -0.532032 -0.823560 0.196699 -0.532032 -0.892070 0.126320 -0.433884 -0.876321 0.209300 -0.433884 -0.934560 0.132337 -0.330279 -0.918061 0.219269 -0.330279 -0.965298 0.136690 -0.222521 -0.948257 0.226481 -0.222521 -0.000000 -0.000000 -1.000000 -0.108901 -0.026010 -0.993712 -0.110859 -0.015698 -0.993712 -0.220323 -0.031199 -0.974928 -0.222276 -0.010430 -0.974928 -0.327017 -0.046307 -0.943883 -0.329916 -0.015481 -0.943883 -0.429598 -0.060833 -0.900969 -0.433407 -0.020337 -0.900969 -0.526777 -0.074593 -0.846724 -0.531447 -0.024938 -0.846724 -0.617331 -0.087416 -0.781831 -0.622805 -0.029224 -0.781831 -0.700122 -0.099140 -0.707107 -0.706330 -0.033144 -0.707107 -0.774109 -0.109617 -0.623490 -0.780972 -0.036646 -0.623490 -0.838361 -0.118715 -0.532032 -0.845794 -0.039688 -0.532032 -0.892070 -0.126320 -0.433884 -0.899979 -0.042230 -0.433884 -0.934560 -0.132337 -0.330279 -0.942846 -0.044242 -0.330279 -0.965298 -0.136690 -0.222521 -0.973856 -0.045697 -0.222521 -0.000000 -0.000000 -1.000000 -0.102142 -0.045860 -0.993712 -0.105987 -0.036093 -0.993712 -0.210642 -0.071733 -0.974928 -0.216433 -0.051693 -0.974928 -0.312647 -0.106470 -0.943883 -0.321244 -0.076726 -0.943883 -0.410721 -0.139869 -0.900969 -0.422014 -0.100794 -0.900969 -0.503630 -0.171508 -0.846724 -0.517477 -0.123594 -0.846724 -0.590205 -0.200991 -0.781831 -0.606433 -0.144840 -0.781831 -0.669358 -0.227946 -0.707107 -0.687762 -0.164265 -0.707107 -0.740094 -0.252035 -0.623490 -0.760443 -0.181624 -0.623490 -0.801522 -0.272954 -0.532032 -0.823560 -0.196699 -0.532032 -0.852871 -0.290440 -0.433884 -0.876321 -0.209300 -0.433884 -0.893495 -0.304274 -0.330279 -0.918061 -0.219269 -0.330279 -0.922882 -0.314282 -0.222521 -0.948257 -0.226481 -0.222521 -0.097399 -0.055223 -0.993712 -0.000000 -0.000000 -1.000000 -0.091799 -0.064101 -0.993712 -0.085394 -0.072415 -0.993712 -0.169713 -0.143920 -0.974928 -0.155491 -0.159180 -0.974928 -0.230789 -0.236264 -0.943883 -0.207651 -0.256837 -0.943883 -0.272788 -0.337404 -0.900969 -0.239995 -0.361466 -0.900969 -0.294284 -0.443233 -0.846724 -0.251485 -0.468842 -0.846724 -0.294716 -0.549438 -0.781831 -0.241971 -0.574621 -0.781831 -0.274422 -0.651684 -0.707107 -0.212192 -0.674518 -0.707107 -0.234616 -0.745799 -0.623490 -0.163747 -0.764492 -0.623490 -0.177338 -0.827945 -0.532032 -0.099029 -0.840913 -0.532032 -0.105373 -0.894786 -0.433884 -0.021121 -0.900721 -0.433884 -0.022127 -0.943624 -0.330279 0.066333 -0.941550 -0.330279 0.068514 -0.972517 -0.222521 0.159281 -0.961828 -0.222521 -0.000000 -0.000000 -1.000000 -0.078237 -0.080093 -0.993712 -0.139902 -0.173041 -0.974928 -0.182688 -0.275154 -0.943883 -0.205092 -0.382351 -0.900969 -0.206477 -0.490332 -0.846724 -0.187100 -0.594755 -0.781831 -0.148097 -0.691424 -0.707107 -0.091439 -0.776466 -0.623490 -0.019849 -0.846492 -0.532032 0.063317 -0.898741 -0.433884 0.154209 -0.931201 -0.330279 0.248648 -0.942687 -0.222521 -0.070394 -0.087068 -0.993712 -0.000000 -0.000000 -1.000000 -0.061931 -0.093277 -0.993712 -0.000000 -0.000000 -1.000000 -0.052924 -0.098666 -0.993712 -0.043453 -0.103189 -0.993712 -0.086359 -0.205080 -0.974928 -0.066775 -0.212266 -0.974928 -0.099112 -0.315057 -0.943883 -0.069174 -0.322954 -0.943883 -0.090873 -0.424261 -0.900969 -0.050745 -0.430906 -0.900969 -0.062224 -0.528381 -0.846724 -0.012472 -0.531886 -0.846724 -0.014616 -0.623318 -0.781831 0.043816 -0.621948 -0.781831 0.049693 -0.705359 -0.707107 0.115525 -0.697606 -0.707107 0.127734 -0.771327 -0.623490 0.199400 -0.755976 -0.623490 0.215951 -0.818723 -0.532032 0.291668 -0.794903 -0.532032 0.310354 -0.845828 -0.433884 0.388195 -0.813050 -0.433884 0.406685 -0.851776 -0.330279 0.484660 -0.809951 -0.330279 0.500600 -0.836591 -0.222521 0.576740 -0.786038 -0.222521 -0.000000 -0.000000 -1.000000 -0.033599 -0.106804 -0.993712 -0.046605 -0.217586 -0.974928 -0.038628 -0.328012 -0.943883 -0.010171 -0.433765 -0.900969 0.037389 -0.530717 -0.846724 0.101864 -0.615112 -0.781831 0.180342 -0.683723 -0.707107 0.269315 -0.733982 -0.623490 0.364823 -0.764098 -0.532032 0.462624 -0.773126 -0.433884 0.558375 -0.761008 -0.330279 0.647812 -0.728577 -0.222521 -0.023450 -0.109481 -0.993712 -0.000000 -0.000000 -1.000000 -0.013095 -0.111196 -0.993712 -0.000000 -0.000000 -1.000000 -0.002625 -0.111934 -0.993712 0.007868 -0.111688 -0.993712 0.015638 -0.221971 -0.974928 0.036355 -0.219531 -0.974928 0.053960 -0.325841 -0.943883 0.084235 -0.319357 -0.943883 0.110659 -0.419535 -0.900969 0.149459 -0.407329 -0.900969 0.183267 -0.499471 -0.846724 0.229233 -0.480115 -0.846724 0.268639 -0.562648 -0.781831 0.320146 -0.535020 -0.781831 0.363081 -0.606772 -0.707107 0.418305 -0.570106 -0.707107 0.462510 -0.630353 -0.623490 0.519505 -0.584273 -0.623490 0.562624 -0.632769 -0.532032 0.619405 -0.577303 -0.532032 0.659087 -0.614288 -0.433884 0.713714 -0.549871 -0.433884 0.747709 -0.576062 -0.330279 0.798367 -0.503514 -0.330279 0.824625 -0.520075 -0.222521 0.869702 -0.440570 -0.222521 -0.000000 -0.000000 -1.000000 0.018292 -0.110460 -0.993712 0.056752 -0.215162 -0.974928 0.113770 -0.310065 -0.943883 0.186945 -0.391544 -0.900969 0.273185 -0.456539 -0.846724 0.368839 -0.502690 -0.781831 0.469852 -0.528431 -0.707107 0.571934 -0.533059 -0.623490 0.670743 -0.516764 -0.532032 0.762068 -0.480621 -0.433884 0.842009 -0.426541 -0.330279 0.907137 -0.357194 -0.222521 0.028556 -0.108262 -0.993712 -0.000000 -0.000000 -1.000000 0.038568 -0.105112 -0.993712 -0.000000 -0.000000 -1.000000 0.048241 -0.101039 -0.993712 0.057491 -0.096077 -0.993712 0.114259 -0.190946 -0.974928 0.131637 -0.179408 -0.974928 0.195384 -0.266288 -0.943883 0.219461 -0.246822 -0.943883 0.288303 -0.324247 -0.900969 0.317400 -0.295825 -0.900969 0.389198 -0.362744 -0.846724 0.421456 -0.324705 -0.846724 0.493905 -0.380522 -0.781831 0.527368 -0.332600 -0.781831 0.598094 -0.377206 -0.707107 0.630788 -0.319542 -0.707107 0.697447 -0.353310 -0.623490 0.727467 -0.286447 -0.623490 0.787847 -0.310223 -0.532032 0.813435 -0.235085 -0.532032 0.865547 -0.250145 -0.433884 0.885168 -0.167995 -0.433884 0.927330 -0.175997 -0.330279 0.939736 -0.088387 -0.330279 0.970644 -0.091294 -0.222521 0.974928 -0.000000 -0.222521 -0.000000 -0.000000 -1.000000 0.066235 -0.090272 -0.993712 0.147859 -0.166293 -0.974928 0.241609 -0.225187 -0.943883 0.343706 -0.264804 -0.900969 0.450010 -0.283812 -0.846724 0.556196 -0.281755 -0.781831 0.657938 -0.259070 -0.707107 0.751094 -0.217068 -0.623490 0.831875 -0.157880 -0.532032 0.897010 -0.084368 -0.433884 0.943883 -0.000000 -0.330279 0.970644 0.091294 -0.222521 0.074397 -0.083673 -0.993712 -0.000000 -0.000000 -1.000000 0.081906 -0.076338 -0.993712 -0.000000 -0.000000 -1.000000 0.088694 -0.068333 -0.993712 0.094703 -0.059727 -0.993712 0.188215 -0.118704 -0.974928 0.198504 -0.100557 -0.974928 0.294632 -0.149253 -0.943883 0.307313 -0.121008 -0.943883 0.403714 -0.158966 -0.900969 0.416826 -0.120463 -0.900969 0.511115 -0.147713 -0.846724 0.522702 -0.099203 -0.846724 0.612555 -0.116256 -0.781831 0.620750 -0.058385 -0.781831 0.704000 -0.066215 -0.707107 0.707107 -0.000000 -0.707107 0.781831 -0.000000 -0.623490 0.778396 0.073212 -0.623490 0.843004 0.079289 -0.532032 0.831875 0.157880 -0.532032 0.885168 0.167995 -0.433884 0.865547 0.250145 -0.433884 0.906775 0.262060 -0.330279 0.878251 0.345820 -0.330279 0.907137 0.357194 -0.222521 0.869702 0.440570 -0.222521 -0.000000 -0.000000 -1.000000 0.099880 -0.050597 -0.993712 0.207048 -0.081527 -0.974928 0.317294 -0.091699 -0.943883 0.426275 -0.080902 -0.900969 0.529694 -0.049820 -0.846724 0.623490 -0.000000 -0.781831 0.704000 0.066215 -0.707107 0.768120 0.145780 -0.623490 0.813435 0.235085 -0.532032 0.838320 0.330097 -0.433884 0.842009 0.426541 -0.330279 0.824625 0.520075 -0.222521 0.104179 -0.041022 -0.993712 -0.000000 -0.000000 -1.000000 0.107563 -0.031086 -0.993712 -0.000000 -0.000000 -1.000000 0.110001 -0.020877 -0.993712 0.111473 -0.010485 -0.993712 0.221543 -0.020837 -0.974928 0.222521 -0.000000 -0.974928 0.330279 -0.000000 -0.943883 0.328828 0.030928 -0.943883 0.431977 0.040630 -0.900969 0.426275 0.080902 -0.900969 0.522702 0.099203 -0.846724 0.511115 0.147713 -0.846724 0.598977 0.173106 -0.781831 0.580136 0.228434 -0.781831 0.657938 0.259070 -0.707107 0.630788 0.319542 -0.707107 0.697447 0.353310 -0.623490 0.661298 0.417067 -0.623490 0.716186 0.451684 -0.532032 0.670743 0.516764 -0.532032 0.713714 0.549871 -0.433884 0.659087 0.614288 -0.433884 0.690480 0.643547 -0.330279 0.627184 0.705377 -0.330279 0.647812 0.728577 -0.222521 0.576740 0.786038 -0.222521 -0.000000 -0.000000 -1.000000 0.111964 -0.000000 -0.993712 0.221543 0.020837 -0.974928 0.324487 0.061584 -0.943883 0.416826 0.120463 -0.900969 0.495037 0.194926 -0.846724 0.556196 0.281755 -0.781831 0.598094 0.377206 -0.707107 0.619338 0.477160 -0.623490 0.619405 0.577303 -0.532032 0.598668 0.673306 -0.433884 0.558375 0.761008 -0.330279 0.500600 0.836591 -0.222521 0.111473 0.010485 -0.993712 -0.000000 -0.000000 -1.000000 0.110001 0.020877 -0.993712 0.107563 0.031086 -0.993712 0.213773 0.061781 -0.974928 0.207048 0.081527 -0.974928 0.307313 0.121008 -0.943883 0.294632 0.149253 -0.943883 0.387054 0.196072 -0.900969 0.366993 0.231455 -0.900969 0.450010 0.283812 -0.846724 0.421456 0.324705 -0.846724 0.493905 0.380522 -0.781831 0.456102 0.425100 -0.781831 0.517271 0.482111 -0.707107 0.469852 0.528431 -0.707107 0.519505 0.584273 -0.623490 0.462510 0.630353 -0.623490 0.500899 0.682673 -0.532032 0.434771 0.726578 -0.532032 0.462624 0.773126 -0.433884 0.388195 0.813050 -0.433884 0.406685 0.851776 -0.330279 0.325137 0.886116 -0.330279 0.335830 0.915261 -0.222521 0.248648 0.942687 -0.222521 -0.000000 -0.000000 -1.000000 0.104179 0.041022 -0.993712 0.198504 0.100557 -0.974928 0.279361 0.176187 -0.943883 0.343706 0.264804 -0.900969 0.389198 0.362744 -0.846724 0.414291 0.465942 -0.781831 0.418305 0.570106 -0.707107 0.401450 0.670894 -0.623490 0.364823 0.764098 -0.532032 0.310354 0.845828 -0.433884 0.240731 0.912669 -0.330279 0.159281 0.961828 -0.222521 -0.000000 -0.000000 -1.000000 0.099880 0.050597 -0.993712 0.188215 0.118704 -0.974928 0.261635 0.201573 -0.943883 0.317400 0.295825 -0.900969 0.353520 0.397595 -0.846724 0.368839 0.502690 -0.781831 0.363081 0.606772 -0.707107 0.336863 0.705538 -0.623490 0.291668 0.794903 -0.532032 0.229786 0.871174 -0.433884 0.154209 0.931201 -0.330279 0.068514 0.972517 -0.222521 0.094703 0.059727 -0.993712 -0.000000 -0.000000 -1.000000 0.088694 0.068333 -0.993712 0.081906 0.076338 -0.993712 0.162781 0.151717 -0.974928 0.147859 0.166293 -0.974928 0.219461 0.246822 -0.943883 0.195384 0.266288 -0.943883 0.256674 0.349820 -0.900969 0.222788 0.372318 -0.900969 0.273185 0.456539 -0.846724 0.229233 0.480115 -0.846724 0.268639 0.562648 -0.781831 0.214772 0.585331 -0.781831 0.243575 0.663831 -0.707107 0.180342 0.683723 -0.707107 0.199400 0.755976 -0.623490 0.127734 0.771327 -0.623490 0.138336 0.835347 -0.532032 0.059505 0.844631 -0.532032 0.063317 0.898741 -0.433884 -0.021121 0.900721 -0.433884 -0.022127 0.943624 -0.330279 -0.110392 0.937406 -0.330279 -0.114023 0.968237 -0.222521 -0.204189 0.953305 -0.222521 -0.000000 -0.000000 -1.000000 0.074397 0.083673 -0.993712 0.131637 0.179408 -0.974928 0.169590 0.283414 -0.943883 0.186945 0.391544 -0.900969 0.183267 0.499471 -0.846724 0.159017 0.602871 -0.781831 0.115525 0.697606 -0.707107 0.054944 0.779898 -0.623490 -0.019849 0.846492 -0.532032 -0.105373 0.894786 -0.433884 -0.197687 0.922949 -0.330279 -0.292561 0.929996 -0.222521 -0.000000 -0.000000 -1.000000 0.066235 0.090272 -0.993712 0.114259 0.190946 -0.974928 0.142305 0.298049 -0.943883 0.149459 0.407329 -0.900969 0.135691 0.514438 -0.846724 0.101864 0.615112 -0.781831 0.049693 0.705359 -0.707107 -0.018328 0.781617 -0.623490 -0.099029 0.840913 -0.532032 -0.188699 0.880987 -0.433884 -0.283245 0.900382 -0.330279 -0.378362 0.898514 -0.222521 0.057491 0.096077 -0.993712 -0.000000 -0.000000 -1.000000 0.048241 0.101039 -0.993712 0.038568 0.105112 -0.993712 0.076651 0.208902 -0.974928 0.056752 0.215162 -0.974928 0.084235 0.319357 -0.943883 0.053960 0.325841 -0.943883 0.070887 0.428054 -0.900969 0.030492 0.432811 -0.900969 0.037389 0.530717 -0.846724 -0.012472 0.531886 -0.846724 -0.014616 0.623318 -0.781831 -0.072920 0.619211 -0.781831 -0.082700 0.702254 -0.707107 -0.148097 0.691424 -0.707107 -0.163747 0.764492 -0.623490 -0.234616 0.745799 -0.623490 -0.254089 0.807701 -0.532032 -0.328607 0.780359 -0.532032 -0.349659 0.830352 -0.433884 -0.425878 0.793960 -0.433884 -0.446163 0.831778 -0.330279 -0.522091 0.786344 -0.330279 -0.539263 0.812207 -0.222521 -0.612950 0.758141 -0.222521 -0.000000 -0.000000 -1.000000 0.028556 0.108262 -0.993712 0.036355 0.219531 -0.974928 0.023211 0.329462 -0.943883 -0.010171 0.433765 -0.900969 -0.062224 0.528381 -0.846724 -0.130584 0.609662 -0.781831 -0.212192 0.674518 -0.707107 -0.303422 0.720552 -0.623490 -0.400237 0.746158 -0.532032 -0.498354 0.750592 -0.433884 -0.593432 0.733999 -0.330279 -0.681250 0.697412 -0.222521 -0.000000 -0.000000 -1.000000 0.018292 0.110460 -0.993712 0.015638 0.221971 -0.974928 -0.007743 0.330188 -0.943883 -0.050745 0.430906 -0.900969 -0.111429 0.520232 -0.846724 -0.187100 0.594755 -0.781831 -0.274422 0.651684 -0.707107 -0.369563 0.688973 -0.623490 -0.468350 0.705401 -0.532032 -0.566451 0.700627 -0.433884 -0.659557 0.675204 -0.330279 -0.743563 0.630554 -0.222521 0.007868 0.111688 -0.993712 -0.000000 -0.000000 -1.000000 -0.002625 0.111934 -0.993712 -0.013095 0.111196 -0.993712 -0.026025 0.220994 -0.974928 -0.046605 0.217586 -0.974928 -0.069174 0.322954 -0.943883 -0.099112 0.315057 -0.943883 -0.130202 0.413887 -0.900969 -0.168387 0.399876 -0.900969 -0.206477 0.490332 -0.846724 -0.251485 0.468842 -0.846724 -0.294716 0.549438 -0.781831 -0.344872 0.519426 -0.781831 -0.391123 0.589087 -0.707107 -0.444567 0.549873 -0.707107 -0.491548 0.607982 -0.623490 -0.546320 0.559281 -0.623490 -0.591665 0.605702 -0.532032 -0.645784 0.547636 -0.532032 -0.687156 0.582720 -0.433884 -0.738703 0.515813 -0.433884 -0.773888 0.540382 -0.330279 -0.821090 0.465539 -0.330279 -0.848096 0.480851 -0.222521 -0.889397 0.399321 -0.222521 -0.000000 -0.000000 -1.000000 -0.023450 0.109481 -0.993712 -0.066775 0.212266 -0.974928 -0.128179 0.304392 -0.943883 -0.205092 0.382351 -0.900969 -0.294284 0.443233 -0.846724 -0.391996 0.484849 -0.781831 -0.494105 0.505827 -0.707107 -0.596291 0.505665 -0.623490 -0.694228 0.484757 -0.532032 -0.783759 0.444373 -0.433884 -0.861076 0.386606 -0.330279 -0.922882 0.314282 -0.222521 -0.000000 -0.000000 -1.000000 -0.033599 0.106804 -0.993712 -0.086359 0.205080 -0.974928 -0.156119 0.291052 -0.943883 -0.239995 0.361466 -0.900969 -0.334495 0.413728 -0.846724 -0.435676 0.446012 -0.781831 -0.539300 0.457335 -0.707107 -0.641022 0.447606 -0.623490 -0.736571 0.417619 -0.532032 -0.821926 0.369028 -0.433884 -0.893495 0.304274 -0.330279 -0.043453 0.103189 -0.993712 -0.000000 -0.000000 -1.000000 -0.052924 0.098666 -0.993712 -0.061931 0.093277 -0.993712 -0.123083 0.185381 -0.974928 -0.139902 0.173041 -0.974928 -0.207651 0.256837 -0.943883 -0.230789 0.236264 -0.943883 -0.303185 0.310377 -0.900969 -0.330917 0.280623 -0.900969 -0.405773 0.344102 -0.846724 -0.436212 0.304593 -0.846724 -0.511198 0.356954 -0.781831 -0.542378 0.307516 -0.781831 -0.615117 0.348757 -0.707107 -0.645072 0.289624 -0.707107 -0.713241 0.320231 -0.623490 -0.740094 0.252035 -0.623490 -0.801522 0.272954 -0.532032 -0.000000 -0.000000 -1.000000 -0.070394 0.087068 -0.993712 -0.155491 0.159180 -0.974928 -0.251899 0.213615 -0.943883 -0.355741 0.248402 -0.900969 -0.462818 0.262407 -0.846724 -0.568791 0.255375 -0.781831 -0.669358 0.227946 -0.707107 -0.000000 -0.000000 -1.000000 -0.078237 0.080093 -0.993712 -0.169713 0.143920 -0.974928 -0.270795 0.189088 -0.943883 -0.377438 0.213999 -0.900969 -0.485357 0.217915 -0.846724 -0.590205 0.200991 -0.781831 -0.085394 0.072415 -0.993712 -0.000000 -0.000000 -1.000000 -0.091799 0.064101 -0.993712 -0.097399 0.055223 -0.993712 -0.193572 0.109751 -0.974928 -0.202999 0.091142 -0.974928 -0.301304 0.135279 -0.943883 -0.312647 0.106470 -0.943883 -0.410721 0.139869 -0.900969 -0.000000 -0.000000 -1.000000 -0.102142 0.045860 -0.993712 -0.210642 0.071733 -0.974928 -0.000000 -0.000000 -1.000000 -0.105987 0.036093 -0.993712 0.900969 0.000000 -0.433884 0.939736 0.088387 -0.330279 0.897010 0.084368 -0.433884 0.927330 0.175997 -0.330279 0.846724 0.000000 -0.532032 0.843004 -0.079289 -0.532032 0.778396 -0.073212 -0.623490 0.532032 -0.000000 -0.846724 0.620750 0.058385 -0.781831 0.529694 0.049820 -0.846724 0.612555 0.116256 -0.781831 0.433884 -0.000000 -0.900969 0.431977 -0.040630 -0.900969 0.328828 -0.030928 -0.943883 -0.973856 0.045697 -0.222521 -0.942846 0.044242 -0.330279 -0.899979 0.042230 -0.433884 -0.845794 0.039688 -0.532032 -0.780972 0.036646 -0.623490 -0.706330 0.033144 -0.707107 -0.622805 0.029224 -0.781831 -0.531447 0.024938 -0.846724 -0.433407 0.020337 -0.900969 -0.329916 0.015481 -0.943883 -0.222276 0.010430 -0.974928 -0.852871 0.290440 -0.433884 -0.503630 0.171508 -0.846724 -0.772441 0.346810 -0.532032 -0.395819 0.177715 -0.900969 -0.680120 0.385612 -0.623490 -0.287312 0.162899 -0.943883 -0.799342 0.558155 -0.222521 -0.719886 0.610475 -0.330279 -0.629570 0.644505 -0.433884 -0.532346 0.658445 -0.532032 -0.432455 0.651339 -0.623490 -0.334241 0.623123 -0.707107 -0.241971 0.574621 -0.781831 -0.159655 0.507512 -0.846724 -0.090873 0.424261 -0.900969 -0.038628 0.328012 -0.943883 -0.005216 0.222460 -0.974928 -0.579756 0.404825 -0.707107 -0.182445 0.127395 -0.974928 -0.475526 0.403254 -0.781831 -0.371768 0.380588 -0.846724 -0.272788 0.337404 -0.900969 -0.182688 0.275154 -0.943883 -0.460837 0.859135 -0.222521 -0.366313 0.869902 -0.330279 -0.270367 0.859446 -0.433884 -0.177338 0.827945 -0.532032 -0.091439 0.776466 -0.623490 -0.016576 0.706912 -0.707107 0.043816 0.621948 -0.781831 0.086922 0.524884 -0.846724 0.110659 0.419535 -0.900969 0.113770 0.310065 -0.943883 0.095876 0.200807 -0.974928 -0.105183 0.196092 -0.974928 -0.022855 0.974660 -0.222521 0.066333 0.941550 -0.330279 0.147198 0.888863 -0.433884 0.215951 0.818723 -0.532032 0.269315 0.733982 -0.623490 0.304667 0.638105 -0.707107 0.320146 0.535020 -0.781831 0.314735 0.428952 -0.846724 0.288303 0.324247 -0.900969 0.241609 0.225187 -0.943883 0.176273 0.135807 -0.974928 0.420061 0.879792 -0.222521 0.484660 0.809951 -0.330279 0.532988 0.726408 -0.433884 0.562624 0.632769 -0.532032 0.571934 0.533059 -0.623490 0.560143 0.431555 -0.707107 0.527368 0.332600 -0.781831 0.474609 0.240425 -0.846724 0.403714 0.158966 -0.900969 0.317294 0.091699 -0.943883 0.218618 0.041491 -0.974928 0.713190 0.664713 -0.222521 0.747709 0.576062 -0.330279 0.762068 0.480621 -0.433884 0.755336 0.382635 -0.532032 0.727467 0.286447 -0.623490 0.679307 0.196321 -0.707107 0.772301 0.595009 -0.222521 0.798367 0.503514 -0.330279 0.803726 0.407148 -0.433884 0.787847 0.310223 -0.532032 0.751094 0.217068 -0.623490 0.694706 0.131847 -0.707107 0.936599 0.270679 -0.222521 0.957830 0.181785 -0.222521 0.957830 -0.181785 -0.222521 0.906775 -0.262060 -0.330279 0.838320 -0.330097 -0.433884 0.755336 -0.382635 -0.532032 0.661298 -0.417067 -0.623490 0.560143 -0.431555 -0.707107 0.456102 -0.425100 -0.781831 0.353520 -0.397595 -0.846724 0.256674 -0.349820 -0.900969 0.169590 -0.283414 -0.943883 0.095876 -0.200807 -0.974928 0.768120 -0.145780 -0.623490 0.694706 -0.131847 -0.707107 0.324487 -0.061584 -0.943883 0.218618 -0.041491 -0.974928 0.936599 -0.270679 -0.222521 0.878251 -0.345820 -0.330279 0.803726 -0.407148 -0.433884 0.716186 -0.451684 -0.532032 0.619338 -0.477160 -0.623490 0.517271 -0.482111 -0.707107 0.414291 -0.465942 -0.781831 0.314735 -0.428952 -0.846724 0.222788 -0.372318 -0.900969 0.142305 -0.298049 -0.943883 0.076651 -0.208902 -0.974928 0.679307 -0.196321 -0.707107 0.598977 -0.173106 -0.781831 0.213773 -0.061781 -0.974928 0.580136 -0.228434 -0.781831 0.495037 -0.194926 -0.846724 0.474609 -0.240425 -0.846724 0.387054 -0.196072 -0.900969 0.366993 -0.231455 -0.900969 0.279361 -0.176187 -0.943883 0.772301 -0.595009 -0.222521 0.690480 -0.643547 -0.330279 0.598668 -0.673306 -0.433884 0.500899 -0.682673 -0.532032 0.401450 -0.670894 -0.623490 0.304667 -0.638105 -0.707107 0.214772 -0.585331 -0.781831 0.135691 -0.514438 -0.846724 0.070887 -0.428054 -0.900969 0.023211 -0.329462 -0.943883 -0.005216 -0.222460 -0.974928 0.261635 -0.201573 -0.943883 0.176273 -0.135807 -0.974928 0.713190 -0.664713 -0.222521 0.627184 -0.705377 -0.330279 0.532988 -0.726408 -0.433884 0.434771 -0.726578 -0.532032 0.336863 -0.705538 -0.623490 0.243575 -0.663831 -0.707107 0.159017 -0.602871 -0.781831 0.086922 -0.524884 -0.846724 0.030492 -0.432811 -0.900969 -0.007743 -0.330188 -0.943883 -0.026025 -0.220994 -0.974928 0.162781 -0.151717 -0.974928 0.420061 -0.879792 -0.222521 0.325137 -0.886116 -0.330279 0.229786 -0.871174 -0.433884 0.138336 -0.835347 -0.532032 0.054944 -0.779898 -0.623490 -0.016576 -0.706912 -0.707107 -0.072920 -0.619211 -0.781831 -0.111429 -0.520232 -0.846724 -0.130202 -0.413887 -0.900969 -0.128179 -0.304392 -0.943883 -0.105183 -0.196092 -0.974928 0.335830 -0.915261 -0.222521 0.240731 -0.912669 -0.330279 0.147198 -0.888863 -0.433884 0.059505 -0.844631 -0.532032 -0.018328 -0.781617 -0.623490 -0.082700 -0.702254 -0.707107 -0.130584 -0.609662 -0.781831 -0.159655 -0.507512 -0.846724 -0.168387 -0.399876 -0.900969 -0.156119 -0.291052 -0.943883 -0.123083 -0.185381 -0.974928 -0.022855 -0.974660 -0.222521 -0.110392 -0.937406 -0.330279 -0.188699 -0.880987 -0.433884 -0.254089 -0.807701 -0.532032 -0.303422 -0.720552 -0.623490 -0.334241 -0.623123 -0.707107 -0.344872 -0.519426 -0.781831 -0.334495 -0.413728 -0.846724 -0.303185 -0.310377 -0.900969 -0.251899 -0.213615 -0.943883 -0.182445 -0.127395 -0.974928 -0.114023 -0.968237 -0.222521 -0.197687 -0.922949 -0.330279 -0.270367 -0.859446 -0.433884 -0.328607 -0.780359 -0.532032 -0.369563 -0.688973 -0.623490 -0.391123 -0.589087 -0.707107 -0.391996 -0.484849 -0.781831 -0.371768 -0.380588 -0.846724 -0.330917 -0.280623 -0.900969 -0.270795 -0.189088 -0.943883 -0.193572 -0.109751 -0.974928 -0.204189 -0.953305 -0.222521 -0.283245 -0.900382 -0.330279 -0.349659 -0.830352 -0.433884 -0.400237 -0.746158 -0.532032 -0.432455 -0.651339 -0.623490 -0.444567 -0.549873 -0.707107 -0.435676 -0.446012 -0.781831 -0.405773 -0.344102 -0.846724 -0.355741 -0.248402 -0.900969 -0.287312 -0.162899 -0.943883 -0.202999 -0.091142 -0.974928 -0.292561 -0.929996 -0.222521 -0.366313 -0.869902 -0.330279 -0.425878 -0.793960 -0.433884 -0.468350 -0.705401 -0.532032 -0.491548 -0.607982 -0.623490 -0.494105 -0.505827 -0.707107 -0.475526 -0.403254 -0.781831 -0.436212 -0.304593 -0.846724 -0.377438 -0.213999 -0.900969 -0.301304 -0.135279 -0.943883 -0.378362 -0.898514 -0.222521 -0.446163 -0.831778 -0.330279 -0.498354 -0.750592 -0.433884 -0.532346 -0.658445 -0.532032 -0.546320 -0.559281 -0.623490 -0.539300 -0.457335 -0.707107 -0.511198 -0.356954 -0.781831 -0.462818 -0.262407 -0.846724 -0.395819 -0.177715 -0.900969 -0.460837 -0.859135 -0.222521 -0.522091 -0.786344 -0.330279 -0.566451 -0.700627 -0.433884 -0.591665 -0.605702 -0.532032 -0.596291 -0.505665 -0.623490 -0.579756 -0.404825 -0.707107 -0.542378 -0.307516 -0.781831 -0.485357 -0.217915 -0.846724 -0.539263 -0.812207 -0.222521 -0.593432 -0.733999 -0.330279 -0.629570 -0.644505 -0.433884 -0.645784 -0.547636 -0.532032 -0.641022 -0.447606 -0.623490 -0.615117 -0.348757 -0.707107 -0.568791 -0.255375 -0.781831 -0.612950 -0.758141 -0.222521 -0.659557 -0.675204 -0.330279 -0.687156 -0.582720 -0.433884 -0.694228 -0.484757 -0.532032 -0.680120 -0.385612 -0.623490 -0.645072 -0.289624 -0.707107 -0.681250 -0.697412 -0.222521 -0.719886 -0.610475 -0.330279 -0.738703 -0.515813 -0.433884 -0.736571 -0.417619 -0.532032 -0.713241 -0.320231 -0.623490 -0.743563 -0.630554 -0.222521 -0.773888 -0.540382 -0.330279 -0.783759 -0.444373 -0.433884 -0.772441 -0.346810 -0.532032 -0.799342 -0.558155 -0.222521 -0.821090 -0.465539 -0.330279 -0.821926 -0.369028 -0.433884 -0.848096 -0.480851 -0.222521 -0.861076 -0.386606 -0.330279 -0.889397 -0.399321 -0.222521 -0.995606 0.093641 0.000000 -0.995606 0.093641 0.000000 -1.000000 0.000000 0.000000 -1.000000 0.000000 0.000000 -0.995606 -0.093641 0.000000 -0.995606 -0.093641 0.000000 -0.982463 -0.186460 0.000000 -0.982463 -0.186460 0.000000 -0.960685 -0.277640 0.000000 -0.960685 -0.277640 0.000000 -0.930465 -0.366380 0.000000 -0.930465 -0.366380 0.000000 -0.892068 -0.451900 0.000000 -0.892068 -0.451900 0.000000 -0.845832 -0.533449 0.000000 -0.845832 -0.533449 0.000000 -0.792162 -0.610310 0.000000 -0.792162 -0.610310 0.000000 -0.731531 -0.681808 0.000000 -0.731531 -0.681808 0.000000 -0.664471 -0.747314 0.000000 -0.664471 -0.747314 0.000000 -0.591572 -0.806252 0.000000 -0.591572 -0.806252 0.000000 -0.513474 -0.858105 0.000000 -0.513474 -0.858105 0.000000 -0.430864 -0.902417 0.000000 -0.430864 -0.902417 0.000000 -0.344467 -0.938798 0.000000 -0.344467 -0.938798 0.000000 -0.255043 -0.966930 0.000000 -0.255043 -0.966930 0.000000 -0.163377 -0.986564 0.000000 -0.163377 -0.986564 0.000000 -0.070276 -0.997528 0.000000 -0.070276 -0.997528 0.000000 0.023443 -0.999725 0.000000 0.023443 -0.999725 0.000000 0.116955 -0.993137 0.000000 0.116955 -0.993137 0.000000 0.209440 -0.977821 0.000000 0.209440 -0.977821 0.000000 0.300085 -0.953913 0.000000 0.300085 -0.953913 0.000000 0.388092 -0.921621 0.000000 0.388092 -0.921621 0.000000 0.472689 -0.881230 0.000000 0.472689 -0.881230 0.000000 0.553131 -0.833094 0.000000 0.553131 -0.833094 0.000000 0.628713 -0.777638 -0.000000 0.628713 -0.777638 -0.000000 0.698769 -0.715347 -0.000000 0.698769 -0.715347 -0.000000 0.762685 -0.646770 -0.000000 0.762685 -0.646770 -0.000000 0.819898 -0.572509 -0.000000 0.819898 -0.572509 -0.000000 0.869906 -0.493217 -0.000000 0.869906 -0.493217 -0.000000 0.912270 -0.409590 -0.000000 0.912270 -0.409590 -0.000000 0.946616 -0.322364 -0.000000 0.946616 -0.322364 -0.000000 0.972643 -0.232305 -0.000000 0.972643 -0.232305 -0.000000 0.990123 -0.140205 -0.000000 0.990123 -0.140205 -0.000000 0.998901 -0.046872 -0.000000 0.998901 -0.046872 -0.000000 0.998901 0.046872 -0.000000 0.998901 0.046872 -0.000000 0.990123 0.140205 -0.000000 0.990123 0.140205 -0.000000 0.972643 0.232305 -0.000000 0.972643 0.232305 -0.000000 0.946616 0.322364 -0.000000 0.946616 0.322364 -0.000000 0.912270 0.409590 -0.000000 0.912270 0.409590 -0.000000 0.869906 0.493217 -0.000000 0.869906 0.493217 -0.000000 0.819898 0.572509 -0.000000 0.819898 0.572509 -0.000000 0.762685 0.646770 -0.000000 0.762685 0.646770 -0.000000 0.698769 0.715347 -0.000000 0.698769 0.715347 -0.000000 0.628713 0.777638 -0.000000 0.628713 0.777638 -0.000000 0.553131 0.833094 -0.000000 0.553131 0.833094 -0.000000 0.472689 0.881230 -0.000000 0.472689 0.881230 -0.000000 0.388092 0.921621 -0.000000 0.388092 0.921621 -0.000000 0.300085 0.953913 -0.000000 0.300085 0.953913 -0.000000 0.209440 0.977821 -0.000000 0.209440 0.977821 -0.000000 0.116955 0.993137 -0.000000 0.116955 0.993137 -0.000000 0.023443 0.999725 -0.000000 0.023443 0.999725 -0.000000 -0.070276 0.997528 -0.000000 -0.070276 0.997528 -0.000000 -0.163377 0.986564 -0.000000 -0.163377 0.986564 -0.000000 -0.255043 0.966930 -0.000000 -0.255043 0.966930 -0.000000 -0.344467 0.938798 -0.000000 -0.344467 0.938798 -0.000000 -0.430864 0.902417 -0.000000 -0.430864 0.902417 -0.000000 -0.513474 0.858105 -0.000000 -0.513474 0.858105 -0.000000 -0.591572 0.806252 -0.000000 -0.591572 0.806252 -0.000000 -0.664471 0.747314 0.000000 -0.664471 0.747314 0.000000 -0.731531 0.681808 0.000000 -0.731531 0.681808 0.000000 -0.792162 0.610310 0.000000 -0.792162 0.610310 0.000000 -0.845832 0.533449 0.000000 -0.845832 0.533449 0.000000 -0.892068 0.451900 0.000000 -0.892068 0.451900 0.000000 -0.930465 0.366380 0.000000 -0.930465 0.366380 0.000000 -0.960685 0.277640 0.000000 -0.960685 0.277640 0.000000 -0.982463 0.186460 0.000000 -0.982463 0.186460 0.000000 -0.243234 -0.000000 0.969968 -0.243234 -0.000000 0.969968 0.000000 -0.000000 1.000000 -0.243234 -0.000000 0.969968 -0.243234 -0.000000 0.969968 -0.471858 -0.000000 0.881675 -0.471858 -0.000000 0.881675 -0.672140 -0.000000 0.740424 -0.672140 -0.000000 0.740424 -0.832050 -0.000000 0.554700 -0.672140 -0.000000 0.740424 -0.672140 -0.000000 0.740424 -0.471858 -0.000000 0.881675 -0.471858 -0.000000 0.881675 -0.471858 -0.000000 0.881675 -0.672140 -0.000000 0.740424 -0.832050 -0.000000 0.554700 -0.672140 -0.000000 0.740424 -0.471858 -0.000000 0.881675 -0.243234 -0.000000 0.969968 0.000000 -0.000000 1.000000 -0.243234 -0.000000 0.969968 -0.832050 0.000000 0.554700 -0.832050 0.000000 0.554700 -0.980853 0.000000 0.194748 -0.980853 0.000000 0.194748 -1.000000 0.000000 0.000000 -0.980853 0.000000 0.194748 -0.980853 0.000000 0.194748 -0.924146 0.000000 0.382039 -0.924146 0.000000 0.382039 -0.924146 0.000000 0.382039 -0.924146 0.000000 0.382039 -0.980853 0.000000 0.194748 -0.980853 0.000000 0.194748 -1.000000 0.000000 0.000000 -0.924146 0.000000 0.382039 -0.924146 0.000000 0.382039 -0.924146 0.000000 0.382039 -0.980853 0.000000 0.194748 -1.000000 0.000000 0.000000 -1.000000 0.000000 0.000000 0.000000 0.000000 1.000000 0.000000 0.000000 1.000000 0.000000 0.000000 1.000000 0.000000 0.000000 1.000000 0.000000 0.000000 1.000000 0.000000 0.000000 1.000000 0.000000 0.000000 1.000000 0.000000 0.000000 1.000000 0.000000 0.000000 1.000000 0.000000 0.000000 1.000000 0.000000 0.000000 1.000000 0.000000 0.000000 1.000000 0.000000 0.000000 1.000000 0.000000 0.000000 1.000000 0.000000 0.000000 1.000000 0.000000 0.000000 1.000000 0.000000 0.000000 1.000000 0.000000 0.000000 1.000000 0.000000 0.000000 1.000000 0.000000 0.000000 1.000000 0.000000 0.000000 1.000000 0.000000 0.000000 1.000000 0.000000 0.000000 1.000000 0.000000 0.000000 1.000000 0.000000 0.000000 1.000000 0.000000 0.000000 1.000000 0.000000 0.000000 1.000000 0.000000 0.000000 1.000000 0.000000 0.000000 1.000000 0.000000 0.000000 1.000000 0.000000 0.000000 1.000000 0.000000 0.000000 1.000000 0.000000 0.000000 1.000000 0.000000 0.000000 1.000000 0.000000 0.000000 1.000000 0.000000 0.000000 1.000000 0.000000 0.000000 1.000000 0.000000 0.000000 1.000000 0.000000 0.000000 1.000000 0.000000 0.000000 1.000000 0.000000 0.000000 1.000000 0.000000 0.000000 1.000000 0.000000 0.000000 1.000000 0.000000 0.000000 1.000000 0.000000 0.000000 1.000000 0.000000 0.000000 1.000000 0.000000 0.000000 1.000000 0.000000 0.000000 1.000000 0.000000 0.000000 1.000000 0.000000 0.000000 1.000000 0.000000 0.000000 1.000000 0.000000 0.000000 1.000000 0.000000 0.000000 1.000000 0.000000 0.000000 1.000000 0.000000 0.000000 1.000000 0.000000 0.000000 1.000000 0.000000 0.000000 1.000000 0.000000 0.000000 1.000000 -0.973045 -0.230616 0.000000 -0.973045 -0.230616 0.000000 -1.000000 -0.000000 0.000000 -1.000000 -0.000000 0.000000 -0.973045 0.230616 0.000000 -0.973045 0.230616 0.000000 -0.893633 0.448799 0.000000 -0.893633 0.448799 0.000000 -0.766044 0.642788 0.000000 -0.766044 0.642788 0.000000 -0.597159 0.802123 0.000000 -0.597159 0.802123 0.000000 -0.396080 0.918216 0.000000 -0.396080 0.918216 0.000000 -0.173648 0.984808 0.000000 -0.173648 0.984808 0.000000 0.058145 0.998308 -0.000000 0.058145 0.998308 -0.000000 0.286803 0.957990 -0.000000 0.286803 0.957990 -0.000000 0.500000 0.866025 -0.000000 0.500000 0.866025 -0.000000 0.686242 0.727374 -0.000000 0.686242 0.727374 -0.000000 0.835488 0.549509 -0.000000 0.835488 0.549509 -0.000000 0.939693 0.342020 -0.000000 0.939693 0.342020 -0.000000 0.993238 0.116093 -0.000000 0.993238 0.116093 -0.000000 0.993238 -0.116093 0.000000 0.993238 -0.116093 0.000000 0.939693 -0.342020 0.000000 0.939693 -0.342020 0.000000 0.835488 -0.549509 0.000000 0.835488 -0.549509 0.000000 0.686242 -0.727374 0.000000 0.686242 -0.727374 0.000000 0.500000 -0.866025 0.000000 0.500000 -0.866025 0.000000 0.286803 -0.957990 0.000000 0.286803 -0.957990 0.000000 0.058145 -0.998308 0.000000 0.058145 -0.998308 0.000000 -0.173648 -0.984808 0.000000 -0.173648 -0.984808 0.000000 -0.396080 -0.918216 0.000000 -0.396080 -0.918216 0.000000 -0.597159 -0.802123 0.000000 -0.597159 -0.802123 0.000000 -0.766044 -0.642788 0.000000 -0.766044 -0.642788 0.000000 -0.893633 -0.448799 0.000000 -0.893633 -0.448799 0.000000 -0.973045 0.230616 0.000000 -0.973045 0.230616 0.000000 -1.000000 0.000000 0.000000 -1.000000 0.000000 0.000000 -0.973045 -0.230616 0.000000 -0.973045 -0.230616 0.000000 -0.893633 -0.448799 0.000000 -0.893633 -0.448799 0.000000 -0.766044 -0.642788 0.000000 -0.766044 -0.642788 0.000000 -0.597159 -0.802123 0.000000 -0.597159 -0.802123 0.000000 -0.396080 -0.918216 0.000000 -0.396080 -0.918216 0.000000 -0.173648 -0.984808 0.000000 -0.173648 -0.984808 0.000000 0.058145 -0.998308 0.000000 0.058145 -0.998308 0.000000 0.286803 -0.957990 0.000000 0.286803 -0.957990 0.000000 0.500000 -0.866025 0.000000 0.500000 -0.866025 0.000000 0.686242 -0.727374 0.000000 0.686242 -0.727374 0.000000 0.835488 -0.549509 0.000000 0.835488 -0.549509 0.000000 0.939693 -0.342020 0.000000 0.939693 -0.342020 0.000000 0.993238 -0.116093 0.000000 0.993238 -0.116093 0.000000 0.993238 0.116093 -0.000000 0.993238 0.116093 -0.000000 0.939693 0.342020 -0.000000 0.939693 0.342020 -0.000000 0.835488 0.549509 -0.000000 0.835488 0.549509 -0.000000 0.686242 0.727374 -0.000000 0.686242 0.727374 -0.000000 0.500000 0.866025 -0.000000 0.500000 0.866025 -0.000000 0.286803 0.957990 -0.000000 0.286803 0.957990 -0.000000 0.058145 0.998308 -0.000000 0.058145 0.998308 -0.000000 -0.173648 0.984808 0.000000 -0.173648 0.984808 0.000000 -0.396080 0.918216 0.000000 -0.396080 0.918216 0.000000 -0.597159 0.802123 0.000000 -0.597159 0.802123 0.000000 -0.766044 0.642788 0.000000 -0.766044 0.642788 0.000000 -0.893633 0.448799 0.000000 -0.893633 0.448799 0.000000 -0.973045 -0.230616 0.000000 -0.973045 -0.230616 0.000000 -1.000000 -0.000000 0.000000 -1.000000 -0.000000 0.000000 -0.973045 0.230616 0.000000 -0.973045 0.230616 0.000000 -0.893633 0.448799 0.000000 -0.893633 0.448799 0.000000 -0.766044 0.642788 0.000000 -0.766044 0.642788 0.000000 -0.597159 0.802123 0.000000 -0.597159 0.802123 0.000000 -0.396080 0.918216 0.000000 -0.396080 0.918216 0.000000 -0.173648 0.984808 0.000000 -0.173648 0.984808 0.000000 0.058145 0.998308 -0.000000 0.058145 0.998308 -0.000000 0.286803 0.957990 -0.000000 0.286803 0.957990 -0.000000 0.500000 0.866025 -0.000000 0.500000 0.866025 -0.000000 0.686242 0.727374 -0.000000 0.686242 0.727374 -0.000000 0.835488 0.549509 -0.000000 0.835488 0.549509 -0.000000 0.939693 0.342020 -0.000000 0.939693 0.342020 -0.000000 0.993238 0.116093 -0.000000 0.993238 0.116093 -0.000000 0.993238 -0.116093 0.000000 0.993238 -0.116093 0.000000 0.939693 -0.342020 0.000000 0.939693 -0.342020 0.000000 0.835488 -0.549509 0.000000 0.835488 -0.549509 0.000000 0.686242 -0.727374 0.000000 0.686242 -0.727374 0.000000 0.500000 -0.866025 0.000000 0.500000 -0.866025 0.000000 0.286803 -0.957990 0.000000 0.286803 -0.957990 0.000000 0.058145 -0.998308 0.000000 0.058145 -0.998308 0.000000 -0.173648 -0.984808 0.000000 -0.173648 -0.984808 0.000000 -0.396080 -0.918216 0.000000 -0.396080 -0.918216 0.000000 -0.597159 -0.802123 0.000000 -0.597159 -0.802123 0.000000 -0.766044 -0.642788 0.000000 -0.766044 -0.642788 0.000000 -0.893633 -0.448799 0.000000 -0.893633 -0.448799 0.000000 -0.973045 -0.230616 0.000000 -0.973045 -0.230616 0.000000 -1.000000 -0.000000 0.000000 -1.000000 -0.000000 0.000000 -0.973045 0.230616 0.000000 -0.973045 0.230616 0.000000 -0.893633 0.448799 0.000000 -0.893633 0.448799 0.000000 -0.766044 0.642788 0.000000 -0.766044 0.642788 0.000000 -0.597159 0.802123 0.000000 -0.597159 0.802123 0.000000 -0.396080 0.918216 0.000000 -0.396080 0.918216 0.000000 -0.173648 0.984808 0.000000 -0.173648 0.984808 0.000000 0.058145 0.998308 -0.000000 0.058145 0.998308 -0.000000 0.286803 0.957990 -0.000000 0.286803 0.957990 -0.000000 0.500000 0.866025 -0.000000 0.500000 0.866025 -0.000000 0.686242 0.727374 -0.000000 0.686242 0.727374 -0.000000 0.835488 0.549509 -0.000000 0.835488 0.549509 -0.000000 0.939693 0.342020 -0.000000 0.939693 0.342020 -0.000000 0.993238 0.116093 -0.000000 0.993238 0.116093 -0.000000 0.993238 -0.116093 0.000000 0.993238 -0.116093 0.000000 0.939693 -0.342020 0.000000 0.939693 -0.342020 0.000000 0.835488 -0.549509 0.000000 0.835488 -0.549509 0.000000 0.686242 -0.727374 0.000000 0.686242 -0.727374 0.000000 0.500000 -0.866025 0.000000 0.500000 -0.866025 0.000000 0.286803 -0.957990 0.000000 0.286803 -0.957990 0.000000 0.058145 -0.998308 0.000000 0.058145 -0.998308 0.000000 -0.173648 -0.984808 0.000000 -0.173648 -0.984808 0.000000 -0.396080 -0.918216 0.000000 -0.396080 -0.918216 0.000000 -0.597159 -0.802123 0.000000 -0.597159 -0.802123 0.000000 -0.766044 -0.642788 0.000000 -0.766044 -0.642788 0.000000 -0.893633 -0.448799 0.000000 -0.893633 -0.448799 0.000000 -0.973045 -0.230616 0.000000 -0.973045 -0.230616 0.000000 -1.000000 -0.000000 0.000000 -1.000000 -0.000000 0.000000 -0.973045 0.230616 0.000000 -0.973045 0.230616 0.000000 -0.893633 0.448799 0.000000 -0.893633 0.448799 0.000000 -0.766044 0.642788 0.000000 -0.766044 0.642788 0.000000 -0.597159 0.802123 0.000000 -0.597159 0.802123 0.000000 -0.396080 0.918216 0.000000 -0.396080 0.918216 0.000000 -0.173648 0.984808 0.000000 -0.173648 0.984808 0.000000 0.058145 0.998308 -0.000000 0.058145 0.998308 -0.000000 0.286803 0.957990 -0.000000 0.286803 0.957990 -0.000000 0.500000 0.866025 -0.000000 0.500000 0.866025 -0.000000 0.686242 0.727374 -0.000000 0.686242 0.727374 -0.000000 0.835488 0.549509 -0.000000 0.835488 0.549509 -0.000000 0.939693 0.342020 -0.000000 0.939693 0.342020 -0.000000 0.993238 0.116093 -0.000000 0.993238 0.116093 -0.000000 0.993238 -0.116093 0.000000 0.993238 -0.116093 0.000000 0.939693 -0.342020 0.000000 0.939693 -0.342020 0.000000 0.835488 -0.549509 0.000000 0.835488 -0.549509 0.000000 0.686242 -0.727374 0.000000 0.686242 -0.727374 0.000000 0.500000 -0.866025 0.000000 0.500000 -0.866025 0.000000 0.286803 -0.957990 0.000000 0.286803 -0.957990 0.000000 0.058145 -0.998308 0.000000 0.058145 -0.998308 0.000000 -0.173648 -0.984808 0.000000 -0.173648 -0.984808 0.000000 -0.396080 -0.918216 0.000000 -0.396080 -0.918216 0.000000 -0.597159 -0.802123 0.000000 -0.597159 -0.802123 0.000000 -0.766044 -0.642788 0.000000 -0.766044 -0.642788 0.000000 -0.893633 -0.448799 0.000000 -0.893633 -0.448799 0.000000 -0.973045 0.230616 0.000000 -0.973045 0.230616 0.000000 -1.000000 0.000000 0.000000 -1.000000 0.000000 0.000000 -0.973045 -0.230616 0.000000 -0.973045 -0.230616 0.000000 -0.893633 -0.448799 0.000000 -0.893633 -0.448799 0.000000 -0.766044 -0.642788 0.000000 -0.766044 -0.642788 0.000000 -0.597159 -0.802123 0.000000 -0.597159 -0.802123 0.000000 -0.396080 -0.918216 0.000000 -0.396080 -0.918216 0.000000 -0.173648 -0.984808 0.000000 -0.173648 -0.984808 0.000000 0.058145 -0.998308 0.000000 0.058145 -0.998308 0.000000 0.286803 -0.957990 0.000000 0.286803 -0.957990 0.000000 0.500000 -0.866025 0.000000 0.500000 -0.866025 0.000000 0.686242 -0.727374 0.000000 0.686242 -0.727374 0.000000 0.835488 -0.549509 0.000000 0.835488 -0.549509 0.000000 0.939693 -0.342020 0.000000 0.939693 -0.342020 0.000000 0.993238 -0.116093 0.000000 0.993238 -0.116093 0.000000 0.993238 0.116093 -0.000000 0.993238 0.116093 -0.000000 0.939693 0.342020 -0.000000 0.939693 0.342020 -0.000000 0.835488 0.549509 -0.000000 0.835488 0.549509 -0.000000 0.686242 0.727374 -0.000000 0.686242 0.727374 -0.000000 0.500000 0.866025 -0.000000 0.500000 0.866025 -0.000000 0.286803 0.957990 -0.000000 0.286803 0.957990 -0.000000 0.058145 0.998308 -0.000000 0.058145 0.998308 -0.000000 -0.173648 0.984808 0.000000 -0.173648 0.984808 0.000000 -0.396080 0.918216 0.000000 -0.396080 0.918216 0.000000 -0.597159 0.802123 0.000000 -0.597159 0.802123 0.000000 -0.766044 0.642788 0.000000 -0.766044 0.642788 0.000000 -0.893633 0.448799 0.000000 -0.893633 0.448799 0.000000 0.000000 1.000000 -0.000000 0.000000 1.000000 -0.000000 0.000000 1.000000 -0.000000 0.000000 1.000000 -0.000000 0.000000 1.000000 -0.000000 0.000000 1.000000 -0.000000 0.000000 1.000000 -0.000000 0.000000 1.000000 -0.000000 0.000000 1.000000 -0.000000 0.000000 1.000000 -0.000000 0.000000 1.000000 -0.000000 0.000000 1.000000 -0.000000 0.000000 1.000000 -0.000000 0.000000 1.000000 -0.000000 1.000000 0.000000 0.000000 1.000000 0.000000 0.000000 1.000000 0.000000 0.000000 1.000000 0.000000 0.000000 0.000000 -1.000000 0.000000 0.000000 -1.000000 0.000000 0.000000 -1.000000 0.000000 0.000000 -1.000000 0.000000 0.000000 -1.000000 0.000000 0.000000 -1.000000 0.000000 0.000000 -1.000000 0.000000 0.000000 -1.000000 0.000000 0.000000 -1.000000 0.000000 0.000000 -1.000000 0.000000 0.000000 -1.000000 0.000000 0.000000 -1.000000 0.000000 0.000000 -1.000000 0.000000 0.000000 -1.000000 0.000000 -1.000000 0.000000 0.000000 -1.000000 0.000000 0.000000 -1.000000 0.000000 0.000000 -1.000000 0.000000 0.000000 0.000000 0.000000 1.000000 0.000000 0.000000 1.000000 0.000000 0.000000 1.000000 0.000000 0.000000 1.000000 0.000000 0.000000 1.000000 0.000000 0.000000 1.000000 0.000000 0.000000 1.000000 0.000000 0.000000 1.000000 0.000000 0.000000 1.000000 0.000000 0.000000 1.000000 0.000000 0.000000 1.000000 0.000000 0.000000 1.000000 0.000000 0.000000 1.000000 0.000000 0.000000 1.000000 0.000000 0.000000 1.000000 0.000000 0.000000 1.000000 0.000000 0.000000 1.000000 0.000000 0.000000 1.000000 0.000000 0.000000 1.000000 0.000000 0.000000 1.000000 0.000000 0.000000 1.000000 0.000000 0.000000 1.000000 0.000000 0.000000 1.000000 0.000000 0.000000 1.000000 0.000000 0.000000 1.000000 0.000000 0.000000 1.000000 0.000000 0.000000 1.000000 0.000000 0.000000 1.000000 0.000000 0.000000 1.000000 0.000000 0.000000 1.000000 0.000000 0.000000 1.000000 0.000000 0.000000 1.000000 0.000000 0.000000 1.000000 0.000000 0.000000 1.000000 0.000000 0.000000 1.000000 0.000000 0.000000 1.000000 0.000000 0.000000 1.000000 0.000000 0.000000 1.000000 0.000000 0.000000 1.000000 0.000000 0.000000 1.000000 0.000000 0.000000 1.000000 0.000000 0.000000 1.000000 0.000000 0.000000 1.000000 0.000000 0.000000 1.000000 0.000000 0.000000 1.000000 0.000000 0.000000 1.000000 0.000000 0.000000 1.000000 0.000000 0.000000 1.000000 0.000000 0.000000 1.000000 0.000000 0.000000 1.000000 0.000000 0.000000 1.000000 0.000000 0.000000 1.000000 0.000000 0.000000 1.000000 0.000000 0.000000 1.000000 0.000000 0.000000 1.000000 0.000000 0.000000 1.000000 -0.000000 -0.000000 -1.000000 -0.000000 -0.000000 -1.000000 -0.000000 -0.000000 -1.000000 -0.000000 -0.000000 -1.000000 -0.000000 -0.000000 -1.000000 -0.000000 -0.000000 -1.000000 -0.000000 -0.000000 -1.000000 -0.000000 -0.000000 -1.000000 -0.000000 -0.000000 -1.000000 -0.000000 -0.000000 -1.000000 -0.000000 -0.000000 -1.000000 -0.000000 -0.000000 -1.000000 -0.000000 -0.000000 -1.000000 -0.000000 -0.000000 -1.000000 -0.000000 -0.000000 -1.000000 -0.000000 -0.000000 -1.000000 -0.000000 -0.000000 -1.000000 -0.000000 -0.000000 -1.000000 -0.000000 -0.000000 -1.000000 -0.000000 -0.000000 -1.000000 -0.000000 -0.000000 -1.000000 -0.000000 -0.000000 -1.000000 -0.000000 -0.000000 -1.000000 -0.000000 -0.000000 -1.000000 -0.000000 -0.000000 -1.000000 -0.000000 -0.000000 -1.000000 -0.000000 -0.000000 -1.000000 -0.000000 -0.000000 -1.000000 -0.000000 -0.000000 -1.000000 -0.000000 -0.000000 -1.000000 -0.000000 -0.000000 -1.000000 -0.000000 -0.000000 -1.000000 -0.000000 -0.000000 -1.000000 -0.000000 -0.000000 -1.000000 -0.000000 -0.000000 -1.000000 -0.000000 -0.000000 -1.000000 -0.000000 -0.000000 -1.000000 -0.000000 -0.000000 -1.000000 -0.000000 -0.000000 -1.000000 -0.000000 -0.000000 -1.000000 -0.000000 -0.000000 -1.000000 -0.000000 -0.000000 -1.000000 -0.000000 -0.000000 -1.000000 -0.000000 -0.000000 -1.000000 -0.000000 -0.000000 -1.000000 -0.000000 -0.000000 -1.000000 -0.000000 -0.000000 -1.000000 -0.000000 -0.000000 -1.000000 -0.000000 -0.000000 -1.000000 -0.000000 -0.000000 -1.000000 -0.000000 -0.000000 -1.000000 -0.000000 -0.000000 -1.000000 -0.000000 -0.000000 -1.000000 -0.000000 -0.000000 -1.000000 -0.000000 -0.000000 -1.000000 -0.000000 -0.000000 -1.000000 -0.000000 -0.000000 -1.000000 -0.000000 -0.000000 -1.000000 -0.000000 -0.000000 -1.000000 -0.000000 -0.000000 -1.000000 -0.000000 -0.000000 -1.000000 -0.000000 -0.000000 -1.000000 -0.000000 -0.000000 -1.000000 -0.000000 -0.000000 -1.000000 -0.000000 -0.000000 -1.000000 -0.000000 -0.000000 -1.000000 -0.000000 -0.000000 -1.000000 -0.000000 -0.000000 -1.000000 -0.000000 -0.000000 -1.000000 -0.000000 -0.000000 -1.000000 -0.000000 -0.000000 -1.000000 -0.000000 -0.000000 -1.000000 -0.000000 -0.000000 -1.000000 -0.000000 -0.000000 -1.000000 -0.000000 -0.000000 -1.000000 -0.000000 -0.000000 -1.000000 -0.000000 -0.000000 -1.000000 -0.000000 -0.000000 -1.000000 -0.000000 -0.000000 -1.000000 -0.000000 -0.000000 -1.000000 -0.000000 -0.000000 -1.000000 -0.000000 -0.000000 -1.000000 -0.000000 -0.000000 -1.000000 -0.000000 -0.000000 -1.000000 -0.000000 -0.000000 -1.000000 -0.000000 -0.000000 -1.000000 -0.000000 -0.000000 -1.000000 -0.000000 -0.000000 -1.000000 -0.000000 -0.000000 -1.000000 -0.000000 -0.000000 -1.000000 -0.000000 -0.000000 -1.000000 -0.000000 -0.000000 -1.000000 -0.000000 -0.000000 -1.000000 -0.000000 -0.000000 -1.000000 -0.000000 -0.000000 -1.000000 -0.000000 -0.000000 -1.000000 -0.000000 -0.000000 -1.000000 -0.000000 -0.000000 -1.000000 -0.000000 -0.000000 -1.000000 -0.000000 -0.000000 -1.000000 -0.000000 -0.000000 -1.000000 -0.000000 -0.000000 -1.000000 -0.000000 -0.000000 -1.000000 -0.000000 -0.000000 -1.000000 -0.000000 -0.000000 -1.000000 -0.000000 -0.000000 -1.000000 -0.000000 -0.000000 -1.000000 -0.000000 -0.000000 -1.000000 -0.000000 -0.000000 -1.000000 -0.000000 -0.000000 -1.000000 -0.000000 -0.000000 -1.000000 -0.000000 -0.000000 -1.000000 -0.000000 -0.000000 -1.000000 -0.000000 -0.000000 -1.000000 -0.000000 -0.000000 -1.000000 -0.000000 -0.000000 -1.000000 -0.000000 -0.000000 -1.000000 -0.000000 -0.000000 -1.000000 -0.000000 -0.000000 -1.000000 -0.000000 -0.000000 -1.000000 -0.000000 -0.000000 -1.000000 -0.000000 -0.000000 -1.000000 -0.000000 -0.000000 -1.000000 -0.000000 -0.000000 -1.000000 -0.000000 -0.000000 -1.000000 -0.000000 -0.000000 -1.000000 -0.000000 -0.000000 -1.000000 -0.000000 -0.000000 -1.000000 -0.000000 -0.000000 -1.000000 -0.000000 -0.000000 -1.000000 -0.000000 -0.000000 -1.000000 -0.000000 -0.000000 -1.000000 -0.000000 -0.000000 -1.000000 -0.000000 -0.000000 -1.000000 -0.000000 -0.000000 -1.000000 -0.000000 -0.000000 -1.000000 -0.000000 -0.000000 -1.000000 -0.000000 -0.000000 -1.000000 -0.000000 -0.000000 -1.000000 -0.000000 -0.000000 -1.000000 -0.000000 -0.000000 -1.000000 -0.000000 -0.000000 -1.000000 -0.000000 -0.000000 -1.000000 -0.000000 -0.000000 -1.000000 -0.000000 -0.000000 -1.000000 -0.000000 -0.000000 -1.000000 -0.000000 -0.000000 -1.000000 -0.000000 -0.000000 -1.000000 -0.000000 -0.000000 -1.000000 -0.000000 -0.000000 -1.000000 -0.000000 -0.000000 -1.000000 -0.000000 -0.000000 -1.000000 -0.000000 -0.000000 -1.000000 -0.000000 -0.000000 -1.000000 -0.000000 -0.000000 -1.000000 -0.000000 -0.000000 -1.000000 -0.000000 -0.000000 -1.000000 -0.000000 -0.000000 -1.000000 -0.000000 -0.000000 -1.000000 -0.000000 -0.000000 -1.000000 -0.000000 -0.000000 -1.000000 -0.000000 -0.000000 -1.000000 -0.000000 -0.000000 -1.000000 -0.000000 -0.000000 -1.000000 -0.000000 -0.000000 -1.000000 -0.000000 -0.000000 -1.000000 -0.000000 -0.000000 -1.000000 -0.000000 -0.000000 -1.000000 -0.000000 -0.000000 -1.000000 -0.000000 -0.000000 -1.000000 -0.000000 -0.000000 -1.000000 -0.000000 -0.000000 -1.000000 -0.000000 -0.000000 -1.000000 -0.000000 -0.000000 -1.000000 -0.000000 -0.000000 -1.000000 -0.000000 -0.000000 -1.000000 -0.000000 -0.000000 -1.000000 -0.000000 -0.000000 -1.000000 -0.000000 -0.000000 -1.000000</float_array>
          <technique_common>
            <accessor source="#caster_wheel2-mesh-normals-array" count="1807" stride="3">
              <param name="X" type="float"/>
              <param name="Y" type="float"/>
              <param name="Z" type="float"/>
            </accessor>
          </technique_common>
        </source>
        <vertices id="caster_wheel2-mesh-vertices">
          <input semantic="POSITION" source="#caster_wheel2-mesh-positions"/>
        </vertices>
        <triangles material="Peinture_-_Brillant_____maill______rouge_" count="2984">
          <input semantic="VERTEX" source="#caster_wheel2-mesh-vertices" offset="0"/>
          <input semantic="NORMAL" source="#caster_wheel2-mesh-normals" offset="1"/>
          <p>1 0 146 1 0 2 0 2 146 1 169 3 0 2 169 3 66 4 66 4 169 3 965 5 66 4 965 5 65 6 65 6 965 5 952 7 65 6 952 7 64 8 64 8 952 7 939 9 64 8 939 9 63 10 63 10 939 9 927 11 63 10 927 11 62 12 62 12 927 11 915 13 62 12 915 13 61 14 61 14 915 13 902 15 61 14 902 15 60 16 60 16 902 15 889 17 60 16 889 17 59 18 59 18 889 17 876 19 59 18 876 19 58 20 58 20 876 19 864 21 58 20 864 21 57 22 57 22 864 21 852 23 57 22 852 23 56 24 56 24 852 23 839 25 56 24 839 25 55 26 55 26 839 25 826 27 55 26 826 27 54 28 54 28 826 27 813 29 54 28 813 29 53 30 53 30 813 29 801 31 53 30 801 31 52 32 52 32 801 31 789 33 52 32 789 33 51 34 51 34 789 33 776 35 51 34 776 35 50 36 50 36 776 35 763 37 50 36 763 37 49 38 49 38 763 37 750 39 49 38 750 39 48 40 48 40 750 39 738 41 48 40 738 41 47 42 47 42 738 41 726 43 47 42 726 43 46 44 46 44 726 43 713 45 46 44 713 45 45 46 45 46 713 45 700 47 45 46 700 47 44 48 44 48 700 47 687 49 44 48 687 49 43 50 43 50 687 49 675 51 43 50 675 51 42 52 42 52 675 51 663 53 42 52 663 53 41 54 41 54 663 53 650 55 41 54 650 55 40 56 40 56 650 55 637 57 40 56 637 57 39 58 39 58 637 57 624 59 39 58 624 59 38 60 38 60 624 59 612 61 38 60 612 61 37 62 37 62 612 61 600 63 37 62 600 63 36 64 36 64 600 63 587 65 36 64 587 65 35 66 35 66 587 65 574 67 35 66 574 67 34 68 34 68 574 67 107 69 34 68 107 69 33 70 33 70 107 69 561 71 33 70 561 71 32 72 32 72 561 71 548 73 32 72 548 73 31 74 31 74 548 73 536 75 31 74 536 75 30 76 30 76 536 75 524 77 30 76 524 77 29 78 29 78 524 77 511 79 29 78 511 79 28 80 28 80 511 79 498 81 28 80 498 81 27 82 27 82 498 81 485 83 27 82 485 83 26 84 26 84 485 83 473 85 26 84 473 85 25 86 25 86 473 85 461 87 25 86 461 87 24 88 24 88 461 87 448 89 24 88 448 89 23 90 23 90 448 89 435 91 23 90 435 91 22 92 22 92 435 91 422 93 22 92 422 93 21 94 21 94 422 93 410 95 21 94 410 95 20 96 20 96 410 95 398 97 20 96 398 97 19 98 19 98 398 97 385 99 19 98 385 99 18 100 18 100 385 99 372 101 18 100 372 101 17 102 17 102 372 101 359 103 17 102 359 103 16 104 16 104 359 103 347 105 16 104 347 105 15 106 15 106 347 105 335 107 15 106 335 107 14 108 14 108 335 107 322 109 14 108 322 109 13 110 13 110 322 109 309 111 13 110 309 111 12 112 12 112 309 111 296 113 12 112 296 113 11 114 11 114 296 113 284 115 11 114 284 115 10 116 10 116 284 115 272 117 10 116 272 117 9 118 9 118 272 117 259 119 9 118 259 119 8 120 8 120 259 119 246 121 8 120 246 121 7 122 7 122 246 121 233 123 7 122 233 123 6 124 6 124 233 123 221 125 6 124 221 125 5 126 5 126 221 125 209 127 5 126 209 127 4 128 4 128 209 127 196 129 4 128 196 129 3 130 3 130 196 129 183 131 3 130 183 131 2 132 2 132 183 131 170 133 2 132 170 133 1 0 1 0 170 133 146 1 68 134 132 135 67 136 67 136 132 135 133 137 67 136 133 137 106 138 106 138 133 137 182 139 106 138 182 139 195 140 195 140 182 139 181 141 195 140 181 141 194 142 194 142 181 141 180 143 194 142 180 143 193 144 193 144 180 143 179 145 193 144 179 145 192 146 192 146 179 145 178 147 192 146 178 147 191 148 191 148 178 147 177 149 191 148 177 149 190 150 190 150 177 149 176 151 190 150 176 151 189 152 189 152 176 151 175 153 189 152 175 153 188 154 188 154 175 153 174 155 188 154 174 155 187 156 187 156 174 155 173 157 187 156 173 157 186 158 186 158 173 157 172 159 186 158 172 159 185 160 185 160 172 159 171 161 185 160 171 161 184 162 184 162 171 161 170 133 184 162 170 133 183 131 69 163 964 164 68 134 68 134 964 164 977 165 68 134 977 165 132 135 132 135 977 165 976 166 132 135 976 166 158 167 158 167 976 166 975 168 158 167 975 168 159 169 159 169 975 168 974 170 159 169 974 170 160 171 160 171 974 170 973 172 160 171 973 172 161 173 161 173 973 172 972 174 161 173 972 174 162 175 162 175 972 174 971 176 162 175 971 176 163 177 163 177 971 176 970 178 163 177 970 178 164 179 164 179 970 178 969 180 164 179 969 180 165 181 165 181 969 180 968 182 165 181 968 182 166 183 166 183 968 182 967 184 166 183 967 184 167 185 167 185 967 184 966 186 167 185 966 186 168 187 168 187 966 186 965 5 168 187 965 5 169 3 70 188 131 189 69 163 69 163 131 189 951 190 69 163 951 190 964 164 964 164 951 190 950 191 964 164 950 191 963 192 963 192 950 191 949 193 963 192 949 193 962 194 962 194 949 193 948 195 962 194 948 195 961 196 961 196 948 195 947 197 961 196 947 197 960 198 960 198 947 197 946 199 960 198 946 199 959 200 959 200 946 199 945 201 959 200 945 201 958 202 958 202 945 201 944 203 958 202 944 203 957 204 957 204 944 203 943 205 957 204 943 205 956 206 956 206 943 205 942 207 956 206 942 207 955 208 955 208 942 207 941 209 955 208 941 209 954 210 954 210 941 209 940 211 954 210 940 211 953 212 953 212 940 211 939 9 953 212 939 9 952 7 131 189 70 188 130 213 130 213 70 188 71 214 130 213 71 214 914 215 914 215 71 214 901 216 914 215 901 216 900 217 900 217 901 216 887 218 900 217 887 218 886 219 886 219 887 218 874 220 886 219 874 220 873 221 873 221 874 220 861 222 873 221 861 222 860 223 860 223 861 222 847 224 860 223 847 224 846 225 846 225 847 224 833 226 846 225 833 226 832 227 832 227 833 226 819 228 832 227 819 228 818 229 818 229 819 228 806 230 818 229 806 230 805 231 805 231 806 230 793 232 805 231 793 232 792 233 792 233 793 232 779 234 792 233 779 234 778 235 778 235 779 234 765 236 778 235 765 236 764 237 764 237 765 236 751 238 764 237 751 238 750 39 750 39 751 238 738 41 71 214 72 239 901 216 901 216 72 239 888 240 901 216 888 240 887 218 887 218 888 240 875 241 887 218 875 241 874 220 874 220 875 241 862 242 874 220 862 242 861 222 861 222 862 242 848 243 861 222 848 243 847 224 847 224 848 243 834 244 847 224 834 244 833 226 833 226 834 244 820 245 833 226 820 245 819 228 819 228 820 245 807 246 819 228 807 246 806 230 806 230 807 246 794 247 806 230 794 247 793 232 793 232 794 247 780 248 793 232 780 248 779 234 779 234 780 248 766 249 779 234 766 249 765 236 765 236 766 249 752 250 765 236 752 250 751 238 751 238 752 250 739 251 751 238 739 251 738 41 738 41 739 251 726 43 888 240 72 239 129 252 129 252 72 239 73 253 129 252 73 253 128 254 128 254 73 253 74 255 128 254 74 255 851 256 851 256 74 255 838 257 851 256 838 257 837 258 837 258 838 257 824 259 837 258 824 259 823 260 823 260 824 259 811 261 823 260 811 261 810 262 810 262 811 261 798 263 810 262 798 263 797 264 797 264 798 263 784 265 797 264 784 265 783 266 783 266 784 265 770 267 783 266 770 267 769 268 769 268 770 267 756 269 769 268 756 269 755 270 755 270 756 269 743 271 755 270 743 271 742 272 742 272 743 271 730 273 742 272 730 273 729 274 729 274 730 273 716 275 729 274 716 275 715 276 715 276 716 275 702 277 715 276 702 277 701 278 701 278 702 277 688 279 701 278 688 279 687 49 687 49 688 279 675 51 74 255 75 280 838 257 838 257 75 280 825 281 838 257 825 281 824 259 824 259 825 281 812 282 824 259 812 282 811 261 811 261 812 282 799 283 811 261 799 283 798 263 798 263 799 283 785 284 798 263 785 284 784 265 784 265 785 284 771 285 784 265 771 285 770 267 770 267 771 285 757 286 770 267 757 286 756 269 756 269 757 286 744 287 756 269 744 287 743 271 743 271 744 287 731 288 743 271 731 288 730 273 730 273 731 288 717 289 730 273 717 289 716 275 716 275 717 289 703 290 716 275 703 290 702 277 702 277 703 290 689 291 702 277 689 291 688 279 688 279 689 291 676 292 688 279 676 292 675 51 675 51 676 292 663 53 825 281 75 280 127 293 127 293 75 280 76 294 127 293 76 294 126 295 126 295 76 294 77 296 126 295 77 296 788 297 788 297 77 296 775 298 788 297 775 298 774 299 774 299 775 298 761 300 774 299 761 300 760 301 760 301 761 300 748 302 760 301 748 302 747 303 747 303 748 302 735 304 747 303 735 304 734 305 734 305 735 304 721 306 734 305 721 306 720 307 720 307 721 306 707 308 720 307 707 308 706 309 706 309 707 308 693 310 706 309 693 310 692 311 692 311 693 310 680 312 692 311 680 312 679 313 679 313 680 312 667 314 679 313 667 314 666 315 666 315 667 314 653 316 666 315 653 316 652 317 652 317 653 316 639 318 652 317 639 318 638 319 638 319 639 318 625 320 638 319 625 320 624 59 624 59 625 320 612 61 77 296 78 321 775 298 775 298 78 321 762 322 775 298 762 322 761 300 761 300 762 322 749 323 761 300 749 323 748 302 748 302 749 323 736 324 748 302 736 324 735 304 735 304 736 324 722 325 735 304 722 325 721 306 721 306 722 325 708 326 721 306 708 326 707 308 707 308 708 326 694 327 707 308 694 327 693 310 693 310 694 327 681 328 693 310 681 328 680 312 680 312 681 328 668 329 680 312 668 329 667 314 667 314 668 329 654 330 667 314 654 330 653 316 653 316 654 330 640 331 653 316 640 331 639 318 639 318 640 331 626 332 639 318 626 332 625 320 625 320 626 332 613 333 625 320 613 333 612 61 612 61 613 333 600 63 762 322 78 321 125 334 125 334 78 321 79 335 125 334 79 335 124 336 124 336 79 335 80 337 124 336 80 337 725 338 725 338 80 337 712 339 725 338 712 339 711 340 711 340 712 339 698 341 711 340 698 341 697 342 697 342 698 341 685 343 697 342 685 343 684 344 684 344 685 343 672 345 684 344 672 345 671 346 671 346 672 345 658 347 671 346 658 347 657 348 657 348 658 347 644 349 657 348 644 349 643 350 643 350 644 349 630 351 643 350 630 351 629 352 629 352 630 351 617 353 629 352 617 353 616 354 616 354 617 353 604 355 616 354 604 355 603 356 603 356 604 355 590 357 603 356 590 357 589 358 589 358 590 357 576 359 589 358 576 359 575 360 575 360 576 359 108 361 575 360 108 361 107 69 107 69 108 361 561 71 80 337 81 362 712 339 712 339 81 362 699 363 712 339 699 363 698 341 698 341 699 363 686 364 698 341 686 364 685 343 685 343 686 364 673 365 685 343 673 365 672 345 672 345 673 365 659 366 672 345 659 366 658 347 658 347 659 366 645 367 658 347 645 367 644 349 644 349 645 367 631 368 644 349 631 368 630 351 630 351 631 368 618 369 630 351 618 369 617 353 617 353 618 369 605 370 617 353 605 370 604 355 604 355 605 370 591 371 604 355 591 371 590 357 590 357 591 371 577 372 590 357 577 372 576 359 576 359 577 372 109 373 576 359 109 373 108 361 108 361 109 373 562 374 108 361 562 374 561 71 561 71 562 374 548 73 699 363 81 362 123 375 123 375 81 362 82 376 123 375 82 376 122 377 122 377 82 376 83 378 122 377 83 378 662 379 662 379 83 378 649 380 662 379 649 380 648 381 648 381 649 380 635 382 648 381 635 382 634 383 634 383 635 382 622 384 634 383 622 384 621 385 621 385 622 384 609 386 621 385 609 386 608 387 608 387 609 386 595 388 608 387 595 388 594 389 594 389 595 388 581 390 594 389 581 390 580 391 580 391 581 390 113 392 580 391 113 392 112 393 112 393 113 392 566 394 112 393 566 394 565 395 565 395 566 394 552 396 565 395 552 396 551 397 551 397 552 396 539 398 551 397 539 398 538 399 538 399 539 398 526 400 538 399 526 400 525 401 525 401 526 400 512 402 525 401 512 402 511 79 511 79 512 402 498 81 83 378 84 403 649 380 649 380 84 403 636 404 649 380 636 404 635 382 635 382 636 404 623 405 635 382 623 405 622 384 622 384 623 405 610 406 622 384 610 406 609 386 609 386 610 406 596 407 609 386 596 407 595 388 595 388 596 407 582 408 595 388 582 408 581 390 581 390 582 408 114 409 581 390 114 409 113 392 113 392 114 409 567 410 113 392 567 410 566 394 566 394 567 410 553 411 566 394 553 411 552 396 552 396 553 411 540 412 552 396 540 412 539 398 539 398 540 412 527 413 539 398 527 413 526 400 526 400 527 413 513 414 526 400 513 414 512 402 512 402 513 414 499 415 512 402 499 415 498 81 498 81 499 415 485 83 636 404 84 403 121 416 121 416 84 403 85 417 121 416 85 417 120 418 120 418 85 417 86 419 120 418 86 419 599 420 599 420 86 419 586 421 599 420 586 421 585 422 585 422 586 421 118 423 585 422 118 423 117 424 117 424 118 423 571 425 117 424 571 425 570 426 570 426 571 425 557 427 570 426 557 427 556 428 556 428 557 427 544 429 556 428 544 429 543 430 543 430 544 429 531 431 543 430 531 431 530 432 530 432 531 431 517 433 530 432 517 433 516 434 516 434 517 433 503 435 516 434 503 435 502 436 502 436 503 435 489 437 502 436 489 437 488 438 488 438 489 437 476 439 488 438 476 439 475 440 475 440 476 439 463 441 475 440 463 441 462 442 462 442 463 441 449 443 462 442 449 443 448 89 448 89 449 443 435 91 86 419 87 444 586 421 586 421 87 444 119 445 586 421 119 445 118 423 118 423 119 445 572 446 118 423 572 446 571 425 571 425 572 446 558 447 571 425 558 447 557 427 557 427 558 447 545 448 557 427 545 448 544 429 544 429 545 448 532 449 544 429 532 449 531 431 531 431 532 449 518 450 531 431 518 450 517 433 517 433 518 450 504 451 517 433 504 451 503 435 503 435 504 451 490 452 503 435 490 452 489 437 489 437 490 452 477 453 489 437 477 453 476 439 476 439 477 453 464 454 476 439 464 454 463 441 463 441 464 454 450 455 463 441 450 455 449 443 449 443 450 455 436 456 449 443 436 456 435 91 435 91 436 456 422 93 119 445 87 444 573 457 573 457 87 444 88 458 573 457 88 458 560 459 560 459 88 458 145 460 560 459 145 460 547 461 547 461 145 460 535 462 547 461 535 462 534 463 534 463 535 462 521 464 534 463 521 464 520 465 520 465 521 464 507 466 520 465 507 466 506 467 506 467 507 466 493 468 506 467 493 468 492 469 492 469 493 468 480 470 492 469 480 470 479 471 479 471 480 470 467 472 479 471 467 472 466 473 466 473 467 472 453 474 466 473 453 474 452 475 452 475 453 474 439 476 452 475 439 476 438 477 438 477 439 476 425 478 438 477 425 478 424 479 424 479 425 478 412 480 424 479 412 480 411 481 411 481 412 480 399 482 411 481 399 482 398 97 398 97 399 482 385 99 88 458 89 483 145 460 145 460 89 483 144 484 145 460 144 484 535 462 535 462 144 484 522 485 535 462 522 485 521 464 521 464 522 485 508 486 521 464 508 486 507 466 507 466 508 486 494 487 507 466 494 487 493 468 493 468 494 487 481 488 493 468 481 488 480 470 480 470 481 488 468 489 480 470 468 489 467 472 467 472 468 489 454 490 467 472 454 490 453 474 453 474 454 490 440 491 453 474 440 491 439 476 439 476 440 491 426 492 439 476 426 492 425 478 425 478 426 492 413 493 425 478 413 493 412 480 412 480 413 493 400 494 412 480 400 494 399 482 399 482 400 494 386 495 399 482 386 495 385 99 385 99 386 495 372 101 89 483 90 496 144 484 144 484 90 496 523 497 144 484 523 497 522 485 522 485 523 497 509 498 522 485 509 498 508 486 508 486 509 498 495 499 508 486 495 499 494 487 494 487 495 499 482 500 494 487 482 500 481 488 481 488 482 500 469 501 481 488 469 501 468 489 468 489 469 501 455 502 468 489 455 502 454 490 454 490 455 502 441 503 454 490 441 503 440 491 440 491 441 503 427 504 440 491 427 504 426 492 426 492 427 504 414 505 426 492 414 505 413 493 413 493 414 505 401 506 413 493 401 506 400 494 400 494 401 506 387 507 400 494 387 507 386 495 386 495 387 507 373 508 386 495 373 508 372 101 372 101 373 508 359 103 523 497 90 496 510 509 510 509 90 496 91 510 510 509 91 510 497 511 497 511 91 510 143 512 497 511 143 512 484 513 484 513 143 512 472 514 484 513 472 514 471 515 471 515 472 514 458 516 471 515 458 516 457 517 457 517 458 516 444 518 457 517 444 518 443 519 443 519 444 518 430 520 443 519 430 520 429 521 429 521 430 520 417 522 429 521 417 522 416 523 416 523 417 522 404 524 416 523 404 524 403 525 403 525 404 524 390 526 403 525 390 526 389 527 389 527 390 526 376 528 389 527 376 528 375 529 375 529 376 528 362 530 375 529 362 530 361 531 361 531 362 530 349 532 361 531 349 532 348 533 348 533 349 532 336 534 348 533 336 534 335 107 335 107 336 534 322 109 91 510 92 535 143 512 143 512 92 535 142 536 143 512 142 536 472 514 472 514 142 536 459 537 472 514 459 537 458 516 458 516 459 537 445 538 458 516 445 538 444 518 444 518 445 538 431 539 444 518 431 539 430 520 430 520 431 539 418 540 430 520 418 540 417 522 417 522 418 540 405 541 417 522 405 541 404 524 404 524 405 541 391 542 404 524 391 542 390 526 390 526 391 542 377 543 390 526 377 543 376 528 376 528 377 543 363 544 376 528 363 544 362 530 362 530 363 544 350 545 362 530 350 545 349 532 349 532 350 545 337 546 349 532 337 546 336 534 336 534 337 546 323 547 336 534 323 547 322 109 322 109 323 547 309 111 92 535 93 548 142 536 142 536 93 548 460 549 142 536 460 549 459 537 459 537 460 549 446 550 459 537 446 550 445 538 445 538 446 550 432 551 445 538 432 551 431 539 431 539 432 551 419 552 431 539 419 552 418 540 418 540 419 552 406 553 418 540 406 553 405 541 405 541 406 553 392 554 405 541 392 554 391 542 391 542 392 554 378 555 391 542 378 555 377 543 377 543 378 555 364 556 377 543 364 556 363 544 363 544 364 556 351 557 363 544 351 557 350 545 350 545 351 557 338 558 350 545 338 558 337 546 337 546 338 558 324 559 337 546 324 559 323 547 323 547 324 559 310 560 323 547 310 560 309 111 309 111 310 560 296 113 460 549 93 548 447 561 447 561 93 548 94 562 447 561 94 562 434 563 434 563 94 562 141 564 434 563 141 564 421 565 421 565 141 564 409 566 421 565 409 566 408 567 408 567 409 566 395 568 408 567 395 568 394 569 394 569 395 568 381 570 394 569 381 570 380 571 380 571 381 570 367 572 380 571 367 572 366 573 366 573 367 572 354 574 366 573 354 574 353 575 353 575 354 574 341 576 353 575 341 576 340 577 340 577 341 576 327 578 340 577 327 578 326 579 326 579 327 578 313 580 326 579 313 580 312 581 312 581 313 580 299 582 312 581 299 582 298 583 298 583 299 582 286 584 298 583 286 584 285 585 285 585 286 584 273 586 285 585 273 586 272 117 272 117 273 586 259 119 94 562 95 587 141 564 141 564 95 587 140 588 141 564 140 588 409 566 409 566 140 588 396 589 409 566 396 589 395 568 395 568 396 589 382 590 395 568 382 590 381 570 381 570 382 590 368 591 381 570 368 591 367 572 367 572 368 591 355 592 367 572 355 592 354 574 354 574 355 592 342 593 354 574 342 593 341 576 341 576 342 593 328 594 341 576 328 594 327 578 327 578 328 594 314 595 327 578 314 595 313 580 313 580 314 595 300 596 313 580 300 596 299 582 299 582 300 596 287 597 299 582 287 597 286 584 286 584 287 597 274 598 286 584 274 598 273 586 273 586 274 598 260 599 273 586 260 599 259 119 259 119 260 599 246 121 95 587 96 600 140 588 140 588 96 600 397 601 140 588 397 601 396 589 396 589 397 601 383 602 396 589 383 602 382 590 382 590 383 602 369 603 382 590 369 603 368 591 368 591 369 603 356 604 368 591 356 604 355 592 355 592 356 604 343 605 355 592 343 605 342 593 342 593 343 605 329 606 342 593 329 606 328 594 328 594 329 606 315 607 328 594 315 607 314 595 314 595 315 607 301 608 314 595 301 608 300 596 300 596 301 608 288 609 300 596 288 609 287 597 287 597 288 609 275 610 287 597 275 610 274 598 274 598 275 610 261 611 274 598 261 611 260 599 260 599 261 611 247 612 260 599 247 612 246 121 246 121 247 612 233 123 397 601 96 600 384 613 384 613 96 600 97 614 384 613 97 614 371 615 371 615 97 614 139 616 371 615 139 616 358 617 358 617 139 616 346 618 358 617 346 618 345 619 345 619 346 618 332 620 345 619 332 620 331 621 331 621 332 620 318 622 331 621 318 622 317 623 317 623 318 622 304 624 317 623 304 624 303 625 303 625 304 624 291 626 303 625 291 626 290 627 290 627 291 626 278 628 290 627 278 628 277 629 277 629 278 628 264 630 277 629 264 630 263 631 263 631 264 630 250 632 263 631 250 632 249 633 249 633 250 632 236 634 249 633 236 634 235 635 235 635 236 634 223 636 235 635 223 636 222 637 222 637 223 636 210 638 222 637 210 638 209 127 209 127 210 638 196 129 97 614 98 639 139 616 139 616 98 639 138 640 139 616 138 640 346 618 346 618 138 640 333 641 346 618 333 641 332 620 332 620 333 641 319 642 332 620 319 642 318 622 318 622 319 642 305 643 318 622 305 643 304 624 304 624 305 643 292 644 304 624 292 644 291 626 291 626 292 644 279 645 291 626 279 645 278 628 278 628 279 645 265 646 278 628 265 646 264 630 264 630 265 646 251 647 264 630 251 647 250 632 250 632 251 647 237 648 250 632 237 648 236 634 236 634 237 648 224 649 236 634 224 649 223 636 223 636 224 649 211 650 223 636 211 650 210 638 210 638 211 650 197 651 210 638 197 651 196 129 196 129 197 651 183 131 98 639 99 652 138 640 138 640 99 652 334 653 138 640 334 653 333 641 333 641 334 653 320 654 333 641 320 654 319 642 319 642 320 654 306 655 319 642 306 655 305 643 305 643 306 655 293 656 305 643 293 656 292 644 292 644 293 656 280 657 292 644 280 657 279 645 279 645 280 657 266 658 279 645 266 658 265 646 265 646 266 658 252 659 265 646 252 659 251 647 251 647 252 659 238 660 251 647 238 660 237 648 237 648 238 660 225 661 237 648 225 661 224 649 224 649 225 661 212 662 224 649 212 662 211 650 211 650 212 662 198 663 211 650 198 663 197 651 197 651 198 663 184 162 197 651 184 162 183 131 334 653 99 652 321 664 321 664 99 652 100 665 321 664 100 665 308 666 308 666 100 665 137 667 308 666 137 667 295 668 295 668 137 667 283 669 295 668 283 669 282 670 282 670 283 669 269 671 282 670 269 671 268 672 268 672 269 671 255 673 268 672 255 673 254 674 254 674 255 673 241 675 254 674 241 675 240 676 240 676 241 675 228 677 240 676 228 677 227 678 227 678 228 677 215 679 227 678 215 679 214 680 214 680 215 679 201 681 214 680 201 681 200 682 200 682 201 681 187 156 200 682 187 156 186 158 100 665 101 683 137 667 137 667 101 683 136 684 137 667 136 684 283 669 283 669 136 684 270 685 283 669 270 685 269 671 269 671 270 685 256 686 269 671 256 686 255 673 255 673 256 686 242 687 255 673 242 687 241 675 241 675 242 687 229 688 241 675 229 688 228 677 228 677 229 688 216 689 228 677 216 689 215 679 215 679 216 689 202 690 215 679 202 690 201 681 201 681 202 690 188 154 201 681 188 154 187 156 101 683 102 691 136 684 136 684 102 691 271 692 136 684 271 692 270 685 270 685 271 692 257 693 270 685 257 693 256 686 256 686 257 693 243 694 256 686 243 694 242 687 242 687 243 694 230 695 242 687 230 695 229 688 229 688 230 695 217 696 229 688 217 696 216 689 216 689 217 696 203 697 216 689 203 697 202 690 202 690 203 697 189 152 202 690 189 152 188 154 271 692 102 691 258 698 258 698 102 691 103 699 258 698 103 699 245 700 245 700 103 699 135 701 245 700 135 701 232 702 232 702 135 701 220 703 232 702 220 703 219 704 219 704 220 703 206 705 219 704 206 705 205 706 205 706 206 705 192 146 205 706 192 146 191 148 103 699 104 707 135 701 135 701 104 707 134 708 135 701 134 708 220 703 220 703 134 708 207 709 220 703 207 709 206 705 206 705 207 709 193 144 206 705 193 144 192 146 104 707 105 710 134 708 134 708 105 710 208 711 134 708 208 711 207 709 207 709 208 711 194 142 207 709 194 142 193 144 208 711 105 710 195 140 195 140 105 710 106 138 109 373 110 712 563 713 563 713 110 712 564 714 563 713 564 714 550 715 550 715 564 714 551 397 550 715 551 397 538 399 110 712 111 716 564 714 564 714 111 716 565 395 564 714 565 395 551 397 109 373 577 372 110 712 110 712 577 372 578 717 110 712 578 717 111 716 111 716 578 717 579 718 111 716 579 718 112 393 112 393 579 718 580 391 111 716 112 393 565 395 114 409 115 719 568 720 568 720 115 719 569 721 568 720 569 721 555 722 555 722 569 721 556 428 555 722 556 428 543 430 115 719 116 723 569 721 569 721 116 723 570 426 569 721 570 426 556 428 114 409 582 408 115 719 115 719 582 408 583 724 115 719 583 724 116 723 116 723 583 724 584 725 116 723 584 725 117 424 117 424 584 725 585 422 116 723 117 424 570 426 572 446 119 445 573 457 168 187 169 3 147 726 147 726 169 3 146 1 147 726 146 1 171 161 171 161 146 1 170 133 167 185 168 187 148 727 148 727 168 187 147 726 148 727 147 726 172 159 172 159 147 726 171 161 166 183 167 185 149 728 149 728 167 185 148 727 149 728 148 727 173 157 173 157 148 727 172 159 165 181 166 183 150 729 150 729 166 183 149 728 150 729 149 728 174 155 174 155 149 728 173 157 164 179 165 181 151 730 151 730 165 181 150 729 151 730 150 729 175 153 175 153 150 729 174 155 163 177 164 179 152 731 152 731 164 179 151 730 152 731 151 730 176 151 176 151 151 730 175 153 162 175 163 177 153 732 153 732 163 177 152 731 153 732 152 731 177 149 177 149 152 731 176 151 161 173 162 175 154 733 154 733 162 175 153 732 154 733 153 732 178 147 178 147 153 732 177 149 160 171 161 173 155 734 155 734 161 173 154 733 155 734 154 733 179 145 179 145 154 733 178 147 159 169 160 171 156 735 156 735 160 171 155 734 156 735 155 734 180 143 180 143 155 734 179 145 158 167 159 169 157 736 157 736 159 169 156 735 157 736 156 735 181 141 181 141 156 735 180 143 132 135 158 167 133 137 133 137 158 167 157 736 133 137 157 736 182 139 182 139 157 736 181 141 184 162 198 663 185 160 185 160 198 663 199 737 185 160 199 737 186 158 186 158 199 737 200 682 189 152 203 697 190 150 190 150 203 697 204 738 190 150 204 738 191 148 191 148 204 738 205 706 208 711 195 140 194 142 198 663 212 662 199 737 199 737 212 662 213 739 199 737 213 739 200 682 200 682 213 739 214 680 203 697 217 696 204 738 204 738 217 696 218 740 204 738 218 740 205 706 205 706 218 740 219 704 212 662 225 661 213 739 213 739 225 661 226 741 213 739 226 741 214 680 214 680 226 741 227 678 217 696 230 695 218 740 218 740 230 695 231 742 218 740 231 742 219 704 219 704 231 742 232 702 209 127 221 125 222 637 222 637 221 125 234 743 222 637 234 743 235 635 235 635 234 743 248 744 235 635 248 744 249 633 249 633 248 744 262 745 249 633 262 745 263 631 263 631 262 745 276 746 263 631 276 746 277 629 277 629 276 746 289 747 277 629 289 747 290 627 290 627 289 747 302 748 290 627 302 748 303 625 303 625 302 748 316 749 303 625 316 749 317 623 317 623 316 749 330 750 317 623 330 750 331 621 331 621 330 750 344 751 331 621 344 751 345 619 345 619 344 751 357 752 345 619 357 752 358 617 358 617 357 752 370 753 358 617 370 753 371 615 371 615 370 753 384 613 225 661 238 660 226 741 226 741 238 660 239 754 226 741 239 754 227 678 227 678 239 754 240 676 230 695 243 694 231 742 231 742 243 694 244 755 231 742 244 755 232 702 232 702 244 755 245 700 221 125 233 123 234 743 234 743 233 123 247 612 234 743 247 612 248 744 248 744 247 612 261 611 248 744 261 611 262 745 262 745 261 611 275 610 262 745 275 610 276 746 276 746 275 610 288 609 276 746 288 609 289 747 289 747 288 609 301 608 289 747 301 608 302 748 302 748 301 608 315 607 302 748 315 607 316 749 316 749 315 607 329 606 316 749 329 606 330 750 330 750 329 606 343 605 330 750 343 605 344 751 344 751 343 605 356 604 344 751 356 604 357 752 357 752 356 604 369 603 357 752 369 603 370 753 370 753 369 603 383 602 370 753 383 602 384 613 384 613 383 602 397 601 238 660 252 659 239 754 239 754 252 659 253 756 239 754 253 756 240 676 240 676 253 756 254 674 258 698 245 700 244 755 258 698 244 755 257 693 257 693 244 755 243 694 252 659 266 658 253 756 253 756 266 658 267 757 253 756 267 757 254 674 254 674 267 757 268 672 271 692 258 698 257 693 266 658 280 657 267 757 267 757 280 657 281 758 267 757 281 758 268 672 268 672 281 758 282 670 280 657 293 656 281 758 281 758 293 656 294 759 281 758 294 759 282 670 282 670 294 759 295 668 272 117 284 115 285 585 285 585 284 115 297 760 285 585 297 760 298 583 298 583 297 760 311 761 298 583 311 761 312 581 312 581 311 761 325 762 312 581 325 762 326 579 326 579 325 762 339 763 326 579 339 763 340 577 340 577 339 763 352 764 340 577 352 764 353 575 353 575 352 764 365 765 353 575 365 765 366 573 366 573 365 765 379 766 366 573 379 766 380 571 380 571 379 766 393 767 380 571 393 767 394 569 394 569 393 767 407 768 394 569 407 768 408 567 408 567 407 768 420 769 408 567 420 769 421 565 421 565 420 769 433 770 421 565 433 770 434 563 434 563 433 770 447 561 293 656 306 655 294 759 294 759 306 655 307 771 294 759 307 771 295 668 295 668 307 771 308 666 284 115 296 113 297 760 297 760 296 113 310 560 297 760 310 560 311 761 311 761 310 560 324 559 311 761 324 559 325 762 325 762 324 559 338 558 325 762 338 558 339 763 339 763 338 558 351 557 339 763 351 557 352 764 352 764 351 557 364 556 352 764 364 556 365 765 365 765 364 556 378 555 365 765 378 555 379 766 379 766 378 555 392 554 379 766 392 554 393 767 393 767 392 554 406 553 393 767 406 553 407 768 407 768 406 553 419 552 407 768 419 552 420 769 420 769 419 552 432 551 420 769 432 551 433 770 433 770 432 551 446 550 433 770 446 550 447 561 447 561 446 550 460 549 321 664 308 666 307 771 321 664 307 771 320 654 320 654 307 771 306 655 334 653 321 664 320 654 335 107 347 105 348 533 348 533 347 105 360 772 348 533 360 772 361 531 361 531 360 772 374 773 361 531 374 773 375 529 375 529 374 773 388 774 375 529 388 774 389 527 389 527 388 774 402 775 389 527 402 775 403 525 403 525 402 775 415 776 403 525 415 776 416 523 416 523 415 776 428 777 416 523 428 777 429 521 429 521 428 777 442 778 429 521 442 778 443 519 443 519 442 778 456 779 443 519 456 779 457 517 457 517 456 779 470 780 457 517 470 780 471 515 471 515 470 780 483 781 471 515 483 781 484 513 484 513 483 781 496 782 484 513 496 782 497 511 497 511 496 782 510 509 347 105 359 103 360 772 360 772 359 103 373 508 360 772 373 508 374 773 374 773 373 508 387 507 374 773 387 507 388 774 388 774 387 507 401 506 388 774 401 506 402 775 402 775 401 506 414 505 402 775 414 505 415 776 415 776 414 505 427 504 415 776 427 504 428 777 428 777 427 504 441 503 428 777 441 503 442 778 442 778 441 503 455 502 442 778 455 502 456 779 456 779 455 502 469 501 456 779 469 501 470 780 470 780 469 501 482 500 470 780 482 500 483 781 483 781 482 500 495 499 483 781 495 499 496 782 496 782 495 499 509 498 496 782 509 498 510 509 510 509 509 498 523 497 398 97 410 95 411 481 411 481 410 95 423 783 411 481 423 783 424 479 424 479 423 783 437 784 424 479 437 784 438 477 438 477 437 784 451 785 438 477 451 785 452 475 452 475 451 785 465 786 452 475 465 786 466 473 466 473 465 786 478 787 466 473 478 787 479 471 479 471 478 787 491 788 479 471 491 788 492 469 492 469 491 788 505 789 492 469 505 789 506 467 506 467 505 789 519 790 506 467 519 790 520 465 520 465 519 790 533 791 520 465 533 791 534 463 534 463 533 791 546 792 534 463 546 792 547 461 547 461 546 792 559 793 547 461 559 793 560 459 560 459 559 793 573 457 410 95 422 93 423 783 423 783 422 93 436 456 423 783 436 456 437 784 437 784 436 456 450 455 437 784 450 455 451 785 451 785 450 455 464 454 451 785 464 454 465 786 465 786 464 454 477 453 465 786 477 453 478 787 478 787 477 453 490 452 478 787 490 452 491 788 491 788 490 452 504 451 491 788 504 451 505 789 505 789 504 451 518 450 505 789 518 450 519 790 519 790 518 450 532 449 519 790 532 449 533 791 533 791 532 449 545 448 533 791 545 448 546 792 546 792 545 448 558 447 546 792 558 447 559 793 559 793 558 447 572 446 559 793 572 446 573 457 448 89 461 87 462 442 462 442 461 87 474 794 462 442 474 794 475 440 475 440 474 794 487 795 475 440 487 795 488 438 488 438 487 795 501 796 488 438 501 796 502 436 502 436 501 796 515 797 502 436 515 797 516 434 516 434 515 797 529 798 516 434 529 798 530 432 530 432 529 798 542 799 530 432 542 799 543 430 543 430 542 799 555 722 461 87 473 85 474 794 474 794 473 85 486 800 474 794 486 800 487 795 487 795 486 800 500 801 487 795 500 801 501 796 501 796 500 801 514 802 501 796 514 802 515 797 515 797 514 802 528 803 515 797 528 803 529 798 529 798 528 803 541 804 529 798 541 804 542 799 542 799 541 804 554 805 542 799 554 805 555 722 555 722 554 805 568 720 473 85 485 83 486 800 486 800 485 83 499 415 486 800 499 415 500 801 500 801 499 415 513 414 500 801 513 414 514 802 514 802 513 414 527 413 514 802 527 413 528 803 528 803 527 413 540 412 528 803 540 412 541 804 541 804 540 412 553 411 541 804 553 411 554 805 554 805 553 411 567 410 554 805 567 410 568 720 568 720 567 410 114 409 511 79 524 77 525 401 525 401 524 77 537 806 525 401 537 806 538 399 538 399 537 806 550 715 524 77 536 75 537 806 537 806 536 75 549 807 537 806 549 807 550 715 550 715 549 807 563 713 536 75 548 73 549 807 549 807 548 73 562 374 549 807 562 374 563 713 563 713 562 374 109 373 107 69 574 67 575 360 575 360 574 67 588 808 575 360 588 808 589 358 589 358 588 808 602 809 589 358 602 809 603 356 603 356 602 809 615 810 603 356 615 810 616 354 616 354 615 810 628 811 616 354 628 811 629 352 629 352 628 811 642 812 629 352 642 812 643 350 643 350 642 812 656 813 643 350 656 813 657 348 657 348 656 813 670 814 657 348 670 814 671 346 671 346 670 814 683 815 671 346 683 815 684 344 684 344 683 815 696 816 684 344 696 816 697 342 697 342 696 816 710 817 697 342 710 817 711 340 711 340 710 817 724 818 711 340 724 818 725 338 725 338 724 818 124 336 577 372 591 371 578 717 578 717 591 371 592 819 578 717 592 819 579 718 579 718 592 819 593 820 579 718 593 820 580 391 580 391 593 820 594 389 582 408 596 407 583 724 583 724 596 407 597 821 583 724 597 821 584 725 584 725 597 821 598 822 584 725 598 822 585 422 585 422 598 822 599 420 574 67 587 65 588 808 588 808 587 65 601 823 588 808 601 823 602 809 602 809 601 823 614 824 602 809 614 824 615 810 615 810 614 824 627 825 615 810 627 825 628 811 628 811 627 825 641 826 628 811 641 826 642 812 642 812 641 826 655 827 642 812 655 827 656 813 656 813 655 827 669 828 656 813 669 828 670 814 670 814 669 828 682 829 670 814 682 829 683 815 683 815 682 829 695 830 683 815 695 830 696 816 696 816 695 830 709 831 696 816 709 831 710 817 710 817 709 831 723 832 710 817 723 832 724 818 724 818 723 832 737 833 724 818 737 833 124 336 124 336 737 833 125 334 591 371 605 370 592 819 592 819 605 370 606 834 592 819 606 834 593 820 593 820 606 834 607 835 593 820 607 835 594 389 594 389 607 835 608 387 596 407 610 406 597 821 597 821 610 406 611 836 597 821 611 836 598 822 598 822 611 836 120 418 598 822 120 418 599 420 587 65 600 63 601 823 601 823 600 63 613 333 601 823 613 333 614 824 614 824 613 333 626 332 614 824 626 332 627 825 627 825 626 332 640 331 627 825 640 331 641 826 641 826 640 331 654 330 641 826 654 330 655 827 655 827 654 330 668 329 655 827 668 329 669 828 669 828 668 329 681 328 669 828 681 328 682 829 682 829 681 328 694 327 682 829 694 327 695 830 695 830 694 327 708 326 695 830 708 326 709 831 709 831 708 326 722 325 709 831 722 325 723 832 723 832 722 325 736 324 723 832 736 324 737 833 737 833 736 324 749 323 737 833 749 323 125 334 125 334 749 323 762 322 605 370 618 369 606 834 606 834 618 369 619 837 606 834 619 837 607 835 607 835 619 837 620 838 607 835 620 838 608 387 608 387 620 838 621 385 121 416 120 418 611 836 121 416 611 836 623 405 623 405 611 836 610 406 618 369 631 368 619 837 619 837 631 368 632 839 619 837 632 839 620 838 620 838 632 839 633 840 620 838 633 840 621 385 621 385 633 840 634 383 636 404 121 416 623 405 631 368 645 367 632 839 632 839 645 367 646 841 632 839 646 841 633 840 633 840 646 841 647 842 633 840 647 842 634 383 634 383 647 842 648 381 624 59 637 57 638 319 638 319 637 57 651 843 638 319 651 843 652 317 652 317 651 843 665 844 652 317 665 844 666 315 666 315 665 844 678 845 666 315 678 845 679 313 679 313 678 845 691 846 679 313 691 846 692 311 692 311 691 846 705 847 692 311 705 847 706 309 706 309 705 847 719 848 706 309 719 848 720 307 720 307 719 848 733 849 720 307 733 849 734 305 734 305 733 849 746 850 734 305 746 850 747 303 747 303 746 850 759 851 747 303 759 851 760 301 760 301 759 851 773 852 760 301 773 852 774 299 774 299 773 852 787 853 774 299 787 853 788 297 788 297 787 853 126 295 645 367 659 366 646 841 646 841 659 366 660 854 646 841 660 854 647 842 647 842 660 854 661 855 647 842 661 855 648 381 648 381 661 855 662 379 637 57 650 55 651 843 651 843 650 55 664 856 651 843 664 856 665 844 665 844 664 856 677 857 665 844 677 857 678 845 678 845 677 857 690 858 678 845 690 858 691 846 691 846 690 858 704 859 691 846 704 859 705 847 705 847 704 859 718 860 705 847 718 860 719 848 719 848 718 860 732 861 719 848 732 861 733 849 733 849 732 861 745 862 733 849 745 862 746 850 746 850 745 862 758 863 746 850 758 863 759 851 759 851 758 863 772 864 759 851 772 864 773 852 773 852 772 864 786 865 773 852 786 865 787 853 787 853 786 865 800 866 787 853 800 866 126 295 126 295 800 866 127 293 659 366 673 365 660 854 660 854 673 365 674 867 660 854 674 867 661 855 661 855 674 867 122 377 661 855 122 377 662 379 650 55 663 53 664 856 664 856 663 53 676 292 664 856 676 292 677 857 677 857 676 292 689 291 677 857 689 291 690 858 690 858 689 291 703 290 690 858 703 290 704 859 704 859 703 290 717 289 704 859 717 289 718 860 718 860 717 289 731 288 718 860 731 288 732 861 732 861 731 288 744 287 732 861 744 287 745 862 745 862 744 287 757 286 745 862 757 286 758 863 758 863 757 286 771 285 758 863 771 285 772 864 772 864 771 285 785 284 772 864 785 284 786 865 786 865 785 284 799 283 786 865 799 283 800 866 800 866 799 283 812 282 800 866 812 282 127 293 127 293 812 282 825 281 123 375 122 377 674 867 123 375 674 867 686 364 686 364 674 867 673 365 699 363 123 375 686 364 687 49 700 47 701 278 701 278 700 47 714 868 701 278 714 868 715 276 715 276 714 868 728 869 715 276 728 869 729 274 729 274 728 869 741 870 729 274 741 870 742 272 742 272 741 870 754 871 742 272 754 871 755 270 755 270 754 871 768 872 755 270 768 872 769 268 769 268 768 872 782 873 769 268 782 873 783 266 783 266 782 873 796 874 783 266 796 874 797 264 797 264 796 874 809 875 797 264 809 875 810 262 810 262 809 875 822 876 810 262 822 876 823 260 823 260 822 876 836 877 823 260 836 877 837 258 837 258 836 877 850 878 837 258 850 878 851 256 851 256 850 878 128 254 700 47 713 45 714 868 714 868 713 45 727 879 714 868 727 879 728 869 728 869 727 879 740 880 728 869 740 880 741 870 741 870 740 880 753 881 741 870 753 881 754 871 754 871 753 881 767 882 754 871 767 882 768 872 768 872 767 882 781 883 768 872 781 883 782 873 782 873 781 883 795 884 782 873 795 884 796 874 796 874 795 884 808 885 796 874 808 885 809 875 809 875 808 885 821 886 809 875 821 886 822 876 822 876 821 886 835 887 822 876 835 887 836 877 836 877 835 887 849 888 836 877 849 888 850 878 850 878 849 888 863 889 850 878 863 889 128 254 128 254 863 889 129 252 713 45 726 43 727 879 727 879 726 43 739 251 727 879 739 251 740 880 740 880 739 251 752 250 740 880 752 250 753 881 753 881 752 250 766 249 753 881 766 249 767 882 767 882 766 249 780 248 767 882 780 248 781 883 781 883 780 248 794 247 781 883 794 247 795 884 795 884 794 247 807 246 795 884 807 246 808 885 808 885 807 246 820 245 808 885 820 245 821 886 821 886 820 245 834 244 821 886 834 244 835 887 835 887 834 244 848 243 835 887 848 243 849 888 849 888 848 243 862 242 849 888 862 242 863 889 863 889 862 242 875 241 863 889 875 241 129 252 129 252 875 241 888 240 750 39 763 37 764 237 764 237 763 37 777 890 764 237 777 890 778 235 778 235 777 890 791 891 778 235 791 891 792 233 792 233 791 891 804 892 792 233 804 892 805 231 805 231 804 892 817 893 805 231 817 893 818 229 818 229 817 893 831 894 818 229 831 894 832 227 832 227 831 894 845 895 832 227 845 895 846 225 846 225 845 895 859 896 846 225 859 896 860 223 860 223 859 896 872 897 860 223 872 897 873 221 873 221 872 897 885 898 873 221 885 898 886 219 886 219 885 898 899 899 886 219 899 899 900 217 900 217 899 899 913 900 900 217 913 900 914 215 914 215 913 900 130 213 763 37 776 35 777 890 777 890 776 35 790 901 777 890 790 901 791 891 791 891 790 901 803 902 791 891 803 902 804 892 804 892 803 902 816 903 804 892 816 903 817 893 817 893 816 903 830 904 817 893 830 904 831 894 831 894 830 904 844 905 831 894 844 905 845 895 845 895 844 905 858 906 845 895 858 906 859 896 859 896 858 906 871 907 859 896 871 907 872 897 872 897 871 907 884 908 872 897 884 908 885 898 885 898 884 908 898 909 885 898 898 909 899 899 899 899 898 909 912 910 899 899 912 910 913 900 913 900 912 910 926 911 913 900 926 911 130 213 130 213 926 911 131 189 776 35 789 33 790 901 790 901 789 33 802 912 790 901 802 912 803 902 803 902 802 912 815 913 803 902 815 913 816 903 816 903 815 913 829 914 816 903 829 914 830 904 830 904 829 914 843 915 830 904 843 915 844 905 844 905 843 915 857 916 844 905 857 916 858 906 858 906 857 916 870 917 858 906 870 917 871 907 871 907 870 917 883 918 871 907 883 918 884 908 884 908 883 918 897 919 884 908 897 919 898 909 898 909 897 919 911 920 898 909 911 920 912 910 912 910 911 920 925 921 912 910 925 921 926 911 926 911 925 921 938 922 926 911 938 922 131 189 131 189 938 922 951 190 789 33 801 31 802 912 802 912 801 31 814 923 802 912 814 923 815 913 815 913 814 923 828 924 815 913 828 924 829 914 829 914 828 924 842 925 829 914 842 925 843 915 843 915 842 925 856 926 843 915 856 926 857 916 857 916 856 926 869 927 857 916 869 927 870 917 870 917 869 927 882 928 870 917 882 928 883 918 883 918 882 928 896 929 883 918 896 929 897 919 897 919 896 929 910 930 897 919 910 930 911 920 911 920 910 930 924 931 911 920 924 931 925 921 925 921 924 931 937 932 925 921 937 932 938 922 938 922 937 932 950 191 938 922 950 191 951 190 801 31 813 29 814 923 814 923 813 29 827 933 814 923 827 933 828 924 828 924 827 933 841 934 828 924 841 934 842 925 842 925 841 934 855 935 842 925 855 935 856 926 856 926 855 935 868 936 856 926 868 936 869 927 869 927 868 936 881 937 869 927 881 937 882 928 882 928 881 937 895 938 882 928 895 938 896 929 896 929 895 938 909 939 896 929 909 939 910 930 910 930 909 939 923 940 910 930 923 940 924 931 924 931 923 940 936 941 924 931 936 941 937 932 937 932 936 941 949 193 937 932 949 193 950 191 813 29 826 27 827 933 827 933 826 27 840 942 827 933 840 942 841 934 841 934 840 942 854 943 841 934 854 943 855 935 855 935 854 943 867 944 855 935 867 944 868 936 868 936 867 944 880 945 868 936 880 945 881 937 881 937 880 945 894 946 881 937 894 946 895 938 895 938 894 946 908 947 895 938 908 947 909 939 909 939 908 947 922 948 909 939 922 948 923 940 923 940 922 948 935 949 923 940 935 949 936 941 936 941 935 949 948 195 936 941 948 195 949 193 826 27 839 25 840 942 840 942 839 25 853 950 840 942 853 950 854 943 854 943 853 950 866 951 854 943 866 951 867 944 867 944 866 951 879 952 867 944 879 952 880 945 880 945 879 952 893 953 880 945 893 953 894 946 894 946 893 953 907 954 894 946 907 954 908 947 908 947 907 954 921 955 908 947 921 955 922 948 922 948 921 955 934 956 922 948 934 956 935 949 935 949 934 956 947 197 935 949 947 197 948 195 839 25 852 23 853 950 853 950 852 23 865 957 853 950 865 957 866 951 866 951 865 957 878 958 866 951 878 958 879 952 879 952 878 958 892 959 879 952 892 959 893 953 893 953 892 959 906 960 893 953 906 960 907 954 907 954 906 960 920 961 907 954 920 961 921 955 921 955 920 961 933 962 921 955 933 962 934 956 934 956 933 962 946 199 934 956 946 199 947 197 852 23 864 21 865 957 865 957 864 21 877 963 865 957 877 963 878 958 878 958 877 963 891 964 878 958 891 964 892 959 892 959 891 964 905 965 892 959 905 965 906 960 906 960 905 965 919 966 906 960 919 966 920 961 920 961 919 966 932 967 920 961 932 967 933 962 933 962 932 967 945 201 933 962 945 201 946 199 864 21 876 19 877 963 877 963 876 19 890 968 877 963 890 968 891 964 891 964 890 968 904 969 891 964 904 969 905 965 905 965 904 969 918 970 905 965 918 970 919 966 919 966 918 970 931 971 919 966 931 971 932 967 932 967 931 971 944 203 932 967 944 203 945 201 876 19 889 17 890 968 890 968 889 17 903 972 890 968 903 972 904 969 904 969 903 972 917 973 904 969 917 973 918 970 918 970 917 973 930 974 918 970 930 974 931 971 931 971 930 974 943 205 931 971 943 205 944 203 889 17 902 15 903 972 903 972 902 15 916 975 903 972 916 975 917 973 917 973 916 975 929 976 917 973 929 976 930 974 930 974 929 976 942 207 930 974 942 207 943 205 902 15 915 13 916 975 916 975 915 13 928 977 916 975 928 977 929 976 929 976 928 977 941 209 929 976 941 209 942 207 915 13 927 11 928 977 928 977 927 11 940 211 928 977 940 211 941 209 939 9 940 211 927 11 965 5 966 186 952 7 952 7 966 186 953 212 966 186 967 184 953 212 953 212 967 184 954 210 967 184 968 182 954 210 954 210 968 182 955 208 968 182 969 180 955 208 955 208 969 180 956 206 969 180 970 178 956 206 956 206 970 178 957 204 970 178 971 176 957 204 957 204 971 176 958 202 971 176 972 174 958 202 958 202 972 174 959 200 972 174 973 172 959 200 959 200 973 172 960 198 973 172 974 170 960 198 960 198 974 170 961 196 974 170 975 168 961 196 961 196 975 168 962 194 977 165 964 164 963 192 975 168 976 166 962 194 962 194 976 166 963 192 976 166 977 165 963 192 979 978 1046 979 978 980 978 980 1046 979 1045 981 978 980 1045 981 1044 982 1044 982 1045 981 1111 983 1044 982 1111 983 1043 984 1043 984 1111 983 1110 985 1043 984 1110 985 1042 986 1042 986 1110 985 1109 987 1042 986 1109 987 1041 988 1041 988 1109 987 1108 989 1041 988 1108 989 1040 990 1040 990 1108 989 1107 991 1040 990 1107 991 1039 992 1039 992 1107 991 1106 993 1039 992 1106 993 1038 994 1038 994 1106 993 1105 995 1038 994 1105 995 1037 996 1037 996 1105 995 1104 997 1037 996 1104 997 1036 998 1036 998 1104 997 1103 999 1036 998 1103 999 1035 1000 1035 1000 1103 999 1102 1001 1035 1000 1102 1001 1034 1002 1034 1002 1102 1001 1101 1003 1034 1002 1101 1003 1033 1004 1033 1004 1101 1003 1100 1005 1033 1004 1100 1005 1032 1006 1032 1006 1100 1005 1099 1007 1032 1006 1099 1007 1031 1008 1031 1008 1099 1007 1098 1009 1031 1008 1098 1009 1030 1010 1030 1010 1098 1009 1097 1011 1030 1010 1097 1011 1029 1012 1029 1012 1097 1011 1096 1013 1029 1012 1096 1013 1028 1014 1028 1014 1096 1013 1095 1015 1028 1014 1095 1015 1027 1016 1027 1016 1095 1015 1094 1017 1027 1016 1094 1017 1026 1018 1026 1018 1094 1017 1093 1019 1026 1018 1093 1019 1025 1020 1025 1020 1093 1019 1092 1021 1025 1020 1092 1021 1024 1022 1024 1022 1092 1021 1091 1023 1024 1022 1091 1023 1023 1024 1023 1024 1091 1023 1090 1025 1023 1024 1090 1025 1022 1026 1022 1026 1090 1025 1089 1027 1022 1026 1089 1027 1021 1028 1021 1028 1089 1027 1088 1029 1021 1028 1088 1029 1020 1030 1020 1030 1088 1029 1087 1031 1020 1030 1087 1031 1019 1032 1019 1032 1087 1031 1086 1033 1019 1032 1086 1033 1018 1034 1018 1034 1086 1033 1085 1035 1018 1034 1085 1035 1017 1036 1017 1036 1085 1035 1084 1037 1017 1036 1084 1037 1016 1038 1016 1038 1084 1037 1083 1039 1016 1038 1083 1039 1015 1040 1015 1040 1083 1039 1082 1041 1015 1040 1082 1041 1014 1042 1014 1042 1082 1041 1081 1043 1014 1042 1081 1043 1013 1044 1013 1044 1081 1043 1080 1045 1013 1044 1080 1045 1012 1046 1012 1046 1080 1045 1079 1047 1012 1046 1079 1047 1011 1048 1011 1048 1079 1047 1078 1049 1011 1048 1078 1049 1010 1050 1010 1050 1078 1049 1077 1051 1010 1050 1077 1051 1009 1052 1009 1052 1077 1051 1076 1053 1009 1052 1076 1053 1008 1054 1008 1054 1076 1053 1075 1055 1008 1054 1075 1055 1007 1056 1007 1056 1075 1055 1074 1057 1007 1056 1074 1057 1006 1058 1006 1058 1074 1057 1073 1059 1006 1058 1073 1059 1005 1060 1005 1060 1073 1059 1072 1061 1005 1060 1072 1061 1004 1062 1004 1062 1072 1061 1071 1063 1004 1062 1071 1063 1003 1064 1003 1064 1071 1063 1070 1065 1003 1064 1070 1065 1002 1066 1002 1066 1070 1065 1069 1067 1002 1066 1069 1067 1001 1068 1001 1068 1069 1067 1068 1069 1001 1068 1068 1069 1000 1070 1000 1070 1068 1069 1067 1071 1000 1070 1067 1071 999 1072 999 1072 1067 1071 1066 1073 999 1072 1066 1073 998 1074 998 1074 1066 1073 1065 1075 998 1074 1065 1075 997 1076 997 1076 1065 1075 1064 1077 997 1076 1064 1077 996 1078 996 1078 1064 1077 1063 1079 996 1078 1063 1079 995 1080 995 1080 1063 1079 1062 1081 995 1080 1062 1081 994 1082 994 1082 1062 1081 1061 1083 994 1082 1061 1083 993 1084 993 1084 1061 1083 1060 1085 993 1084 1060 1085 992 1086 992 1086 1060 1085 1059 1087 992 1086 1059 1087 991 1088 991 1088 1059 1087 1058 1089 991 1088 1058 1089 990 1090 990 1090 1058 1089 1057 1091 990 1090 1057 1091 989 1092 989 1092 1057 1091 1056 1093 989 1092 1056 1093 988 1094 988 1094 1056 1093 1055 1095 988 1094 1055 1095 987 1096 987 1096 1055 1095 1054 1097 987 1096 1054 1097 986 1098 986 1098 1054 1097 1053 1099 986 1098 1053 1099 985 1100 985 1100 1053 1099 1052 1101 985 1100 1052 1101 984 1102 984 1102 1052 1101 1051 1103 984 1102 1051 1103 983 1104 983 1104 1051 1103 1050 1105 983 1104 1050 1105 982 1106 982 1106 1050 1105 1049 1107 982 1106 1049 1107 981 1108 981 1108 1049 1107 1048 1109 981 1108 1048 1109 980 1110 980 1110 1048 1109 1047 1111 980 1110 1047 1111 979 978 979 978 1047 1111 1046 979 66 4 1111 983 0 2 0 2 1111 983 1045 981 0 2 1045 981 1 0 1 0 1045 981 1046 979 1 0 1046 979 2 132 2 132 1046 979 1047 1111 2 132 1047 1111 3 130 3 130 1047 1111 1048 1109 3 130 1048 1109 4 128 4 128 1048 1109 1049 1107 4 128 1049 1107 5 126 5 126 1049 1107 1050 1105 5 126 1050 1105 6 124 6 124 1050 1105 1051 1103 6 124 1051 1103 7 122 7 122 1051 1103 1052 1101 7 122 1052 1101 8 120 8 120 1052 1101 1053 1099 8 120 1053 1099 9 118 9 118 1053 1099 1054 1097 9 118 1054 1097 10 116 10 116 1054 1097 1055 1095 10 116 1055 1095 11 114 11 114 1055 1095 1056 1093 11 114 1056 1093 12 112 12 112 1056 1093 1057 1091 12 112 1057 1091 13 110 13 110 1057 1091 1058 1089 13 110 1058 1089 14 108 14 108 1058 1089 1059 1087 14 108 1059 1087 15 106 15 106 1059 1087 1060 1085 15 106 1060 1085 16 104 16 104 1060 1085 1061 1083 16 104 1061 1083 17 102 17 102 1061 1083 1062 1081 17 102 1062 1081 18 100 18 100 1062 1081 1063 1079 18 100 1063 1079 19 98 19 98 1063 1079 1064 1077 19 98 1064 1077 20 96 20 96 1064 1077 1065 1075 20 96 1065 1075 21 94 21 94 1065 1075 1066 1073 21 94 1066 1073 22 92 22 92 1066 1073 1067 1071 22 92 1067 1071 23 90 23 90 1067 1071 1068 1069 23 90 1068 1069 24 88 24 88 1068 1069 1069 1067 24 88 1069 1067 25 86 25 86 1069 1067 1070 1065 25 86 1070 1065 26 84 26 84 1070 1065 1071 1063 26 84 1071 1063 27 82 27 82 1071 1063 1072 1061 27 82 1072 1061 28 80 28 80 1072 1061 1073 1059 28 80 1073 1059 29 78 29 78 1073 1059 1074 1057 29 78 1074 1057 30 76 30 76 1074 1057 1075 1055 30 76 1075 1055 31 74 31 74 1075 1055 1076 1053 31 74 1076 1053 32 72 32 72 1076 1053 1077 1051 32 72 1077 1051 33 70 33 70 1077 1051 1078 1049 33 70 1078 1049 34 68 34 68 1078 1049 1079 1047 34 68 1079 1047 35 66 35 66 1079 1047 1080 1045 35 66 1080 1045 36 64 36 64 1080 1045 1081 1043 36 64 1081 1043 37 62 37 62 1081 1043 1082 1041 37 62 1082 1041 38 60 38 60 1082 1041 1083 1039 38 60 1083 1039 39 58 39 58 1083 1039 1084 1037 39 58 1084 1037 40 56 40 56 1084 1037 1085 1035 40 56 1085 1035 41 54 41 54 1085 1035 1086 1033 41 54 1086 1033 42 52 42 52 1086 1033 1087 1031 42 52 1087 1031 43 50 43 50 1087 1031 1088 1029 43 50 1088 1029 44 48 44 48 1088 1029 1089 1027 44 48 1089 1027 45 46 45 46 1089 1027 1090 1025 45 46 1090 1025 46 44 46 44 1090 1025 1091 1023 46 44 1091 1023 47 42 47 42 1091 1023 1092 1021 47 42 1092 1021 48 40 48 40 1092 1021 1093 1019 48 40 1093 1019 49 38 49 38 1093 1019 1094 1017 49 38 1094 1017 50 36 50 36 1094 1017 1095 1015 50 36 1095 1015 51 34 51 34 1095 1015 1096 1013 51 34 1096 1013 52 32 52 32 1096 1013 1097 1011 52 32 1097 1011 53 30 53 30 1097 1011 1098 1009 53 30 1098 1009 54 28 54 28 1098 1009 1099 1007 54 28 1099 1007 55 26 55 26 1099 1007 1100 1005 55 26 1100 1005 56 24 56 24 1100 1005 1101 1003 56 24 1101 1003 57 22 57 22 1101 1003 1102 1001 57 22 1102 1001 58 20 58 20 1102 1001 1103 999 58 20 1103 999 59 18 59 18 1103 999 1104 997 59 18 1104 997 60 16 60 16 1104 997 1105 995 60 16 1105 995 61 14 61 14 1105 995 1106 993 61 14 1106 993 62 12 62 12 1106 993 1107 991 62 12 1107 991 63 10 63 10 1107 991 1108 989 63 10 1108 989 64 8 64 8 1108 989 1109 987 64 8 1109 987 65 6 65 6 1109 987 1110 985 65 6 1110 985 66 4 66 4 1110 985 1111 983 106 138 88 458 67 136 67 136 88 458 87 444 67 136 87 444 68 134 68 134 87 444 86 419 68 134 86 419 69 163 69 163 86 419 85 417 69 163 85 417 70 188 70 188 85 417 84 403 70 188 84 403 71 214 71 214 84 403 83 378 71 214 83 378 72 239 72 239 83 378 82 376 72 239 82 376 73 253 73 253 82 376 81 362 73 253 81 362 74 255 74 255 81 362 80 337 74 255 80 337 75 280 75 280 80 337 79 335 75 280 79 335 76 294 76 294 79 335 78 321 76 294 78 321 77 296 88 458 106 138 89 483 89 483 106 138 105 710 89 483 105 710 90 496 90 496 105 710 104 707 90 496 104 707 91 510 91 510 104 707 103 699 91 510 103 699 92 535 92 535 103 699 102 691 92 535 102 691 93 548 93 548 102 691 101 683 93 548 101 683 94 562 94 562 101 683 100 665 94 562 100 665 95 587 95 587 100 665 99 652 95 587 99 652 96 600 96 600 99 652 98 639 96 600 98 639 97 614 1113 1112 1122 1113 1112 1114 1112 1114 1122 1113 1123 1115 1112 1114 1123 1115 1124 1116 1124 1116 1123 1115 1128 1117 1124 1116 1128 1117 1129 1118 1129 1118 1128 1117 1133 1119 1129 1118 1133 1119 1118 1120 1118 1120 1133 1119 1117 1121 1117 1121 1133 1119 1132 1122 1117 1121 1132 1122 1131 1123 1131 1123 1132 1122 1127 1124 1131 1123 1127 1124 1126 1125 1126 1125 1127 1124 1122 1113 1126 1125 1122 1113 1113 1112 1113 1112 1114 1126 1126 1125 1126 1125 1114 1126 1130 1127 1126 1125 1130 1127 1131 1123 1131 1123 1130 1127 1116 1128 1131 1123 1116 1128 1117 1121 1114 1126 1115 1129 1130 1127 1130 1127 1115 1129 1116 1128 1118 1120 1119 1130 1129 1118 1129 1118 1119 1130 1125 1131 1129 1118 1125 1131 1124 1116 1124 1116 1125 1131 1121 1132 1124 1116 1121 1132 1112 1114 1119 1130 1120 1133 1125 1131 1125 1131 1120 1133 1121 1132 1128 1117 1123 1115 1127 1124 1127 1124 1123 1115 1122 1113 1133 1119 1128 1117 1132 1122 1132 1122 1128 1117 1127 1124 1116 1128 1134 1134 1117 1121 1117 1121 1134 1134 1135 1135 1137 1136 1142 1137 1136 1138 1136 1138 1142 1137 1143 1139 1136 1138 1143 1139 1144 1140 1144 1140 1143 1139 1149 1141 1144 1140 1149 1141 1150 1142 1150 1142 1149 1141 1134 1134 1150 1142 1134 1134 1151 1143 1151 1143 1134 1134 1139 1144 1151 1143 1139 1144 1146 1145 1146 1145 1139 1144 1140 1146 1146 1145 1140 1146 1141 1147 1142 1137 1137 1136 1147 1148 1147 1148 1137 1136 1138 1149 1147 1148 1138 1149 1135 1135 1134 1134 1149 1141 1135 1135 1135 1135 1149 1141 1148 1150 1135 1135 1148 1150 1147 1148 1147 1148 1148 1150 1142 1137 1136 1138 1144 1140 1141 1147 1141 1147 1144 1140 1145 1151 1141 1147 1145 1151 1146 1145 1146 1145 1145 1151 1151 1143 1149 1141 1143 1139 1148 1150 1148 1150 1143 1139 1142 1137 1151 1143 1145 1151 1150 1142 1150 1142 1145 1151 1144 1140 1136 1138 1141 1147 1153 1152 1153 1152 1141 1147 1152 1153 1180 1154 1154 1155 1208 1156 1208 1156 1154 1155 1155 1157 1208 1156 1155 1157 1156 1158 1156 1158 1157 1159 1208 1156 1208 1156 1157 1159 1158 1160 1208 1156 1158 1160 1159 1161 1159 1161 1160 1162 1208 1156 1208 1156 1160 1162 1161 1163 1208 1156 1161 1163 1152 1164 1152 1164 1161 1163 1162 1165 1152 1164 1162 1165 1163 1166 1163 1166 1164 1167 1152 1164 1152 1164 1164 1167 1165 1168 1152 1164 1165 1168 1166 1169 1166 1169 1167 1170 1152 1164 1152 1164 1167 1170 1168 1171 1152 1164 1168 1171 1169 1172 1170 1173 1192 1174 1169 1172 1169 1172 1192 1174 1193 1175 1169 1172 1193 1175 1153 1176 1153 1176 1193 1175 1194 1177 1153 1176 1194 1177 1195 1178 1192 1174 1170 1173 1191 1179 1191 1179 1170 1173 1171 1180 1191 1179 1171 1180 1172 1181 1191 1179 1172 1181 1190 1182 1190 1182 1172 1181 1173 1183 1190 1182 1173 1183 1189 1184 1189 1184 1173 1183 1174 1185 1189 1184 1174 1185 1188 1186 1188 1186 1174 1185 1187 1187 1187 1187 1174 1185 1175 1188 1187 1187 1175 1188 1186 1189 1186 1189 1175 1188 1176 1190 1186 1189 1176 1190 1185 1191 1185 1191 1176 1190 1177 1192 1185 1191 1177 1192 1184 1193 1184 1193 1177 1192 1178 1194 1184 1193 1178 1194 1183 1195 1183 1195 1178 1194 1179 1196 1183 1195 1179 1196 1180 1154 1207 1197 1181 1198 1209 1199 1209 1199 1181 1198 1182 1200 1209 1199 1182 1200 1180 1154 1180 1154 1182 1200 1183 1195 1195 1178 1196 1201 1153 1176 1153 1176 1196 1201 1197 1202 1153 1176 1197 1202 1198 1203 1198 1203 1199 1204 1153 1176 1153 1176 1199 1204 1200 1205 1153 1176 1200 1205 1201 1206 1153 1176 1201 1206 1209 1199 1209 1199 1201 1206 1202 1207 1209 1199 1202 1207 1203 1208 1203 1208 1204 1209 1209 1199 1209 1199 1204 1209 1205 1210 1209 1199 1205 1210 1206 1211 1206 1211 1207 1197 1209 1199 1208 1156 1209 1199 1180 1154 1153 1176 1152 1164 1169 1172 1207 1212 1239 1213 1181 1214 1181 1214 1239 1213 1237 1215 1181 1214 1237 1215 1182 1216 1182 1216 1237 1215 1289 1217 1182 1216 1289 1217 1183 1218 1183 1218 1289 1217 1287 1219 1183 1218 1287 1219 1184 1220 1184 1220 1287 1219 1285 1221 1184 1220 1285 1221 1185 1222 1185 1222 1285 1221 1283 1223 1185 1222 1283 1223 1186 1224 1186 1224 1283 1223 1281 1225 1186 1224 1281 1225 1187 1226 1187 1226 1281 1225 1279 1227 1187 1226 1279 1227 1188 1228 1188 1228 1279 1227 1277 1229 1188 1228 1277 1229 1189 1230 1189 1230 1277 1229 1275 1231 1189 1230 1275 1231 1190 1232 1190 1232 1275 1231 1273 1233 1190 1232 1273 1233 1191 1234 1191 1234 1273 1233 1271 1235 1191 1234 1271 1235 1192 1236 1192 1236 1271 1235 1269 1237 1192 1236 1269 1237 1193 1238 1193 1238 1269 1237 1267 1239 1193 1238 1267 1239 1194 1240 1194 1240 1267 1239 1265 1241 1194 1240 1265 1241 1195 1242 1195 1242 1265 1241 1263 1243 1195 1242 1263 1243 1196 1244 1196 1244 1263 1243 1261 1245 1196 1244 1261 1245 1197 1246 1197 1246 1261 1245 1259 1247 1197 1246 1259 1247 1198 1248 1198 1248 1259 1247 1257 1249 1198 1248 1257 1249 1199 1250 1199 1250 1257 1249 1255 1251 1199 1250 1255 1251 1200 1252 1200 1252 1255 1251 1253 1253 1200 1252 1253 1253 1201 1254 1201 1254 1253 1253 1251 1255 1201 1254 1251 1255 1202 1256 1202 1256 1251 1255 1249 1257 1202 1256 1249 1257 1203 1258 1203 1258 1249 1257 1247 1259 1203 1258 1247 1259 1204 1260 1204 1260 1247 1259 1245 1261 1204 1260 1245 1261 1205 1262 1205 1262 1245 1261 1243 1263 1205 1262 1243 1263 1206 1264 1206 1264 1243 1263 1241 1265 1206 1264 1241 1265 1207 1212 1207 1212 1241 1265 1239 1213 1211 1266 1290 1267 1210 1268 1210 1268 1290 1267 1238 1269 1210 1268 1238 1269 1236 1270 1236 1270 1238 1269 1240 1271 1236 1270 1240 1271 1235 1272 1235 1272 1240 1271 1242 1273 1235 1272 1242 1273 1234 1274 1234 1274 1242 1273 1244 1275 1234 1274 1244 1275 1233 1276 1233 1276 1244 1275 1246 1277 1233 1276 1246 1277 1232 1278 1232 1278 1246 1277 1248 1279 1232 1278 1248 1279 1231 1280 1231 1280 1248 1279 1250 1281 1231 1280 1250 1281 1230 1282 1230 1282 1250 1281 1252 1283 1230 1282 1252 1283 1229 1284 1229 1284 1252 1283 1254 1285 1229 1284 1254 1285 1228 1286 1228 1286 1254 1285 1256 1287 1228 1286 1256 1287 1227 1288 1227 1288 1256 1287 1258 1289 1227 1288 1258 1289 1226 1290 1226 1290 1258 1289 1260 1291 1226 1290 1260 1291 1225 1292 1225 1292 1260 1291 1262 1293 1225 1292 1262 1293 1224 1294 1224 1294 1262 1293 1264 1295 1224 1294 1264 1295 1223 1296 1223 1296 1264 1295 1266 1297 1223 1296 1266 1297 1222 1298 1222 1298 1266 1297 1268 1299 1222 1298 1268 1299 1221 1300 1221 1300 1268 1299 1270 1301 1221 1300 1270 1301 1220 1302 1220 1302 1270 1301 1272 1303 1220 1302 1272 1303 1219 1304 1219 1304 1272 1303 1274 1305 1219 1304 1274 1305 1218 1306 1218 1306 1274 1305 1276 1307 1218 1306 1276 1307 1217 1308 1217 1308 1276 1307 1278 1309 1217 1308 1278 1309 1216 1310 1216 1310 1278 1309 1280 1311 1216 1310 1280 1311 1215 1312 1215 1312 1280 1311 1282 1313 1215 1312 1282 1313 1214 1314 1214 1314 1282 1313 1284 1315 1214 1314 1284 1315 1213 1316 1213 1316 1284 1315 1286 1317 1213 1316 1286 1317 1212 1318 1212 1318 1286 1317 1288 1319 1212 1318 1288 1319 1211 1266 1211 1266 1288 1319 1290 1267 1237 1215 1238 1269 1289 1217 1289 1217 1238 1269 1290 1267 1289 1217 1290 1267 1287 1219 1287 1219 1290 1267 1288 1319 1287 1219 1288 1319 1285 1221 1285 1221 1288 1319 1286 1317 1285 1221 1286 1317 1283 1223 1283 1223 1286 1317 1284 1315 1283 1223 1284 1315 1281 1225 1281 1225 1284 1315 1282 1313 1281 1225 1282 1313 1279 1227 1279 1227 1282 1313 1280 1311 1279 1227 1280 1311 1277 1229 1277 1229 1280 1311 1278 1309 1277 1229 1278 1309 1275 1231 1275 1231 1278 1309 1276 1307 1275 1231 1276 1307 1273 1233 1273 1233 1276 1307 1274 1305 1273 1233 1274 1305 1271 1235 1271 1235 1274 1305 1272 1303 1271 1235 1272 1303 1269 1237 1269 1237 1272 1303 1270 1301 1269 1237 1270 1301 1267 1239 1267 1239 1270 1301 1268 1299 1267 1239 1268 1299 1265 1241 1265 1241 1268 1299 1266 1297 1265 1241 1266 1297 1263 1243 1263 1243 1266 1297 1264 1295 1263 1243 1264 1295 1261 1245 1261 1245 1264 1295 1262 1293 1261 1245 1262 1293 1259 1247 1259 1247 1262 1293 1260 1291 1259 1247 1260 1291 1257 1249 1257 1249 1260 1291 1258 1289 1257 1249 1258 1289 1255 1251 1255 1251 1258 1289 1256 1287 1255 1251 1256 1287 1253 1253 1253 1253 1256 1287 1254 1285 1253 1253 1254 1285 1251 1255 1251 1255 1254 1285 1252 1283 1251 1255 1252 1283 1249 1257 1249 1257 1252 1283 1250 1281 1249 1257 1250 1281 1247 1259 1247 1259 1250 1281 1248 1279 1247 1259 1248 1279 1245 1261 1245 1261 1248 1279 1246 1277 1245 1261 1246 1277 1243 1263 1243 1263 1246 1277 1244 1275 1243 1263 1244 1275 1241 1265 1241 1265 1244 1275 1242 1273 1241 1265 1242 1273 1239 1213 1239 1213 1242 1273 1240 1271 1239 1213 1240 1271 1237 1215 1237 1215 1240 1271 1238 1269 1292 1320 1344 1321 1291 1322 1291 1322 1344 1321 1318 1323 1291 1322 1318 1323 1317 1324 1317 1324 1318 1323 1319 1325 1317 1324 1319 1325 1316 1326 1316 1326 1319 1325 1320 1327 1316 1326 1320 1327 1315 1328 1315 1328 1320 1327 1321 1329 1315 1328 1321 1329 1314 1330 1314 1330 1321 1329 1322 1331 1314 1330 1322 1331 1313 1332 1313 1332 1322 1331 1323 1333 1313 1332 1323 1333 1312 1334 1312 1334 1323 1333 1324 1335 1312 1334 1324 1335 1311 1336 1311 1336 1324 1335 1325 1337 1311 1336 1325 1337 1310 1338 1310 1338 1325 1337 1326 1339 1310 1338 1326 1339 1309 1340 1309 1340 1326 1339 1327 1341 1309 1340 1327 1341 1308 1342 1308 1342 1327 1341 1328 1343 1308 1342 1328 1343 1307 1344 1307 1344 1328 1343 1329 1345 1307 1344 1329 1345 1306 1346 1306 1346 1329 1345 1330 1347 1306 1346 1330 1347 1305 1348 1305 1348 1330 1347 1331 1349 1305 1348 1331 1349 1304 1350 1304 1350 1331 1349 1332 1351 1304 1350 1332 1351 1303 1352 1303 1352 1332 1351 1333 1353 1303 1352 1333 1353 1302 1354 1302 1354 1333 1353 1334 1355 1302 1354 1334 1355 1301 1356 1301 1356 1334 1355 1335 1357 1301 1356 1335 1357 1300 1358 1300 1358 1335 1357 1336 1359 1300 1358 1336 1359 1299 1360 1299 1360 1336 1359 1337 1361 1299 1360 1337 1361 1298 1362 1298 1362 1337 1361 1338 1363 1298 1362 1338 1363 1297 1364 1297 1364 1338 1363 1339 1365 1297 1364 1339 1365 1296 1366 1296 1366 1339 1365 1340 1367 1296 1366 1340 1367 1295 1368 1295 1368 1340 1367 1341 1369 1295 1368 1341 1369 1294 1370 1294 1370 1341 1369 1342 1371 1294 1370 1342 1371 1293 1372 1293 1372 1342 1371 1343 1373 1293 1372 1343 1373 1292 1320 1292 1320 1343 1373 1344 1321 1346 1374 1398 1375 1345 1376 1345 1376 1398 1375 1372 1377 1345 1376 1372 1377 1371 1378 1371 1378 1372 1377 1373 1379 1371 1378 1373 1379 1370 1380 1370 1380 1373 1379 1374 1381 1370 1380 1374 1381 1369 1382 1369 1382 1374 1381 1375 1383 1369 1382 1375 1383 1368 1384 1368 1384 1375 1383 1376 1385 1368 1384 1376 1385 1367 1386 1367 1386 1376 1385 1377 1387 1367 1386 1377 1387 1366 1388 1366 1388 1377 1387 1378 1389 1366 1388 1378 1389 1365 1390 1365 1390 1378 1389 1379 1391 1365 1390 1379 1391 1364 1392 1364 1392 1379 1391 1380 1393 1364 1392 1380 1393 1363 1394 1363 1394 1380 1393 1381 1395 1363 1394 1381 1395 1362 1396 1362 1396 1381 1395 1382 1397 1362 1396 1382 1397 1361 1398 1361 1398 1382 1397 1383 1399 1361 1398 1383 1399 1360 1400 1360 1400 1383 1399 1384 1401 1360 1400 1384 1401 1359 1402 1359 1402 1384 1401 1385 1403 1359 1402 1385 1403 1358 1404 1358 1404 1385 1403 1386 1405 1358 1404 1386 1405 1357 1406 1357 1406 1386 1405 1387 1407 1357 1406 1387 1407 1356 1408 1356 1408 1387 1407 1388 1409 1356 1408 1388 1409 1355 1410 1355 1410 1388 1409 1389 1411 1355 1410 1389 1411 1354 1412 1354 1412 1389 1411 1390 1413 1354 1412 1390 1413 1353 1414 1353 1414 1390 1413 1391 1415 1353 1414 1391 1415 1352 1416 1352 1416 1391 1415 1392 1417 1352 1416 1392 1417 1351 1418 1351 1418 1392 1417 1393 1419 1351 1418 1393 1419 1350 1420 1350 1420 1393 1419 1394 1421 1350 1420 1394 1421 1349 1422 1349 1422 1394 1421 1395 1423 1349 1422 1395 1423 1348 1424 1348 1424 1395 1423 1396 1425 1348 1424 1396 1425 1347 1426 1347 1426 1396 1425 1397 1427 1347 1426 1397 1427 1346 1374 1346 1374 1397 1427 1398 1375 1180 1428 1428 1429 1154 1430 1154 1430 1428 1429 1426 1431 1154 1430 1426 1431 1155 1432 1155 1432 1426 1431 1478 1433 1155 1432 1478 1433 1156 1434 1156 1434 1478 1433 1476 1435 1156 1434 1476 1435 1157 1436 1157 1436 1476 1435 1474 1437 1157 1436 1474 1437 1158 1438 1158 1438 1474 1437 1472 1439 1158 1438 1472 1439 1159 1440 1159 1440 1472 1439 1470 1441 1159 1440 1470 1441 1160 1442 1160 1442 1470 1441 1468 1443 1160 1442 1468 1443 1161 1444 1161 1444 1468 1443 1466 1445 1161 1444 1466 1445 1162 1446 1162 1446 1466 1445 1464 1447 1162 1446 1464 1447 1163 1448 1163 1448 1464 1447 1462 1449 1163 1448 1462 1449 1164 1450 1164 1450 1462 1449 1460 1451 1164 1450 1460 1451 1165 1452 1165 1452 1460 1451 1458 1453 1165 1452 1458 1453 1166 1454 1166 1454 1458 1453 1456 1455 1166 1454 1456 1455 1167 1456 1167 1456 1456 1455 1454 1457 1167 1456 1454 1457 1168 1458 1168 1458 1454 1457 1452 1459 1168 1458 1452 1459 1169 1460 1169 1460 1452 1459 1450 1461 1169 1460 1450 1461 1170 1462 1170 1462 1450 1461 1448 1463 1170 1462 1448 1463 1171 1464 1171 1464 1448 1463 1446 1465 1171 1464 1446 1465 1172 1466 1172 1466 1446 1465 1444 1467 1172 1466 1444 1467 1173 1468 1173 1468 1444 1467 1442 1469 1173 1468 1442 1469 1174 1470 1174 1470 1442 1469 1440 1471 1174 1470 1440 1471 1175 1472 1175 1472 1440 1471 1438 1473 1175 1472 1438 1473 1176 1474 1176 1474 1438 1473 1436 1475 1176 1474 1436 1475 1177 1476 1177 1476 1436 1475 1434 1477 1177 1476 1434 1477 1178 1478 1178 1478 1434 1477 1432 1479 1178 1478 1432 1479 1179 1480 1179 1480 1432 1479 1430 1481 1179 1480 1430 1481 1180 1428 1180 1428 1430 1481 1428 1429 1400 1482 1479 1483 1399 1484 1399 1484 1479 1483 1427 1485 1399 1484 1427 1485 1425 1486 1425 1486 1427 1485 1429 1487 1425 1486 1429 1487 1424 1488 1424 1488 1429 1487 1431 1489 1424 1488 1431 1489 1423 1490 1423 1490 1431 1489 1433 1491 1423 1490 1433 1491 1422 1492 1422 1492 1433 1491 1435 1493 1422 1492 1435 1493 1421 1494 1421 1494 1435 1493 1437 1495 1421 1494 1437 1495 1420 1496 1420 1496 1437 1495 1439 1497 1420 1496 1439 1497 1419 1498 1419 1498 1439 1497 1441 1499 1419 1498 1441 1499 1418 1500 1418 1500 1441 1499 1443 1501 1418 1500 1443 1501 1417 1502 1417 1502 1443 1501 1445 1503 1417 1502 1445 1503 1416 1504 1416 1504 1445 1503 1447 1505 1416 1504 1447 1505 1415 1506 1415 1506 1447 1505 1449 1507 1415 1506 1449 1507 1414 1508 1414 1508 1449 1507 1451 1509 1414 1508 1451 1509 1413 1510 1413 1510 1451 1509 1453 1511 1413 1510 1453 1511 1412 1512 1412 1512 1453 1511 1455 1513 1412 1512 1455 1513 1411 1514 1411 1514 1455 1513 1457 1515 1411 1514 1457 1515 1410 1516 1410 1516 1457 1515 1459 1517 1410 1516 1459 1517 1409 1518 1409 1518 1459 1517 1461 1519 1409 1518 1461 1519 1408 1520 1408 1520 1461 1519 1463 1521 1408 1520 1463 1521 1407 1522 1407 1522 1463 1521 1465 1523 1407 1522 1465 1523 1406 1524 1406 1524 1465 1523 1467 1525 1406 1524 1467 1525 1405 1526 1405 1526 1467 1525 1469 1527 1405 1526 1469 1527 1404 1528 1404 1528 1469 1527 1471 1529 1404 1528 1471 1529 1403 1530 1403 1530 1471 1529 1473 1531 1403 1530 1473 1531 1402 1532 1402 1532 1473 1531 1475 1533 1402 1532 1475 1533 1401 1534 1401 1534 1475 1533 1477 1535 1401 1534 1477 1535 1400 1482 1400 1482 1477 1535 1479 1483 1426 1431 1427 1485 1478 1433 1478 1433 1427 1485 1479 1483 1478 1433 1479 1483 1476 1435 1476 1435 1479 1483 1477 1535 1476 1435 1477 1535 1474 1437 1474 1437 1477 1535 1475 1533 1474 1437 1475 1533 1472 1439 1472 1439 1475 1533 1473 1531 1472 1439 1473 1531 1470 1441 1470 1441 1473 1531 1471 1529 1470 1441 1471 1529 1468 1443 1468 1443 1471 1529 1469 1527 1468 1443 1469 1527 1466 1445 1466 1445 1469 1527 1467 1525 1466 1445 1467 1525 1464 1447 1464 1447 1467 1525 1465 1523 1464 1447 1465 1523 1462 1449 1462 1449 1465 1523 1463 1521 1462 1449 1463 1521 1460 1451 1460 1451 1463 1521 1461 1519 1460 1451 1461 1519 1458 1453 1458 1453 1461 1519 1459 1517 1458 1453 1459 1517 1456 1455 1456 1455 1459 1517 1457 1515 1456 1455 1457 1515 1454 1457 1454 1457 1457 1515 1455 1513 1454 1457 1455 1513 1452 1459 1452 1459 1455 1513 1453 1511 1452 1459 1453 1511 1450 1461 1450 1461 1453 1511 1451 1509 1450 1461 1451 1509 1448 1463 1448 1463 1451 1509 1449 1507 1448 1463 1449 1507 1446 1465 1446 1465 1449 1507 1447 1505 1446 1465 1447 1505 1444 1467 1444 1467 1447 1505 1445 1503 1444 1467 1445 1503 1442 1469 1442 1469 1445 1503 1443 1501 1442 1469 1443 1501 1440 1471 1440 1471 1443 1501 1441 1499 1440 1471 1441 1499 1438 1473 1438 1473 1441 1499 1439 1497 1438 1473 1439 1497 1436 1475 1436 1475 1439 1497 1437 1495 1436 1475 1437 1495 1434 1477 1434 1477 1437 1495 1435 1493 1434 1477 1435 1493 1432 1479 1432 1479 1435 1493 1433 1491 1432 1479 1433 1491 1430 1481 1430 1481 1433 1491 1431 1489 1430 1481 1431 1489 1428 1429 1428 1429 1431 1489 1429 1487 1428 1429 1429 1487 1426 1431 1426 1431 1429 1487 1427 1485 1481 1536 1120 1537 1480 1538 1480 1538 1120 1537 1119 1539 1480 1538 1119 1539 1118 1540 1482 1541 1121 1542 1481 1536 1481 1536 1121 1542 1120 1537 1118 1540 1117 1543 1480 1538 1480 1538 1117 1543 1135 1544 1480 1538 1135 1544 1209 1545 1209 1545 1135 1544 1138 1546 1209 1545 1138 1546 1137 1547 1137 1547 1136 1548 1209 1545 1209 1545 1136 1548 1153 1549 1483 1550 1480 1551 1208 1552 1208 1552 1480 1551 1209 1553 1483 1554 1113 1555 1484 1556 1484 1556 1113 1555 1112 1557 1484 1556 1112 1557 1485 1558 1208 1559 1134 1560 1483 1554 1483 1554 1134 1560 1116 1561 1483 1554 1116 1561 1115 1562 1152 1563 1141 1564 1208 1559 1208 1559 1141 1564 1140 1565 1208 1559 1140 1565 1139 1566 1139 1566 1134 1560 1208 1559 1115 1562 1114 1567 1483 1554 1483 1554 1114 1567 1113 1555 1481 1568 1484 1569 1482 1570 1482 1570 1484 1569 1485 1571 1121 1132 1346 1572 1112 1114 1112 1114 1346 1572 1345 1573 1112 1114 1345 1573 1371 1574 1482 1575 1298 1576 1121 1132 1121 1132 1298 1576 1297 1577 1121 1132 1297 1577 1296 1578 1485 1579 1357 1580 1482 1575 1482 1575 1357 1580 1306 1581 1482 1575 1306 1581 1305 1582 1112 1114 1365 1583 1485 1579 1485 1579 1365 1583 1364 1584 1485 1579 1364 1584 1363 1585 1371 1574 1370 1586 1112 1114 1112 1114 1370 1586 1369 1587 1112 1114 1369 1587 1368 1588 1368 1588 1367 1589 1112 1114 1112 1114 1367 1589 1366 1590 1112 1114 1366 1590 1365 1583 1363 1585 1362 1591 1485 1579 1485 1579 1362 1591 1361 1592 1485 1579 1361 1592 1360 1593 1360 1593 1359 1594 1485 1579 1485 1579 1359 1594 1358 1595 1485 1579 1358 1595 1357 1580 1357 1580 1356 1596 1306 1581 1306 1581 1356 1596 1307 1597 1307 1597 1356 1596 1355 1598 1307 1597 1355 1598 1308 1599 1308 1599 1355 1598 1354 1600 1308 1599 1354 1600 1309 1601 1309 1601 1354 1600 1353 1602 1309 1601 1353 1602 1310 1603 1310 1603 1353 1602 1352 1604 1310 1603 1352 1604 1311 1605 1311 1605 1352 1604 1312 1606 1312 1606 1352 1604 1351 1607 1312 1606 1351 1607 1313 1608 1313 1608 1351 1607 1350 1609 1313 1608 1350 1609 1314 1610 1314 1610 1350 1609 1349 1611 1314 1610 1349 1611 1315 1612 1315 1612 1349 1611 1348 1613 1315 1612 1348 1613 1316 1614 1316 1614 1348 1613 1347 1615 1316 1614 1347 1615 1346 1572 1292 1616 1291 1617 1121 1132 1121 1132 1291 1617 1317 1618 1121 1132 1317 1618 1346 1572 1346 1572 1317 1618 1316 1614 1305 1582 1304 1619 1482 1575 1482 1575 1304 1619 1303 1620 1482 1575 1303 1620 1302 1621 1302 1621 1301 1622 1482 1575 1482 1575 1301 1622 1300 1623 1482 1575 1300 1623 1299 1624 1299 1624 1298 1576 1482 1575 1296 1578 1295 1625 1121 1132 1121 1132 1295 1625 1294 1626 1121 1132 1294 1626 1293 1627 1293 1627 1292 1616 1121 1132 1044 1628 1484 1629 978 1630 978 1630 1484 1629 1481 1631 978 1630 1481 1631 979 1632 979 1632 1481 1631 980 1633 980 1633 1481 1631 1330 1634 980 1633 1330 1634 981 1635 981 1635 1330 1634 1329 1636 981 1635 1329 1636 982 1637 982 1637 1329 1636 1328 1638 982 1637 1328 1638 983 1639 983 1639 1328 1638 1327 1640 983 1639 1327 1640 984 1641 984 1641 1327 1640 1326 1642 984 1641 1326 1642 985 1643 985 1643 1326 1642 1325 1644 985 1643 1325 1644 1324 1645 1044 1628 1043 1646 1484 1629 1484 1629 1043 1646 1387 1647 1484 1629 1387 1647 1386 1648 1043 1646 1042 1649 1387 1647 1387 1647 1042 1649 1388 1650 1388 1650 1042 1649 1041 1651 1388 1650 1041 1651 1389 1652 1389 1652 1041 1651 1040 1653 1389 1652 1040 1653 1390 1654 1390 1654 1040 1653 1039 1655 1390 1654 1039 1655 1391 1656 1391 1656 1039 1655 1038 1657 1391 1656 1038 1657 1392 1658 1392 1658 1038 1657 1393 1659 1393 1659 1038 1657 1037 1660 1393 1659 1037 1660 1394 1661 1394 1661 1037 1660 1036 1662 1394 1661 1036 1662 1395 1663 1395 1663 1036 1662 1396 1664 1396 1664 1036 1662 1035 1665 1396 1664 1035 1665 1397 1666 1397 1666 1035 1665 1034 1667 1397 1666 1034 1667 1398 1668 1398 1668 1034 1667 1033 1669 1398 1668 1033 1669 1372 1670 1372 1670 1033 1669 1373 1671 1373 1671 1033 1669 1032 1672 1373 1671 1032 1672 1374 1673 1374 1673 1032 1672 1031 1674 1374 1673 1031 1674 1375 1675 1375 1675 1031 1674 1030 1676 1375 1675 1030 1676 1029 1677 1375 1675 1029 1677 1376 1678 1376 1678 1029 1677 1028 1679 1376 1678 1028 1679 1408 1680 1408 1680 1028 1679 1409 1681 1409 1681 1028 1679 1027 1682 1409 1681 1027 1682 1410 1683 1410 1683 1027 1682 1026 1684 1410 1683 1026 1684 1025 1685 1410 1683 1025 1685 1411 1686 1411 1686 1025 1685 1024 1687 1411 1686 1024 1687 1412 1688 1412 1688 1024 1687 1023 1689 1412 1688 1023 1689 1413 1690 1413 1690 1023 1689 1414 1691 1414 1691 1023 1689 1022 1692 1414 1691 1022 1692 1415 1693 1415 1693 1022 1692 1021 1694 1415 1693 1021 1694 1416 1695 1416 1695 1021 1694 1417 1696 1417 1696 1021 1694 1020 1697 1417 1696 1020 1697 1418 1698 1418 1698 1020 1697 1019 1699 1418 1698 1019 1699 1419 1700 1419 1700 1019 1699 1420 1701 1420 1701 1019 1699 1018 1702 1420 1701 1018 1702 1421 1703 1421 1703 1018 1702 1017 1704 1421 1703 1017 1704 1422 1705 1422 1705 1017 1704 1016 1706 1422 1705 1016 1706 1423 1707 1423 1707 1016 1706 1015 1708 1423 1707 1015 1708 1424 1709 1424 1709 1015 1708 1014 1710 1424 1709 1014 1710 1425 1711 1425 1711 1014 1710 1013 1712 1425 1711 1013 1712 1483 1713 1483 1713 1013 1712 1012 1714 1483 1713 1012 1714 1011 1715 1483 1713 1011 1715 1480 1716 1480 1716 1011 1715 1010 1717 1480 1716 1010 1717 1211 1718 1211 1718 1010 1717 1009 1719 1211 1718 1009 1719 1212 1720 1212 1720 1009 1719 1008 1721 1212 1720 1008 1721 1213 1722 1213 1722 1008 1721 1007 1723 1213 1722 1007 1723 1214 1724 1214 1724 1007 1723 1006 1725 1214 1724 1006 1725 1215 1726 1215 1726 1006 1725 1005 1727 1215 1726 1005 1727 1216 1728 1216 1728 1005 1727 1004 1729 1216 1728 1004 1729 1217 1730 1217 1730 1004 1729 1218 1731 1218 1731 1004 1729 1003 1732 1218 1731 1003 1732 1219 1733 1219 1733 1003 1732 1002 1734 1219 1733 1002 1734 1220 1735 1220 1735 1002 1734 1221 1736 1221 1736 1002 1734 1001 1737 1221 1736 1001 1737 1222 1738 1222 1738 1001 1737 1000 1739 1222 1738 1000 1739 1223 1740 1223 1740 1000 1739 1224 1741 1224 1741 1000 1739 999 1742 1224 1741 999 1742 1225 1743 1225 1743 999 1742 998 1744 1225 1743 998 1744 1226 1745 1226 1745 998 1744 997 1746 1226 1745 997 1746 996 1747 1226 1745 996 1747 1227 1748 1227 1748 996 1747 995 1749 1227 1748 995 1749 1228 1750 1228 1750 995 1749 1341 1751 1228 1750 1341 1751 1340 1752 995 1749 994 1753 1341 1751 1341 1751 994 1753 1342 1754 1342 1754 994 1753 993 1755 1342 1754 993 1755 992 1756 1342 1754 992 1756 1343 1757 1343 1757 992 1756 991 1758 1343 1757 991 1758 1344 1759 1344 1759 991 1758 990 1760 1344 1759 990 1760 1318 1761 1318 1761 990 1760 1319 1762 1319 1762 990 1760 989 1763 1319 1762 989 1763 1320 1764 1320 1764 989 1763 988 1765 1320 1764 988 1765 1321 1766 1321 1766 988 1765 987 1767 1321 1766 987 1767 1322 1768 1322 1768 987 1767 1323 1769 1323 1769 987 1767 986 1770 1323 1769 986 1770 1324 1645 1324 1645 986 1770 985 1643 1400 1771 1399 1772 1483 1713 1483 1713 1399 1772 1425 1711 1376 1678 1408 1680 1377 1773 1377 1773 1408 1680 1407 1774 1377 1773 1407 1774 1484 1629 1484 1629 1407 1774 1483 1713 1483 1713 1407 1774 1406 1775 1483 1713 1406 1775 1405 1776 1405 1776 1404 1777 1483 1713 1483 1713 1404 1777 1403 1778 1483 1713 1403 1778 1402 1779 1402 1779 1401 1780 1483 1713 1483 1713 1401 1780 1400 1771 1386 1648 1385 1781 1484 1629 1484 1629 1385 1781 1384 1782 1484 1629 1384 1782 1383 1783 1383 1783 1382 1784 1484 1629 1484 1629 1382 1784 1381 1785 1484 1629 1381 1785 1380 1786 1380 1786 1379 1787 1484 1629 1484 1629 1379 1787 1378 1788 1484 1629 1378 1788 1377 1773 1339 1789 1481 1631 1340 1752 1340 1752 1481 1631 1229 1790 1340 1752 1229 1790 1228 1750 1339 1789 1338 1791 1481 1631 1481 1631 1338 1791 1337 1792 1481 1631 1337 1792 1336 1793 1336 1793 1335 1794 1481 1631 1481 1631 1335 1794 1334 1795 1481 1631 1334 1795 1333 1796 1333 1796 1332 1797 1481 1631 1481 1631 1332 1797 1331 1798 1481 1631 1331 1798 1330 1634 1211 1718 1210 1799 1480 1716 1480 1716 1210 1799 1236 1800 1480 1716 1236 1800 1235 1801 1235 1801 1234 1802 1480 1716 1480 1716 1234 1802 1233 1803 1480 1716 1233 1803 1232 1804 1232 1804 1231 1805 1480 1716 1480 1716 1231 1805 1230 1806 1480 1716 1230 1806 1229 1790 1481 1631 1480 1716 1229 1790</p>
        </triangles>
      </mesh>
    </geometry>
  </library_geometries>
  <library_visual_scenes>
    <visual_scene id="Scene" name="Scene">
      <node id="caster_wheel2-node" name="caster_wheel2" type="NODE">
        <instance_geometry url="#caster_wheel2-mesh">
          <bind_material>
            <technique_common>
              <instance_material symbol="Peinture_-_Brillant_____maill______rouge_" target="#Peinture_-_Brillant_____maill______rouge_"/>
            </technique_common>
          </bind_material>
        </instance_geometry>
      </node>
    </visual_scene>
  </library_visual_scenes>
  <scene>
    <instance_visual_scene url="#Scene"/>
  </scene>
</COLLADA>
